subject,AF3,AF4,AF7,AF8,AFz,C1,C2,C3,C4,C5,C6,CP1,CP2,CP3,CP4,CP5,CP6,CPz,Cz,F1,F2,F3,F4,F5,F6,F7,F8,FC1,FC2,FC3,FC4,FC5,FC6,FCz,FT7,FT8,Fp1,Fp2,Fpz,Fz,Iz,O1,O2,Oz,P1,P2,P3,P4,P5,P6,P7,P8,PO3,PO4,PO7,PO8,POz,Pz,T10,T7,T8,T9,TP7,TP8
1,-0.004970789241622572,-0.003190586419753094,-0.004588844797178131,-0.0050705467372134,-0.0012571649029982281,0.001168430335096983,0.0015371472663139405,0.00046902557319222944,0.0006189373897707035,-9.424603174603037e-05,-0.00023037918871250673,0.0014958112874779526,0.0020089285714285643,0.0011937830687830699,0.0018138227513227554,0.0008559303350969966,0.0013552689594356349,0.002065145502645494,0.0013442460317460245,-0.0013784171075837785,-0.0004767416225749336,-0.001903108465608469,-0.0013018077601410893,-0.0020210537918871306,-0.002818011463844793,-0.00158509700176368,0.00030974426807761114,-3.6375661375660784e-05,-0.00012621252204584807,-0.0001625881834215262,-0.0003896604938271736,-0.0010422178130511522,-0.0022508818342151533,0.00048555996472663364,-0.0007826278659612013,-0.0027733686067019456,-0.004590498236331574,-0.005339506172839509,-0.004847883597883587,-0.0006536596119929364,0.0006646825396825484,0.0002612433862433806,0.0009854497354497265,0.0009446649029982469,0.0017427248677248687,0.0015200617283950644,0.001361331569664911,0.0015542328042327906,0.0009044312169312063,0.001198192239858899,0.0007567239858906373,0.0009700176366843061,0.001281415343915333,0.0015007716049382867,0.001257164902998242,0.0006084656084656241,0.0015051807760141193,0.0027750220458553805,-0.0006955467372134014,-0.0005968915343915419,-0.000501543209876552,-0.0019901895943562706,-0.0001515652557319263,0.0006470458553791865
2,-0.01632716049382718,-0.01526179453262787,-0.014357914462081112,-0.014799933862433862,-0.01774526014109347,-0.0031084656084656055,-0.003959986772486775,-0.005004960317460318,-0.00616236772486773,-0.005284942680776018,-0.008183972663139319,-0.003705357142857149,-0.0031905864197530817,-0.002866512345679027,-0.003405533509700175,-0.004034391534391531,-0.00374834656084656,-0.0033035714285714352,-0.0032368827160493847,-0.010817350088183407,-0.012783840388007053,-0.011685405643738976,-0.013069885361552019,-0.01447420634920635,-0.015189594356261025,-0.0140327380952381,-0.0165895061728395,-0.006735559964726618,-0.0076620370370370314,-0.007398037918871255,-0.009300044091710761,-0.010627204585537923,-0.012740850970017634,-0.005472883597883605,-0.010950176366843041,-0.012697310405643748,-0.017023809523809528,-0.018296406525573197,-0.019799933862433863,-0.010664131393298063,-0.0006547619047618906,-0.0018331128747795383,-0.0014451058201058135,-0.00040509259259258537,-0.0025165343915343873,-0.0030351631393297947,-0.0035686728395061783,-0.0024151234567901265,-0.001375661375661386,-0.0014925044091710794,-0.0045298721340387964,-0.0010477292768959392,-0.0017272927689594483,-0.0014842372134038825,-0.0026796737213403855,-0.0010769400352733643,-0.0006889329805996568,-0.003215388007054683,-0.006339836860670203,-0.0012891313932980562,-0.006861221340388015,-0.006344797178130515,-0.004409171075837754,-0.003156415343915338
3,-0.014316027336860687,-0.017086640211640212,-0.014452711640211634,-0.017751322751322754,-0.018449074074074097,0.0005169753086419863,-0.0016479276895943716,0.0013905423280423275,0.008149250440917114,0.0011662257495590814,-0.002288910934744263,0.0011684303350970107,0.0018832671957672055,0.001401014109347445,0.0010863095238095345,0.0005869708994709084,0.008411596119929443,0.001947200176366841,3.913139329806553e-05,-0.009623567019400356,-0.017471891534391534,-0.007609126984126975,-0.017505511463844797,-0.009791115520282171,-0.017739748677248653,-0.007831238977072302,-0.014731591710758378,-0.0011811067019400177,-0.004507826278659598,-0.0008327821869488529,-0.0155682319223986,-0.0011050485008818368,-0.01546020723104058,-0.0034413580246913586,-0.0010819003527336758,-0.010067791005291003,-0.015978835978835988,-0.014410824514991191,-0.01609788359788359,-0.010045194003527338,0.0017664241622574982,0.0013977072310405701,0.004549713403880077,0.003662918871252207,0.0006911375661375584,0.002465277777777764,0.0025661375661375566,0.0016969797178130464,0.0020695546737213404,0.0016815476190476207,0.0018182319223985846,0.0027535273368606717,0.001400462962962968,0.002429453262786605,0.0014864417989417997,0.0020337301587301654,0.0013282627865961148,0.0009143518518518554,-0.0027325837742504418,0.00023148148148145753,-0.002528108465608473,0.0010885141093474396,0.00039076278659612093,-0.00032903439153439407
4,-0.016702491181657855,-0.018490961199294536,-0.015820656966490293,-0.014298941798941799,-0.01589230599647267,-0.011981922398589058,-0.013187830687830682,-0.00935956790123457,-0.012250330687830706,-0.006716269841269837,-0.012912808641975308,-0.008182319223985891,-0.00831624779541446,-0.005740740740740741,-0.0065718694885361605,-0.009268628747795426,-0.009315476190476193,-0.007780533509700179,-0.01142361111111111,-0.017396384479717815,-0.024968033509700175,-0.017410163139329818,-0.024923390652557314,-0.012739197530864195,-0.012181988536155184,-0.01160163139329806,-0.011434634038800703,-0.019326499118165787,-0.018445216049382734,-0.01236772486772488,-0.025537367724867727,-0.017567239858906535,-0.02524305555555556,-0.0182694003527337,-0.017675815696649014,0.00417272927689595,-0.018376873897707244,-0.01649636243386244,-0.017503858024691354,-0.020238646384479735,-0.0012483465608465628,-0.0022778880070546768,-0.002711640211640203,-0.0028984788359788377,-0.004675374779541434,-0.004967482363315701,-0.006215277777777778,-0.005977182539682551,-0.005927028218694895,-0.005430445326278652,-0.0016589506172839507,-0.004683641975308638,-0.004473104056437386,-0.004851190476190479,-0.0034986772486772545,-0.0024322089947089835,-0.003938492063492059,-0.006112764550264563,-0.0026262125220458503,-0.012573302469135784,-0.01252039241622576,-0.006905313051146392,-0.0057953042328042405,-0.009011794532627874
5,0.0008201058201058025,0.0014605379188712755,0.0003913139329805859,0.0008454585537918825,0.0018320105820105806,0.005263999118165788,0.0054723324514991175,0.004334215167548495,0.0035978835978835964,0.0030158730158730204,0.0017140652557319103,0.005665784832451512,0.0051620370370370275,0.004743716931216925,0.004120921516754842,0.0006757054673721336,0.0020910493827160422,0.005766093474426793,0.005123456790123469,0.0033801807760141227,0.0016192680776014167,0.004605930335097005,0.0024548059964726813,0.0026184964726631444,0.0008493165784832415,0.002906194885361561,0.0012213403880070584,0.004292328042328042,0.003143187830687833,0.002894069664903,0.00165288800705469,0.0007975088183421516,0.002196318342151675,0.004417438271604937,0.002099316578483248,0.0013277116402116308,-0.001262125220458557,0.0006062610229276913,0.000227072310405637,0.0029513888888888958,0.0011436287477954183,0.003596781305114642,0.003126102292768957,0.0019863315696649047,0.0035157627865961202,0.004729938271604931,0.004790564373897698,0.0044345238095238135,0.0018171296296296408,0.0022652116402116446,0.002523699294532631,0.0008366402116402136,0.0041319444444444485,0.0036392195767195913,0.001653439153439143,0.0006073633156966646,0.0034573412698412753,0.005065035273368598,0.0008575837742504496,0.0015669091710758384,0.0013756613756613773,0.003710317460317464,0.0014699074074074015,0.002435515873015868
6,-0.02332286155202821,-0.024932760141093486,-0.022982804232804226,-0.024879850088183414,-0.01919312169312169,-0.0034005731922398547,-0.004541446208112863,-0.0046081349206349275,-0.00497354497354497,-0.003948412698412699,-0.009065255731922397,-0.001200947971781328,-0.0015426587301587292,-0.0006740520282186892,-0.0025303130511463764,-0.0004828042328042202,-0.002531966490299827,-0.001751543209876548,-0.0038188932980599746,-0.02528714726631394,-0.019296186067019407,-0.025503196649029978,-0.018804012345679005,-0.02636794532627865,-0.01383873456790125,-0.008374118165784834,-0.013530643738977072,-0.010689484126984138,-0.01294201940035274,-0.010788690476190466,-0.01249173280423281,-0.008741181657848308,-0.010779320987654313,-0.006919642857142867,-0.0009457671957671821,-0.011488095238095231,-0.018931878306878314,-0.01917272927689595,-0.020044091710758355,-0.02526124338624338,-0.0005880731922398748,0.0007269620811287403,-0.0004117063492063422,1.9290123456784658e-05,-0.0005379188712521937,0.0005594135802469303,-0.00033013668430335007,-0.0009303350970017756,0.0012026014109347248,-0.000981040564373906,0.0007556216931216969,-0.010375881834215166,0.0009749779541446211,0.00016258818342152793,0.002573853615520285,-0.00029210758377425095,0.0006211419753086433,0.00019179894179895997,-0.004688051146384462,-0.0013949514991181567,-0.011772486772486768,-0.0019631834215167628,-0.0006376763668430284,-0.012107583774250436
7,-0.012684082892416224,-0.024104387125220457,-0.01862874779541448,-0.02426366843033511,-0.014442239858906525,-0.0014379409171075795,-0.0008625440917107742,-0.00010747354497353881,-0.0010427689594356311,0.00024470899470901107,-0.00046020723104057276,0.0004133597883597892,0.00113536155202823,0.0003141534391534525,0.0010025352733686113,0.0005483906525573234,0.0011800044091710739,0.0003593474426807665,-0.0012213403880070584,-0.021090718694885352,-0.01940310846560847,-0.020364307760141094,-0.019260912698412694,-0.012497244268077587,0.0259975749559083,-0.00918430335097002,-0.009415233686067021,-0.0038144841269841176,-0.00559744268077602,-0.004299492945326279,-0.005773258377425039,-0.004470348324514985,-0.0038365299823633226,-0.005726410934744269,-0.0015586419753086424,-0.005192901234567903,-0.022049713403880095,-0.02221285273368607,-0.022336860670194005,-0.02033399470899471,-0.0005875220458553716,0.00039241622574955927,0.00024029982363316799,-0.00014109347442680525,0.0012566137566137666,0.0013817239858906517,0.0010807980599647146,0.0013607804232804218,0.00038084215167548743,0.00046020723104059184,-0.0004045414462081256,-0.0006365740740740759,0.0005230379188712539,0.0004828042328042445,0.0001951058201058245,0.0004723324514991148,-0.00011739417989420527,0.0014500661375661215,-0.0015035273368606706,5.6216931216922575e-05,0.00024746472663140194,0.0006161816578483196,0.0005853174603174562,-0.0007649911816578515
8,-0.01650187389770723,-0.015207231040564387,-0.013355930335097011,-0.016227954144620794,-0.019374999999999996,-0.007822971781305112,-0.00747960758377425,-0.0066407627865961195,-0.008565917107583764,-0.008218694885361548,-0.004836309523809517,-0.00598655202821869,-0.004988425925925926,-0.005891203703703697,-0.006146935626102287,-0.005608465608465616,-0.006224096119929459,-0.004153439153439152,-0.0063117283950617255,-0.02429949294532628,-0.02274966931216932,-0.02334490740740742,-0.022970127865961205,-0.023677248677248672,-0.022988315696649025,-0.014472001763668422,-0.01520723104056437,-0.009475859788359794,-0.007929343033509707,-0.011687610229276897,-0.007789902998236328,-0.009161155202821862,-0.006647376543209876,-0.008418761022927698,-0.009990630511463837,-0.011630291005291001,-0.015347773368606703,-0.017747464726631405,-0.018435846560846573,-0.0234700176366843,-0.0028946208112874804,-0.0031878306878306943,-0.002687389770723112,-0.002036485890652546,-0.004899140211640228,-0.0031972001763668524,-0.0035493827160493936,-0.0037841710758377348,-0.004822530864197537,-0.0034678130511463876,-0.004689153439153441,-0.003282076719576711,-0.00460923721340388,-0.003544422398589063,-0.004408619929453269,-0.004112654320987645,-0.0024454365079365076,0.0007705026455026472,-0.001406525573192232,-0.0035570987654321064,-0.003007605820105827,-0.002298280423280421,-0.003763778659611996,-0.004530423280423275
9,-0.003849757495590824,-0.003817239858906519,-0.003382385361552038,-0.004389880952380951,-0.004390983245149915,-0.0010080467372134104,-0.001814925044091701,4.960317460316402e-05,-0.0013056657848324587,0.0008404982363315779,-0.0005985449735449819,0.0006641313932980557,0.00017195767195768083,0.0003317901234567936,-6.50352733686018e-05,0.0008763227513227563,0.000709876543209885,0.0006613756613756509,-0.002323633156966494,-0.004660493827160498,-0.0038877865961199146,-0.0038216490299823533,-0.00268683862433863,-0.001971450617283951,-0.0021599426807760082,-0.004636243386243388,-0.0010769400352733712,-0.003196097883597881,-0.0018557098765431962,-0.003357583774250439,-0.0014307760141093456,-0.00343639770723104,-0.0005456349206349083,-0.0036535493827160384,-0.002266313932980605,-0.0014671516754850254,-0.0038999118165784843,-0.0035769400352733682,-0.004068562610229261,-0.00439869929453263,0.001549272486772479,0.0007109788359788288,0.0008641975308641883,0.0010438712522045871,0.0025986552028218583,0.001062610229276886,0.00211805555555555,0.001908619929453263,0.0013966049382716072,0.001124338624338625,0.002266865079365077,0.0022420634920634896,0.0017708333333333465,0.001144179894179892,0.0017730379188712533,0.0014384920634920688,0.0017587081128747784,0.0022012786596119875,-0.0009231701940035242,0.002175374779541453,0.0007953042328042188,0.0007374338624338648,0.0007633377425044097,0.0020045194003527524
10,-0.0030753968253968283,-0.00012235449735451334,-0.003417658730158729,-0.0022398589065255724,-0.0008305776014109183,0.0013618827160494038,0.0009193121693121722,0.003027998236331552,0.0024917328042328,0.00014550264550265354,-0.0009981261022927578,0.0009380511463844832,0.002812500000000013,0.003030202821869485,0.002078373015873035,0.0024211860670194096,0.0018573633156966605,0.0011700837742504525,0.0009374999999999887,0.0003213183421516691,0.0003147045855379279,-0.00043264991181656866,-0.0002662037037037112,-0.00012841710758377742,-0.0006167328042328071,-0.00035548941798941615,0.0009551366843033472,0.002730379188712529,0.00017030423280424596,0.00025518077601411997,0.001254960317460304,0.0026851851851851793,0.0010593033509700145,0.0023600088183421564,0.002415123456790118,0.0019257054673721217,-0.003139880952380941,-0.0018369708994709095,-0.002618496472663141,-0.0017647707231040494,0.00041501322751322407,0.002274029982363311,0.0021241181657848437,0.002579916225749537,0.0024206349206349342,0.0007512125220458521,0.0034479717813051137,0.0012362213403880051,0.003019731040564388,0.002950286596119924,0.003727954144620814,0.0024867724867724973,0.00398974867724867,0.001107804232804245,0.0031095679012345737,0.0013188932980599637,0.0024393738977072227,0.0012985008818342213,0.0020706569664903,0.002268518518518517,0.0029706790123456717,0.0024426807760141063,0.00329420194003527,0.0022178130511463796
11,-0.010355489417989434,-0.007685185185185187,-0.008343805114638447,-0.0035157627865961185,-0.008886684303350968,0.0013233024691357998,0.001561948853615533,0.00022817460317462596,0.0008978174603174651,0.0,-0.0013944003527336882,0.0004635141093474373,0.00022817460317459647,0.002555114638447988,0.001733355379188721,0.0006867283950617222,0.0017796516754850136,0.0022420634920634966,0.0022128527336860594,-0.004829144620811288,-0.00509259259259261,-0.01073082010582009,-0.005825617283950597,-0.010429343033509692,-0.006055996472663132,-0.004606481481481493,-0.008863536155202835,-0.0019615299823633123,-0.0008404982363315536,-0.0018347663139329784,-0.0013866843033509772,0.0010796957671957638,-0.003211529982363317,-0.0012477954144620735,0.0006949955908289347,-0.0015167548500881808,-0.007739748677248677,-0.00873015873015873,-0.006065365961199297,-0.006300705467372141,0.001351962081128739,0.0013899911816578625,0.0017046957671957644,0.0017653218694885318,0.0015162037037036967,0.002228835978835988,0.0018259479717812957,0.0008195546737213254,0.001579585537918874,0.0035201719576719546,0.002340167548500886,0.00397156084656086,0.002000661375661383,0.0010598544973545072,0.0017317019400352723,0.0011193783068783065,0.0009854497354497387,0.0015977733686066888,0.0004061948853615535,0.0012544091710758303,0.0012318121693121829,0.001445656966490301,0.0011259920634920616,0.001870590828924162
12,-8.487654320988441e-05,0.003993055555555545,-0.002232694003527328,0.005110229276895939,0.003143738977072319,0.004485229276895951,0.0056189373897707305,0.0039004629629629563,0.003214285714285711,0.001719576719576718,0.0028428130511463923,0.004533179012345675,0.003819444444444431,0.004670414462081114,0.004249338624338617,0.0016236772486772511,0.004292879188712517,0.006892085537918861,0.005685074955908306,0.004226190476190481,0.007221671075837745,0.004151234567901254,0.008078152557319217,0.0003466710758377248,0.00908785273368607,0.00018959435626102195,0.008656856261022916,0.005749007936507927,0.003941247795414462,0.006033950617283953,0.0028042328042328125,0.002200727513227512,0.001728395061728387,0.0032462522045855237,0.0015255731922398479,0.014932208994708991,0.005137786596119924,0.0037296075837742367,0.003457892416225742,0.0031029541446208064,0.0007170414462081085,0.0017972883597883581,0.0016347001763668371,0.0013817239858906465,0.004791115520282177,0.004601521164021162,0.004692460317460328,0.004554673721340385,0.0032853835978836066,0.003139329805996474,0.0031828703703703637,0.0022591490299823432,0.002912257495590825,0.0017647707231040616,0.0030809082892416205,0.0022828483245149814,0.003249559082892404,0.0028637566137566135,0.0010201719576719472,0.0015900573192239899,0.002099316578483253,-0.0009242724867724733,0.002709986772486765,0.0025986552028218566
13,-0.014154541446208115,-0.011328813932980592,-0.014124779541446204,-0.011178350970017634,-0.009272486772486769,0.003644179894179896,0.0032412918871252104,0.0018893298059964835,0.0014864417989418066,0.0011948853615520155,0.0013905423280423292,0.0041082451499118156,0.0046114417989418025,0.004577821869488534,0.0050369268077601476,0.0037990520282187076,0.004040454144620792,0.004239417989417979,0.0028356481481481427,-0.006914131393298061,-0.005537367724867733,-0.009501763668430328,-0.0070370370370370534,-0.01048225308641976,-0.0072078924162257575,-0.004328703703703703,-0.008096891534391543,-0.0006123236331569692,-0.0007892416225749495,-0.002633928571428582,-0.002180335097001768,-0.005579254850088165,-0.004381613756613764,0.0029039902998236437,-0.0012753527336860672,-0.004498456790123454,-0.013592372134038789,-0.011750440917107573,-0.012937610229276898,-0.005202270723104058,0.0021941137566137605,0.0037775573192240005,0.003277116402116389,0.0032666446208112904,0.005740740740740746,0.0052546296296296455,0.005106371252204582,0.004257054673721342,0.005531305114638452,0.0034176587301587083,0.003314594356261028,0.0022244268077601416,0.005179673721340391,0.0052414021164021145,0.0036458333333333395,0.0035780423280423242,0.0039230599647266315,0.004025573192239857,-0.0005065035273368514,0.001285273368606699,0.0014787257495590782,0.002232694003527335,0.0029128086419753212,0.0019240520282186903
14,-0.00462411816578483,-0.00501708553791887,-0.0040492724867725,-0.004987323633156959,-0.0046180555555555575,0.002008928571428554,0.001251102292768964,0.002014991181657858,0.0019934964726631317,0.00151455026455026,0.0024399250440917137,0.0025562169312169213,0.001964836860670201,0.0012610229276895923,0.002265211640211654,0.0010703262786596057,0.0014423500881834191,0.001819334215167565,0.0017498897707230992,-0.0014908509700176324,-0.0030550044091710808,-0.0023627645502645525,-0.003247354497354509,-0.0006272045855379282,-0.003501984126984138,-0.002831238977072298,-0.0033956128747795362,-0.0004072971781305078,0.0001719576719576739,0.0012858245149911726,-0.0012885802469135808,0.0010587522045855426,-0.0018435846560846507,0.0006723985890652456,-0.0020954585537918714,-0.0024724426807760207,-0.005195656966490308,-0.0049189814814814894,-0.005028108465608475,-0.00241347001763669,0.00124393738977073,0.0006509038800705542,0.0016495811287477857,0.0010830026455026336,0.0013640873015873037,0.0019940476190476175,0.0016032848324515,0.0011144179894179932,0.0025093694885361412,0.0010752865961199363,0.001800044091710756,0.001344797178130512,0.0010785934744268044,0.0014528218694885263,0.0016132054673721353,0.002754629629629645,0.0011678791887125128,0.0015294312169312277,0.00031911375661374496,-0.0019444444444444518,0.000671296296296307,-0.001741622574955897,0.0011502425044091647,0.00037588183421515334
15,-0.0010989858906525554,-0.0022415123456790125,-0.0011226851851851884,-0.0006073633156966629,-0.0012731481481481483,-0.0003229717813051092,-0.001493055555555567,-0.00014825837742504788,-0.0008652998236331668,0.0012433862433862478,-0.0007208994708994762,-0.00031084656084656714,-0.0014142416225749709,0.00012125220458552438,-0.0013078703703703776,0.0009115961199294455,-0.0005368165784832516,-0.0012725970017636694,-0.0013194444444444495,-0.0017476851851851872,-0.002124118165784828,0.0017361111111111015,-0.0030616181657848254,0.00119543650793651,-0.0015542328042327993,0.003181768077601406,4.6847442680767945e-05,-0.00031966490299822903,-0.0021423059964726637,-0.00038855820105821934,-0.0027673059964726746,0.001415895061728385,-0.0018931878306878269,-0.0013668430335097102,0.0022100970017636667,-0.00027777777777778824,-0.0011397707231040645,-0.0011568562610229233,-0.001341490299823632,-0.0011458333333333546,-0.0009314373897707368,-0.0004458774250440979,-0.0013988095238095227,-0.0008647486772486827,-0.0012031525573192228,-0.001991291887125211,7.881393298059952e-05,-0.0024007936507936447,4.629629629630122e-05,-0.0018694885361552043,0.000647045855379183,-0.0019901895943562654,-0.0012257495590828754,-0.0016209215167548516,-0.0011315035273368641,-0.0018579144620811307,-0.001436838624338608,-0.002402998236331569,0.0004072971781305234,0.0016804453262786682,0.0014379409171075882,0.0002193562610229259,0.0013712522045855307,-0.0012351190476190543
16,-0.007207892416225756,-0.009296186067019402,-0.00404761904761905,-0.005777667548500894,-0.010147707231040567,-0.006342041446208101,-0.007932098765432102,-0.006634700176366845,-0.00794146825396825,-0.002457010582010581,0.000392416225749561,-0.004289021164021176,-0.00569113756613757,-0.003975970017636686,-0.004731591710758376,-0.0011105599647266463,-0.0016060405643738979,-0.005265101410934742,-0.007327491181657857,-0.012597001763668438,-0.011371803350970017,-0.009961970899470901,-0.011178902116402122,-0.002513227513227516,-0.008137676366843035,-0.009297288359788367,-0.0097282848324515,-0.009726080246913585,-0.011072530864197537,-0.009599867724867706,-0.010182429453262799,-0.007086640211640204,-0.008100198412698423,-0.009805996472663156,-0.0032853835978836135,-0.008457341269841278,-0.006677689594356252,-0.008075396825396819,-0.008309634038800709,-0.012536375661375658,-0.0024426807760141236,-0.0007462522045855388,-0.0013222001763668403,-0.0011100088183421467,-0.0010686728395061726,-0.002548500881834212,-0.0016782407407407475,-0.0030434303350970054,-0.0004833553791887095,-0.002002314814814797,-0.0005197310405643772,-0.000339506172839496,0.0001884920634920885,-0.0019466490299823586,0.0001603835978836038,-0.0012588183421516803,0.00047123015873015706,-0.0029783950617284054,-0.0013458994708994577,0.0013486552028218746,0.006389991181657853,0.0003924162257495471,0.001501322751322729,0.004930004409171081
17,0.012337962962962953,0.011769731040564384,0.012499448853615517,0.010309193121693126,0.012955246913580253,0.003195546737213409,0.0023688271604938235,0.0010218253968253925,0.0015470679012345619,0.0020921516754850034,0.0008956128747795479,0.0008035714285714243,0.0014313271604938192,0.0010934744268077529,-0.0008140432098765436,-0.00029100529100529494,0.00018628747795412445,0.0010526895943562646,0.00306437389770723,0.012794312169312164,0.011946097883597875,0.010491622574955894,0.011685956790123457,0.008225308641975302,0.007637786596119928,0.007069554673721329,0.006003086419753089,0.005564373897707236,0.0057120811287477945,0.004241071428571431,0.0042565035273368634,0.002724316578483245,0.002638888888888885,0.005332341269841244,0.002044201940035269,0.0015895061728395006,0.013289241622574936,0.013789682539682534,0.01349812610229276,0.012679673721340375,-0.0026675485008818313,-0.0005825617283950774,-0.001852954144620814,-0.0006729497354497349,2.314814814815755e-05,-0.0012505511463844765,0.0004783950617283893,-0.00185405643738977,0.0016699735449735454,-0.0012753527336860672,-0.0006095679012345836,-0.000311948853615511,0.0012577160493827226,-0.0012869268077601581,-0.0004800485008818259,-0.0018347663139329819,2.1494708994714007e-05,-0.0002673059964726568,-0.0025898368606701964,0.0017934303350969905,0.00041225749559082626,0.00013723544973544798,-0.0006272045855379247,-0.002179232804232791
18,-0.01366898148148149,-0.014056437389770728,-0.013547178130511456,-0.008075947971781308,-0.01858906525573193,-0.026665013227513246,-0.028009810405643737,-0.02751267636684304,-0.02357804232804234,-0.022005621693121685,-0.016624228395061717,-0.023758267195767204,-0.022455357142857138,-0.02303571428571429,-0.021103395061728394,-0.01953979276895944,-0.01733300264550265,-0.01956514550264551,-0.02715884038800707,-0.020694995590828914,-0.02710482804232804,-0.023820546737213406,-0.02659667107583772,-0.01671075837742505,-0.019840167548500896,-0.016261574074074067,-0.018610008818342145,-0.031626984126984135,-0.034441688712522046,-0.02971175044091711,-0.034328703703703736,-0.023663470017636676,-0.024080687830687827,-0.034087852733686065,-0.02250551146384481,-0.01666666666666668,-0.009526565255731916,-0.008460648148148155,-0.008238536155202827,-0.024863866843033496,-0.004902447089947092,-0.010345568783068772,-0.008966049382716057,-0.008484898589065256,-0.023257275132275133,-0.019202491181657858,-0.02312224426807761,-0.01716435185185185,-0.01868441358024691,-0.01604883156966489,-0.013951719576719555,-0.013569223985890659,-0.015445326278659594,-0.014186507936507942,-0.012504960317460321,-0.011776344797178127,-0.014941027336860663,-0.018850859788359788,-0.0032297178130511334,-0.01599592151675485,-0.016910273368606708,-0.013828813932980598,-0.013524581128747805,-0.012858796296296302
19,-0.02276565255731921,-0.01862819664902999,-0.023867945326278655,-0.02122960758377425,-0.02357197971781306,-0.008821649029982365,-0.013460097001763663,-0.008250110229276903,-0.008563161375661366,-0.008308531746031732,-0.010922619047619049,-0.005965057319223976,-0.006477072310405658,-0.004640101410934738,-0.005925374779541427,-0.002642195767195774,-0.006758708112874776,-0.005877976190476192,-0.008858575837742487,-0.02126267636684303,-0.021112213403880066,-0.021414792768959436,-0.020137786596119922,-0.021518408289241654,-0.014104938271604965,-0.01944499559082893,-0.019476410934744264,-0.015553350970017654,-0.013081459435626094,-0.014489087301587312,-0.015680114638447977,-0.012017746913580242,-0.016030643738977078,-0.014404761904761894,-0.012468584656084664,-0.013229717813051151,-0.024480820105820138,-0.02325947971781305,-0.022934303350970027,-0.0202524250440917,-0.0035747354497354528,-0.0024999999999999866,-0.005188492063492053,-0.0035912698412698344,-0.0042223324514991355,-0.005154872134038795,-0.0036309523809523875,-0.0033768738977072287,-0.004152336860670193,-0.005805776014109346,-0.002999889770723102,-0.006101741622574963,-0.003935736331569652,-0.004558531746031734,-0.002816358024691365,-0.006311728395061727,-0.0037946428571428437,-0.0036612654320987616,-0.0009187610229277055,-0.007007275132275129,-0.0074134700176367065,-0.003123346560846554,-0.004893077601410948,-0.00645171957671959
20,0.0038905423280423297,0.003982583774250436,0.005250220458553799,0.003489858906525572,0.0036838624338624247,0.0007479056437389702,0.0017267416225749607,0.001356922398589061,0.0005594135802469372,0.002906746031746033,-0.00021494708994708282,0.0013023589065255785,0.0006641313932980661,-0.00014495149911815386,0.000566027336860675,6.503527336862956e-05,-0.002626763668430336,0.0004205246913580162,0.0008647486772486758,0.0031707451499118147,0.000948522927689599,0.0031801146384479693,0.0009126984126984136,0.0023996913580246887,-0.002015542328042328,0.0025203924162257793,0.0011910273368606634,0.0007087742504409168,0.0007517636684303396,0.0023985890652557466,0.00110504850088183,0.003912037037037033,0.00026399911816578185,0.001126543209876544,0.0027540784832451523,0.0020717592592592645,0.004576719576719571,0.004995039682539695,0.004692460317460321,0.0027998236331569677,-4.629629629629428e-05,0.0003598985890652488,0.0005406746031746228,0.0003053350970017663,2.921075837741989e-05,0.0023418209876543104,0.0008829365079365166,-0.0003229717813051265,-0.0006382275132275229,9.038800705467309e-05,-0.00035218253968253253,-0.001293540564373901,-0.0002871472663139446,0.0011111111111111113,8.267195767207303e-06,0.00019620811287477703,0.000568783068783078,0.00022927689594355594,-0.0021428571428571373,0.003161375661375674,-0.000800815696649023,0.0017080026455026584,0.0003791887125220248,-7.054673721340263e-05
21,-3.582451499119926e-05,-0.0006757054673721397,3.6375661375646906e-05,-0.0008256172839506068,-0.0012141754850088227,-0.004194223985890658,-0.003659611992945306,-0.0036981922398589134,-0.004862764550264548,-0.002729276895943572,-0.0021715167548500766,-0.0036596119929453302,-0.0038635361552028305,-0.002073963844797168,-0.0036535493827160384,-0.0019069664902998246,-0.0032837301587301526,-0.0038508597883597923,-0.004898589065255737,-0.0007897927689594388,-0.00038800705467371965,-0.002121362433862427,-0.0019912918871252336,-0.0022145061728394977,-0.0017339065255732033,-0.00316523368606704,-0.003544973544973559,-0.004235008818342163,-0.0031988536155202925,-0.0031828703703703706,-0.004274691358024708,-0.003723544973544969,-0.0049718915343915475,-0.0039004629629629736,-0.004940476190476193,-0.0031988536155202613,-0.00010912698412698235,0.00010857583774252083,-0.00013723544973543583,-0.0013684964726631416,0.0007826278659612135,0.0008928571428571327,0.0007749118165784885,5.842151675484325e-05,-0.0010317460317460295,-0.002378747795414464,-0.001046626984126997,-0.0022415123456790143,-7.991622574955726e-05,-0.0019444444444444466,-5.0154320987649825e-05,-0.0009876543209876437,0.0003147045855379296,-0.0013558201058200964,0.0009082892416225896,-0.0002954144620811172,0.00010802469135803155,-0.001942791005291003,-0.0042824074074074014,-0.003166887125220459,-0.0031481481481481395,-0.003237433862433841,-0.0041385582010581914,-0.002536926807760142
22,-0.014979056437389775,-0.013579695767195771,-0.011907517636684295,-0.009687499999999998,-0.01585813492063492,-0.010854828042328048,-0.005657517636684303,-0.011220238095238103,-0.008635912698412697,-0.010262345679012352,-0.004583884479717807,-0.008521274250440908,-0.007091600529100545,-0.007938712522045867,-0.007464175485008833,-0.007330246913580252,-0.004767967372134042,-0.0073677248677248754,-0.010023699294532623,-0.015179122574955926,-0.011656746031746046,-0.014185956790123452,-0.011787367724867728,-0.015171406525573188,-0.01215773809523809,-0.012239858906525562,-0.009900242504409164,-0.011840828924162262,-0.006588403880070547,-0.013055004409171074,-0.008743386243386239,-0.012857142857142855,-0.007197971781305112,-0.007503858024691362,-0.008302469135802466,-0.0026124338624338647,-0.014017305996472662,-0.014515542328042329,-0.013433090828924174,-0.014842372134038797,-0.0010819003527336776,-0.0020871913580246815,-0.0014109347442680716,-0.002281746031746034,-0.005062830687830679,-0.005557208994708979,-0.0056244488536155175,-0.006255511463844808,-0.004929453262786597,-0.002201829805996456,-0.0013651895943562649,-0.0033460097001763757,-0.0029348544973545002,-0.003871803350970024,-0.0036965388007054838,-0.0017620149911816586,-0.002348434744268083,-0.004699625220458553,-0.0017972883597883633,-0.005564373897707239,-0.003319554673721333,-0.0040178571428571355,-0.005085427689594359,-0.0030588624338624346
23,0.007956900352733689,0.004939925044091711,0.0062422839506172875,0.003779210758377418,0.005960648148148149,0.002727623456790118,0.0018612213403880092,0.0042702821869488455,0.001323302469135805,0.0037632275132274996,0.0015327380952380905,0.00258156966490301,0.0022348985890652644,0.0031029541446208134,0.0012869268077601477,0.0035543430335096965,0.0010405643738977052,0.0013762125220458561,0.0028808421516754758,0.006623677248677257,0.00651510141093474,0.006656194885361556,0.006541556437389781,0.007895723104056441,0.0036915784832451497,0.007248126102292756,0.005168650793650784,0.004906856261022902,0.0038999118165784913,0.004114858906525593,0.004471450617283958,0.005586970899470908,0.0020778218694885546,0.007320877425044087,0.007834545855379193,0.004212962962962979,0.005402336860670202,0.0059782848324514935,0.005897266313932975,0.005079365079365069,0.0012544091710758338,0.0032710537918871144,0.003137125220458545,0.0019251543209876584,0.002355599647266317,0.0006685405643739109,0.0030687830687830715,0.0017796516754850153,0.003785824514991175,0.0009711199294532534,0.004103835978835981,0.0006960978835978925,0.002402998236331569,0.0015498236331569666,0.0031872795414461946,0.0019367283950617355,0.0014147927689594358,0.0019488536155202983,-0.0008272707231040486,0.005081018518518519,0.0022398589065255724,0.0034292328042327958,0.004349096119929438,-0.0004365079365079346
24,-0.03865906084656083,-0.0316495811287478,-0.036134259259259255,-0.031996803350970014,-0.047875881834215164,-0.03214616402116401,-0.03149801587301587,-0.031596119929453256,-0.03228339947089947,-0.02622244268077601,-0.033214285714285724,-0.021304012345679024,-0.02027832892416225,-0.02210097001763668,-0.02421461640211641,-0.016760912698412702,-0.022705577601410933,-0.01970238095238096,-0.029856150793650806,-0.045187389770723105,-0.043286485890652565,-0.03635967813051147,-0.03705357142857144,-0.03935130070546737,-0.03998236331569664,-0.03886904761904762,-0.04029155643738977,-0.041963734567901236,-0.04007660934744269,-0.04229828042328044,-0.030500440917107588,-0.0412940917107584,-0.03613591269841271,-0.04129298941798942,-0.038003747795414454,-0.029266975308641988,-0.042554563492063505,-0.03306437389770722,-0.04834490740740739,-0.04638282627865962,-0.00914406966490299,-0.009979607583774253,-0.012916666666666668,-0.012643298059964725,-0.016520612874779537,-0.01953483245149913,-0.014596560846560861,-0.02003031305114639,-0.01434248236331569,-0.018872905643738978,-0.015471781305114635,-0.01896660052910054,-0.01024140211640212,-0.015376984126984124,-0.010696649029982363,-0.01215443121693122,-0.012823522927689601,-0.016743276014109347,-0.015133377425044088,-0.031031746031746046,-0.024030533509700185,-0.012154982363315695,-0.015631062610229278,-0.022467482363315694
25,-0.011954365079365082,-0.011158509700176383,-0.010073302469135808,-0.010277777777777776,-0.011490850970017645,-0.0030704365079364995,-0.002530313051146404,-0.003238536155202828,-0.0022608024691357885,-0.005165895061728392,-0.0010190696649030016,-0.0024415784832451624,-0.0026598324514991115,-0.0019069664902998055,-0.0028902116402116373,-0.0024432319223986008,-0.003116732804232799,-0.002372134038800702,-0.0022745811287477966,-0.00901785714285714,-0.008789131393298073,-0.008063271604938272,-0.009408619929453278,-0.010368165784832462,-0.009575066137566146,-0.008077050264550266,-0.010520282186948846,-0.005317460317460302,-0.0048126102292768876,-0.006067570546737223,-0.005609567901234564,-0.006845238095238106,-0.006863425925925936,-0.0059826940035273436,-0.006338183421516756,-0.0073109567901234445,-0.008895502645502654,-0.012438271604938272,-0.01132385361552028,-0.007194664902998239,-0.000898368606701937,-0.0017807539682539713,-0.0014021164021164063,-0.0011915784832451422,-0.0018959435626102385,-0.0026653439153439245,-0.0013960537918871283,-0.003224757495590839,-0.002224977954144612,-0.0029337522045855408,-0.0017625661375661548,-0.002782738095238083,-0.0019753086419753065,-0.0018805114638447955,-0.0022095458553791775,-0.0021169532627866063,-0.0018110670194003593,-0.002766754850088194,-0.001291887125220441,-0.002903990299823635,-0.003602292768959438,-0.0007528659611992783,-0.0007208994708994675,-0.0029045414462081105
26,-0.002540784832451494,-0.012289462081128757,-0.00019290123456790903,-0.0027237654320987834,-0.01155753968253969,-0.007104276895943562,-0.006795083774250442,-0.0022304894179894126,-0.0018353174603174573,-0.003008156966490292,-0.0025121252204585477,0.0005450837742504537,0.0019394841269841263,0.000942460317460321,9.534832451498637e-05,0.002788249559082901,-0.0006768077601410939,0.00104332010582011,-0.007073963844797165,-0.013790784832451497,-0.010524140211640193,-0.014715057319223991,-0.010899470899470902,-0.012625110229276898,-0.006871693121693112,-0.006961529982363331,-0.012240961199294548,-0.0070430996472663,-0.009208002645502651,-0.009103835978835975,-0.008979828042328053,-0.0076449514991181675,-0.008398919753086424,-0.00906801146384479,-0.009208002645502644,-0.008721340388007051,-0.010440365961199294,-0.010842702821869478,-0.011327711640211638,-0.01088018077601411,-0.0012786596119929335,0.002382605820105804,0.0016275352733686067,0.0018369708994708939,0.0023848104056437454,0.005019290123456786,0.002749669312169325,0.00018628747795414874,0.003345458553791902,0.00123070987654322,0.0022051366843033535,0.0006189373897707157,0.001883267195767209,0.003383487654320975,0.0018546075837742402,0.0030065035273368415,0.002723214285714282,0.004678130511463843,-0.0027221119929453155,-0.0014048721340388023,-0.008152557319224,-0.0015994268077601428,0.001004188712522048,-0.0008217592592592686
27,0.0033735670194003503,0.007377645502645514,0.004460427689594367,0.008517967372134047,0.0032831790123456633,0.0004359567901234575,2.2045855379199814e-05,0.0009589947089947287,0.0006062610229276948,0.0029585537918871436,-0.0013194444444444408,0.0019025573192239815,0.0005748456790123525,0.0012196869488536113,-6.22795414461988e-05,0.0011585097001763581,0.0012048059964726628,0.0007462522045855527,-0.00035824514991181916,0.0016209215167548446,0.0071401014109347336,0.0023958333333333436,0.012113095238095242,0.0024779541446208024,0.008694885361552022,0.0020634920634920624,0.00619764109347444,0.0008686067019400417,0.0025154320987654244,0.001872244268077597,0.004084545855379195,0.0012505511463844782,0.0033382936507936577,0.0011937830687830768,0.00041225749559083147,0.0032710537918871057,0.006185515873015884,0.007117504409171086,0.004774029982363308,0.002186948853615537,-0.0001135361552028133,0.001334325396825391,0.0012725970017636642,0.0007892416225749477,0.0012257495590828928,0.0014473104056437393,0.0006338183421516833,0.00022817460317460514,0.0018281525573192268,0.0007578262786596141,0.0001862874779541522,-0.0003973765432098812,0.0019786155202821953,0.001119929453262801,0.0007164902998236296,0.0010289902998236195,0.0012924382716049294,0.0014649470899470857,0.0013563712522045909,0.0013216490299823719,0.002072861552028229,0.0010278880070546635,0.0007434964726631375,0.001877755731922389
28,-0.007115850970017656,-0.006791776895943548,-0.007852182539682541,-0.009123677248677263,-0.007620701058201066,-0.0013392857142857095,0.0006779100529100655,-0.00191192680776015,-0.000918209876543211,-0.0001708553791887231,-0.0019835758377425086,0.0003334435626102302,0.00230324074074076,0.00015597442680776938,0.0004998897707231015,0.002051917989417982,0.001721230158730165,0.0005974426807760069,4.7398589065262425e-05,-0.0070232583774250505,-0.0060433201058201075,-0.006059303350970014,-0.0030467372134038787,-0.0038508597883597853,-0.0076195987654320875,-0.0032942019400352806,-0.0003587962962962807,-0.003169642857142843,-0.0028466710758377513,-0.003877865961199288,-0.005841049382716032,-0.0013751102292769053,-0.004428461199294544,-0.0035929232804232866,-0.0008823853615520204,0.0016143077601411086,-0.004958112874779545,-0.007948082010582017,-0.0072486772486772474,-0.007464175485008814,0.00016975308641974975,0.0001576278659611973,0.0006007495590829113,0.0006249999999999884,0.0004679232804233012,0.0004210758377425003,0.0007479056437389858,0.0013492063492063586,0.00017526455026454363,0.0012378747795414504,0.0015839947089947033,0.0006382275132275055,0.0006850749559082787,0.0015106922398589132,0.0008735670194003568,0.0009198633156966493,0.0005417768959435649,0.001371252204585541,-0.0017592592592592694,0.001559193121693116,-0.00040674603174604106,0.001708002645502655,0.001901455026455022,-4.7398589065255486e-05
29,-0.008446318342151673,-0.012293320105820104,-0.010912147266313944,-0.012243165784832451,-0.011743827160493823,-0.0020326278659611972,-0.0015575396825396742,-0.002658179012345699,-0.0014958112874779456,-0.005166997354497341,-0.002844466490299836,-0.005353284832451486,-0.005748456790123464,-0.006151895943562611,-0.00609292328042327,-0.0057027116402116225,-0.006647376543209876,-0.005183531746031738,-0.0013690476190476204,-0.0022911155202822026,-0.006434082892416225,-0.008580246913580239,-0.006460537918871263,-0.008721891534391544,-0.00798445767195767,-0.012254739858906552,-0.009239969135802474,-0.008387345679012344,-0.005876873897707222,-0.00987709435626103,-0.002840608465608449,-0.01040729717813051,-0.01099371693121694,-0.008564263668430345,-0.011733906525573198,-0.010867504409171067,-0.013019731040564368,-0.013625992063492062,-0.01349757495590829,-0.005758928571428568,-0.006883818342151675,-0.006116622574955922,-0.004599867724867722,-0.0060328483245150055,-0.005750661375661364,-0.005066688712522038,-0.0069036596119929315,-0.005485008818342147,-0.006445105820105827,-0.0053863536155202875,-0.0057341269841269735,-0.005331790123456781,-0.0047646604938271515,-0.0033658509700176427,-0.004068011463844792,-0.004150683421516742,-0.0028411596119929487,-0.005676807760141098,-0.008967702821869487,-0.008637014991181672,-0.008565917107583771,-0.007696759259259266,-0.006664462081128749,-0.007779982363315705
30,-0.010523037918871256,-0.012205687830687827,-0.004907407407407416,-0.01228339947089948,-0.012824074074074081,-0.01187279541446206,-0.013371913580246909,-0.010259038800705476,-0.01363260582010584,-0.008139880952380957,-0.01376377865961199,-0.010127865961199287,-0.01053406084656084,-0.010604056437389781,-0.012588183421516748,-0.009366732804232808,-0.01288690476190476,-0.009874889770723119,-0.0138773148148148,-0.02290013227513228,-0.02237764550264551,0.004620260141093482,-0.022602513227513228,0.005602954144620805,-0.02205081569664903,-0.0015310846560846539,-0.010552248677248684,-0.013572530864197515,-0.013093033509700192,-0.011818783068783069,-0.01213403880070546,-0.011449514991181655,-0.010314153439153442,-0.014382164902998242,-0.0028527336860670223,-0.012382054673721339,-0.009161706349206333,-0.009282407407407392,-0.009839065255731895,-0.022485670194003535,-0.006461089065255717,-0.009861662257495591,-0.00871968694885361,-0.009681988536155203,-0.010582561728395064,-0.014541446208112874,-0.009194775132275138,-0.014271384479717805,-0.0009055335097001814,-0.012292768959435617,-0.0105544532627866,-0.010261243386243367,-0.009879298941798939,-0.012269069664903008,-0.00695160934744268,-0.012540784832451492,-0.00933862433862434,-0.01075451940035273,-0.012033730158730147,-0.010543981481481488,-0.012455908289241632,-0.009763558201058172,-0.011151344797178123,-0.011944995590828927
31,-0.010672398589065268,-0.00318783068783067,-0.01119268077601411,-0.005909942680776017,-0.00931712962962963,-0.0004596560846560904,-0.0023798500881834217,-0.0005439814814814752,-0.0031861772486772473,0.0019312169312169277,-0.004015101410934753,-0.0009160052910052972,-0.002577711640211639,-0.00022982804232805042,-0.0035229276895943594,0.0003913139329805859,-0.0036309523809523857,-0.0012566137566137493,-0.0009793871252204538,-0.006961529982363331,-0.00569444444444446,-0.01099041005291007,-0.005936397707231041,-0.006891534391534403,-0.009174382716049406,-0.0069367283950617364,-0.009349647266313935,-0.001506834215167549,-0.002137896825396831,-0.0023010361552028395,-0.002827380952380963,-0.0011678791887125214,-0.0040404541446208,-0.0016793430335097122,-0.0014037698412698394,-0.004824184303350973,-0.01275628306878307,-0.013585207231040557,-0.01337852733686068,-0.005952380952380952,-0.003124448853615524,-0.0026052689594356273,-0.0033862433862433833,-0.0032942019400352598,-0.0020568783068783056,-0.0037218915343915377,-0.0014406966490299756,-0.003887786596119932,-0.0007930996472663154,-0.0041881613756613745,-0.0012141754850088244,-0.004311067019400358,-0.0015073853615520313,-0.004821979717813051,-0.0023567019400352798,-0.004230048500881829,-0.0032407407407407437,-0.0028356481481481392,-0.0027480158730158796,0.0024123677248677373,-0.002104276895943549,-0.0009055335097001831,0.00097993827160495,-0.002916115520282177
32,-0.00024856701940035447,0.00036541005291005485,0.00014550264550265354,-0.0006972001763668571,-0.0003687169312169315,0.00038966049382716146,0.0008967151675484883,0.0005335097001763749,0.00031139770723103387,0.0002154982363315825,-0.0010885141093474396,0.0012411816578483306,0.0011552028218694797,0.0008234126984127104,0.0010956790123456822,0.001152998236331559,0.0018248456790123518,0.0010361552028218673,0.0013370811287478045,0.000205026455026458,3.913139329806206e-05,-9.589947089948606e-05,-0.00035218253968254815,0.0005191798941798862,0.0023396164021163984,-0.0005952380952380862,0.0025231481481481424,0.0011959876543209975,0.0008019179894180068,0.0010554453262786607,-0.00040399029982362937,-0.0003582451499118053,-0.0025992063492063355,-0.00030533509700176806,0.000998126102292777,-0.0015432098765432046,0.0005373677248677322,-0.0005489417989417988,-0.0010471781305114829,-0.00016644620811288174,0.0001499118165784758,0.0012803130511463649,0.0013982583774250473,0.0013651895943562684,0.0022211199294532614,0.0028587962962962864,0.0016628086419752906,0.0009507275132275197,0.0012147266313933067,0.002609126984126974,0.0014869929453262785,0.002262455908289253,0.0009975749559082842,0.0016027336860670316,0.0006139770723104076,0.0018000440917107542,0.0004061948853615466,0.002953593474426806,-0.0002595899470899353,0.00022982804232805562,-0.0011910273368606738,-0.00022872574955907533,0.00016093474426808266,5.897266313932906e-05
33,0.004357914462081128,0.006444554673721334,0.006073082010582008,0.00796461640211639,0.00468474426807762,0.004130291005291012,0.0024211860670194027,0.0045943562610229315,0.004198633156966497,0.0032220017636684223,0.004595458553791884,0.0028830467372133947,0.002137896825396836,0.004491843033509701,0.003113425925925924,0.0008140432098765454,0.0038701499118165873,0.0027535273368606786,0.0026499118165784936,0.0024807098765432106,0.003974316578483256,0.0046946649029982294,0.005405092592592583,0.0045364858906525585,0.007652667548500875,0.004265873015873008,0.007100418871252203,0.004124228395061737,0.00280202821869489,0.004072420634920641,0.003606150793650797,0.0031321649029982454,0.004949294532627862,0.002578262786596116,0.0004348544973544824,0.005921516754850087,0.007172619047619053,0.007647156084656076,0.007978395061728392,0.002942019400352734,-0.0003615520282186889,0.0010791446208112815,0.0022685185185185187,0.0015922619047619123,0.003169091710758378,0.002848324514991169,0.0039004629629629597,0.0021615961199294483,0.001979166666666657,0.001545414462081127,0.0010758377425043996,0.0016683201058201123,0.0016771384479717794,0.0016054894179894155,0.001698633156966495,0.0018457892416225783,0.002231591710758374,0.0029376102292768876,-0.0017173721340388078,2.1494708994694925e-05,0.001879960317460308,0.00253251763668429,0.0019488536155202792,0.001429673721340393
34,0.0059871031746031676,0.0034457671957671965,0.005574294532627871,0.003629298941798951,0.00681933421516754,0.007644951499118169,0.007406305114638434,0.005190145502645511,0.006936177248677237,0.0075281084656084645,0.006300154320987652,0.006819334215167543,0.006913029100529081,0.008096891534391535,0.005861992945326274,0.00933531746031746,0.00765542328042329,0.005374228395061737,0.006619268077601409,0.008338844797178117,0.00681878306878307,0.014054783950617286,0.0062020502645502695,0.011997905643738982,0.0034104938271605108,0.00596615961199295,0.003268298059964727,0.007927689594356253,0.0073936287477954065,0.008083112874779556,0.007154431216931222,0.007291666666666681,0.006458333333333328,0.009808752204585528,0.005472332451499126,0.005553902116402099,0.004996693121693121,0.004115410052910051,0.004650573192239854,0.00836309523809524,0.0060003306878307116,0.0048269400352733745,0.005023699294532626,0.0060163139329805874,0.006600529100529103,0.006087962962962962,0.00640321869488536,0.00522100970017636,0.006137566137566136,0.005105268959435635,0.005516424162257489,0.005216600529100526,0.006618165784832441,0.004489638447971782,0.006175044091710741,0.0043501984126984045,0.0065090388007054715,0.005917107583774235,0.00296626984126984,0.006443452380952399,0.005071097883597899,0.006790674603174602,0.005515321869488528,0.00441523368606701
35,-0.006525573192239856,-0.0049443342151675555,-0.005017085537918867,-0.00490189594356262,-0.008160273368606693,-0.003731261022927687,-0.0014070767195767248,-0.0023208774250440926,0.0015564373897707165,-0.0027375440917107585,-0.001829254850088169,-0.0017906746031746048,1.9290123456784658e-05,-0.0006128747795414446,0.00010637125220458107,-0.0009468694885361537,-0.0005869708994708945,-0.0012014991181657948,-0.0022922178130511395,-0.006559193121693115,-0.0071615961199294545,-0.005693893298059971,-0.007001763668430333,-0.006286926807760135,-0.006033399470899467,0.00874007936507935,-0.005948522927689576,-0.005037477954144616,-0.0066054894179894096,-0.008276565255731921,-0.005909391534391531,-0.007960758377425044,-0.0058377425044091776,-0.006202050264550257,-0.00450892857142858,-0.005066137566137574,-0.006919091710758364,-0.006114969135802464,-0.006219686948853612,-0.007183641975308651,0.00010857583774251042,0.00016754850088183948,0.0001256613756613796,0.00047949735449734875,0.0008068783068783027,0.0016892636684303249,0.0011844135802469118,0.002053571428571441,0.0009507275132275145,0.0014688051146384464,0.0013916446208112904,0.001956018518518527,0.0007016093474426846,0.00029541446208111895,0.0007005070546737251,0.0014654982363315663,0.00031249999999998987,0.0017609126984127008,-0.0051647927689594305,-0.001367394179894163,-0.002883597883597865,-0.0032374338624338497,0.001495260141093479,-0.0009882054673721382
36,-0.010615079365079369,-0.011726741622574945,-0.010602402998236327,-0.011387786596119942,-0.011079695767195773,0.003772597001763682,0.0021819885361551855,0.004740961199294541,0.0006834215167548438,0.003654100529100538,0.0009132495590829064,0.003752204585537919,0.0008862433862433829,0.004795524691358034,0.0004921737213403783,0.0036849647266313946,0.0005268959435626181,0.0019653880070546782,0.002992173721340384,-0.006729497354497363,-0.005152116402116404,-0.007681327160493828,-0.003621582892416219,-0.00492669753086419,-0.010267857142857148,-0.006927910052910057,-0.011021274250440916,0.0003775352733685969,3.913139329806553e-05,0.0005621693121693194,-0.0017052469135802571,0.00010582010582011608,-0.001123787477954153,0.00043430335097002434,0.0023197751322751245,-0.0022916666666666675,-0.01353505291005292,-0.014462632275132281,-0.014304453262786593,-0.008328373015873032,0.00226466049382717,0.0038999118165784757,0.004088955026455027,0.005036375661375646,0.004423500881834221,0.003578042328042326,0.004363425925925934,0.002867614638447976,0.004257054673721334,0.0024707892416225806,0.003928020282186957,0.004030533509700174,0.003898258377425046,0.003247354497354504,0.0031145282186948956,0.003179012345679008,0.0035438712522045963,0.0034661596119929493,0.0003108465608465498,0.003774250440917115,0.0009446649029982383,0.0022426146384479477,0.0037588183421516843,0.002621252204585542
37,-0.00883046737213403,-0.01180665784832451,-0.009002976190476176,-0.010113536155202815,-0.010844907407407407,-0.0012940917107583695,-0.00335207231040565,-0.0006371252204585461,-0.0031442901234567944,-0.003012014991181665,-0.0033151455026455036,-0.0019995590828924097,-0.003463955026455034,-0.002605820105820115,-0.003427579365079373,-0.0025639329805996498,-0.0012147266313933015,0.007089395943562601,0.005787588183421535,-0.003266644620811287,-0.009023919753086421,-0.013315145502645485,-0.0090817901234568,-0.01335923721340387,-0.010537367724867717,-0.012905092592592603,-0.008070987654320978,-0.004081238977072325,-0.0032958553791887224,-0.008445216049382719,-0.004996693121693107,-0.0033256172839506073,-0.007308752204585543,-0.0034463183421516684,-0.0032457010582010466,-0.0040988756613756575,-0.011592813051146381,-0.012108134920634925,-0.012411265432098768,-0.0023831569664902914,-0.0014528218694885384,-0.0012422839506172761,-0.0015856481481481468,-0.0015057319223985965,-0.001896494708994714,-0.004402006172839496,-0.002495039682539677,-0.003955026455026451,-0.0023506393298060087,-0.0008344356261022895,-0.003460648148148152,-0.0004243827160493874,-0.000973324514991181,-0.0022095458553791983,-0.0013585758377425133,-0.0024107142857142955,-0.0008267195767195853,-0.0004409171075837777,-0.001914131393298043,-0.0016506834215167555,-0.002298831569664905,-0.0008934082892416133,-0.00386188271604938,-0.0015961199294532748
38,-0.006644620811287491,-0.006602733686067041,-0.006269290123456785,-0.00730103615520282,-0.006401565255731923,-0.0018264991181658006,-0.0009562389770723188,-0.002067901234567895,-0.001464947089947084,-0.0024167768959435544,-0.0017333553791887262,-0.0012533068783068917,-0.0007308201058200976,-0.0017526455026454849,0.00046626984126983857,-0.0015481701940035283,-0.0011392195767195856,-0.001086309523809519,-0.001173941798941815,-0.005258487654320989,-0.0038497574955908397,-0.005815696649029997,-0.006171186067019408,-0.006137566137566157,-0.005562169312169322,-0.005917107583774247,-0.006834215167548502,-0.002745260141093473,-0.002370480599647274,-0.002851080246913589,-0.003202711640211643,-0.0050771604938271535,-0.0020331790123456744,-0.0024487433862433843,-0.0030566578483245156,-0.003549933862433857,-0.006881613756613766,-0.006713514109347445,-0.007324735449735449,-0.0027116402116402205,-0.0007688492063492071,-0.0008041225749558876,0.0005720899470899581,5.3461199294531705e-05,-0.00029596560846561863,-0.00029431216931217336,-0.0011375661375661317,-0.0001570767195767115,-0.0013629850088183373,-0.00023589065255732317,-0.0019863315696648925,-0.00023203262786597543,4.5194003527343485e-05,3.3068783068778904e-05,0.0003174603174603118,0.000330136684303357,0.0006949955908289139,-0.00018242945326276717,-0.0019108245149911827,-0.0015801366843033512,-0.0020971119929453132,0.00027998236331569677,0.0004607583774250395,-0.00048335537918871817
39,-0.004620260141093478,-0.00604883156966491,-0.004460978835978832,-0.0055186287477954205,-0.0025832231040564396,-0.0013056657848324535,-0.0022530864197530913,-0.00093639770723105,-0.001406525573192239,-0.0008101851851851968,-0.002959104938271605,-0.0011033950617283916,-0.0012962962962962867,-0.0010885141093474483,-0.0015790343915344039,-0.001209215167548506,-0.0025826719576719434,-0.0011122134038800777,-0.0017261904761904784,-0.0020855379188712588,-0.0024327601410934815,-0.0026504629629629604,-0.0036777998236331624,-0.004900242504409168,-0.005522486772486771,-0.005310846560846558,-0.007390873015873009,-0.00034005731922399224,-0.002182539682539692,-0.0014015652557319222,-0.0029122574955908424,-0.0017080026455026428,-0.002627314814814815,-0.001767526455026456,-0.0024889770723104023,-0.003943452380952384,-0.00652336860670194,-0.006080798059964721,-0.005962852733686066,-0.0013910934744268012,0.0007401895943562643,0.0006911375661375705,-0.00011408730158731124,-3.086419753086864e-05,-0.0007848324514991116,-0.0012477954144620891,-0.000863095238095227,-0.0013536155202821844,-0.0005037477954144571,-0.0009215167548500772,-0.000349426807760133,-0.0013040123456790412,0.0004480820105820151,-0.00043375220458553854,0.001254960317460311,0.0010763888888888871,-0.0009171075837742584,-0.0005516975308642071,-0.003037918871252208,-0.0009799382716049257,-0.0023175705467372264,-0.0007225529100529076,0.00030919312169313054,-0.0027491181657848373
40,-0.012390321869488548,-0.011386133156966481,-0.011457782186948847,-0.010761133156966477,-0.012314814814814815,-0.0051884920634920634,-0.003003196649029984,-0.004681437389770747,-0.004115410052910046,-0.004206349206349191,-0.0036083553791887053,-0.003449074074074068,-0.002436067019400339,-0.0015972222222222178,-0.0027182539682539843,-0.001929012345679014,-0.0021704144620811336,-0.0017708333333333395,-0.0031227954144620856,-0.009424052028218695,-0.008385141093474425,-0.009018959435626113,-0.0078180114638448,-0.008428130511463853,-0.007646053791887129,-0.0052237654320987665,-0.008050044091710758,-0.006509038800705472,-0.007122464726631405,-0.006769179894179899,-0.0056575176366843016,-0.006950507054673729,-0.0033730158730158766,-0.0066622574955908336,-0.00410769400352734,-0.003441358024691349,-0.012971781305114623,-0.013080357142857145,-0.013289792768959448,-0.009575066137566129,-0.0019378306878306897,-0.0018623236331569773,-0.002901785714285723,-0.0020271164021164,-0.002071208112874784,-0.0004905202821869452,-0.0021671075837742613,-0.003138227513227513,-0.0013977072310405667,-0.0008393959435626314,-0.0017289462081128693,-0.0022833994708994585,-0.0012274029982363328,-0.001279761904761906,-0.0019091710758377418,-0.0012097663139329804,-0.00197475749559084,-0.0024002425044091624,-0.002615189594356253,-0.003973765432098781,-0.002559523809523797,-0.0010664682539682615,-0.002128527336860685,-0.0025644841269841373
41,-0.007836199294532619,-0.010133377425044093,-0.010632164902998231,-0.009080687830687845,-0.009049823633156952,-0.0017013888888888773,-0.0020375881834215175,-0.0029596560846560857,-0.00267857142857144,-0.0033801807760140915,-0.0034777336860670246,0.00045910493827159074,-0.0006007495590828922,-0.00017691798941799584,-0.0017609126984126974,-0.002454805996472671,-0.0025992063492063476,-0.001514550264550274,-0.0019246031746031587,-0.004970789241622572,-0.00928240740740742,-0.00789792768959436,-0.01262896825396826,-0.007864307760141083,-0.012288910934744268,0.005335648148148143,-0.005923170194003537,-0.0045127865961199255,-0.00324680335097002,-0.0070353835978835995,-0.004532076719576703,-0.003526785714285715,-0.002178130511463849,-0.0038172398589065293,-0.00541721781305116,-0.005322420634920642,-0.010202821869488544,-0.010466269841269821,-0.010244157848324519,-0.005094797178130515,-0.0008134920634920717,0.00047729276895945756,-0.0006542107583774204,-0.0008746693121693041,-0.0016468253968254139,0.0007633377425044184,-0.0016495811287477943,0.0009402557319223952,-0.0011221340388007112,-0.0018292548500881967,-0.00228174603174602,-0.0017410714285714356,-0.0008697089947089925,-0.0026140873015873135,-0.0015277777777777755,-0.0016826499118165732,-0.0010923721340387986,-0.0006250000000000144,-0.001268738977072307,-0.002313161375661378,-0.003279320987654313,-0.00042989417989418473,-0.002554563492063495,-0.0023043430335097006
42,-0.0036160714285714234,-0.008434744268077613,-0.0037031525573192198,-0.003493165784832459,-0.0037141754850088214,-0.0006062610229276861,-0.0017675264550264715,-0.0003334435626102354,-0.0006459435626102392,-0.00048445767195767764,-0.0015338403880070604,-0.001622023809523811,-0.0017350088183421368,-0.0011899250440917178,-0.001471009700176374,-0.0013789682539682557,-0.0009848985890652442,-0.0013244047619047593,-0.0017261904761904714,-0.004292328042328038,-0.009307760141093472,-0.004220679012345678,-0.009446649029982369,-0.005157627865961207,-0.009088403880070556,-0.005061728395061714,-0.002430555555555566,-0.002107032627865945,-0.001083553791887116,-0.002088844797178125,-0.0016324955908289269,-0.0010322971781305153,-0.0017972883597883738,-0.0012240961199294562,-0.0009060846560846585,-0.0010697751322751355,-0.003073192239858913,-0.0021500220458553904,-0.003198302469135803,-0.0019714506172839423,-0.0002044753086419774,0.0002485670194003649,1.432980599646444e-05,0.0002684082892416232,-0.0022398589065255655,-0.002643849206349193,-0.0018727954144620706,-0.0017906746031746083,-0.00043375220458553333,-0.0006024029982363323,0.0004811507936507871,-0.00032297178130513346,-0.0010168650793650705,-0.00100143298059965,-0.00014495149911817815,0.0003240740740740704,-0.0016832010582010642,-0.001824845679012338,0.0006707451499118229,-0.00042383156966490504,-0.0008283730158730167,0.0011816578483245157,-0.00042548500881832776,-0.0008085317460317532
43,-0.0072878086419753095,-0.008376322751322753,-0.007251984126984128,-0.006252755731922403,-0.00631779100529101,-0.0010091490299823612,-0.0007192460317460465,0.0028124999999999904,-0.000204475308641993,0.0012312610229276919,0.0003990299823633213,0.0020447530864197514,0.0008355379188712628,0.0027761243386243434,0.0017504409171075867,0.002523699294532611,0.001753196649029962,0.004521604938271608,-0.00116843033509699,-0.002032076719576701,-0.0051223544973544935,-0.003967151675485,-0.0073076499118165834,-0.006287477954144596,-0.0016798941798941598,-0.0030208333333333337,0.0013403880070546569,-0.00438988095238094,-0.0036612654320987495,0.004313271604938268,0.0009799382716049465,-0.00010637125220457067,-0.0031619268077601476,0.0005649250440916999,0.0013894400352733715,-0.0014098324514991226,-0.009767967372134055,-0.0109319885361552,-0.010793650793650807,-0.00473765432098764,0.0013018077601410633,0.0019841269841269823,0.0011177248677248803,0.002712742504409167,0.0027612433862433793,0.001880511463844813,0.0025666887125220406,0.0020111331569664815,0.0019830246913580245,0.002492283950617279,0.002936507936507935,6.448412698411427e-05,0.0032357804232804235,0.0011138668430334987,0.0032390873015872967,0.0024757495590828765,0.002227182539682536,0.0032324735449735364,-0.0008030202821869559,0.002004519400352723,-0.0017339065255731947,-0.005175815696649034,0.0016947751322751265,0.00011078042328042242
44,-0.0007231040564373917,-0.012267416225749554,-0.002464175485008803,-0.012081128747795405,-0.005055114638447947,-0.0003003747795414305,-0.002729828042328051,0.000692791005290995,-0.0016319444444444393,0.0013150352733686272,-0.0005213844797178138,0.0006955467372134067,0.00044532627865961905,0.0023925264550264617,-0.0006437389770723063,0.003143738977072333,0.0006112213403880046,7.054673721340957e-05,-0.0012615740740740782,-0.0028643077601410993,-0.004804343033509708,-2.8108465608477767e-05,-0.01157407407407407,-0.002384810405643721,-0.01195326278659612,0.0007991622574955864,-0.011788470017636686,-0.0021593915343915415,-0.0015873015873015817,0.0013326719576719805,-0.004362323633156973,0.002135692239858898,-0.00247740299823632,-0.0019069664902998384,0.0027810846560846446,-0.002437720458553779,-0.0036585097001763656,-0.0052882495590829,-0.004991181657848308,-0.004665454144620836,0.003898809523809537,0.00529817019400353,0.005798611111111095,0.00570767195767196,0.0029100529100529113,0.0018336640211640137,0.002777777777777782,0.0018705908289241534,0.0033597883597883734,0.0023567019400352694,0.004035493827160489,0.002786044973544975,0.003603946208112883,0.00457837301587301,0.00460152116402116,0.004177138447971778,0.0045651455026454995,0.002452601410934759,-0.0018700396825396867,0.0009733245149911775,0.004635692239858909,0.0016446208112874706,0.0021395502645502693,0.001576278659611987
45,-0.007432760141093467,-0.006588403880070551,-0.005594135802469133,-0.009715608465608472,-0.005467372134038792,0.004080687830687817,0.0018011463844797328,0.001492504409171088,-0.0007633377425044011,0.000865850970017637,-0.003500881834215177,0.005485008818342144,0.004848985890652562,0.0030566578483244983,0.0017195767195767042,0.0017691798941798752,0.0010526895943562473,0.005245811287477951,0.0030445326278659528,-0.0021009700176366844,-0.004224537037037027,-0.002726521164021195,-0.0038436948853615704,0.0031608245149911812,-0.0012351190476190405,0.007188602292768943,0.001936728395061725,0.0007870370370370444,-0.0022922178130511464,0.0007236552028218532,-0.0020690035273368684,0.0009446649029982504,-0.005663580246913592,0.0004662698412698299,0.006420855379188708,-0.005307539682539695,-0.01051421957671958,-0.01340332892416226,-0.00879409171075838,-0.003166887125220459,0.0024079585537918925,0.0033735670194003607,0.004259259259259244,0.0045662477954144486,0.004995039682539677,0.0028891093474426935,0.0036678791887125133,0.002577711640211644,0.004559082892416223,0.0031007495590828806,0.004624118165784834,0.000958443562610236,0.004835207231040573,0.005981591710758355,0.0037852733686067064,0.004812610229276898,0.0037610229276896015,0.0043529541446208075,-0.00023864638447972097,0.002788249559082908,-0.005076058201058192,0.005998126102292778,0.00415784832451499,-0.000491071428571431
46,-0.010224316578483243,-0.011960427689594348,-0.011723434744268076,-0.010931988536155209,-0.009960317460317456,0.00016479276895942606,0.0011915784832451405,-4.9052028218690355e-05,0.0014776234567901187,0.00014109347442681046,-7.550705467372631e-05,0.001432980599647275,0.00140046296296298,0.0001995149911816537,0.0011078042328042468,0.0009060846560846672,0.0013128306878307083,0.0010852072310405664,0.0005720899470899338,-0.00898478835978836,-0.009801036155202825,-0.009050925925925924,-0.009640101410934743,-0.011008046737213412,-0.012058531746031758,-0.011385030864197534,-0.01205412257495592,-0.0008239638447971754,-0.0001592813051146287,-0.002042548500881824,-0.0005798059964726657,-0.003717482363315712,-0.0026989638447971823,-0.00025683421516755657,-0.0034380511463844906,-0.0023776455026455114,-0.013586309523809516,-0.013514660493827149,-0.014653880070546748,-0.005575396825396832,-0.00026124338624337363,0.00020778218694885407,0.00036375661375660784,0.0005550044091710889,0.0009573412698412904,0.0015371472663139214,0.0010670194003527273,0.002508267195767206,0.0005125661375661415,0.0013707010582010518,0.0002772266313932799,0.0008443562610229455,0.0013646384479717756,0.001213624338624349,0.0004888668430335329,0.0006999559082892411,0.0013398368606701919,0.0010488315696649021,-0.0003676146384479686,-0.0003246252204585475,-0.0007479056437389824,0.00011463844797179705,0.001065917107583773,0.0005649250440917086
47,-0.007433311287477949,-0.005086529982363315,-0.005563271604938254,-0.007657627865961192,-0.008220899470899476,-0.004142416225749557,0.00186232363315696,-0.011518959435626107,-0.00862048059964727,-0.011246693121693112,0.0006283068783068842,-0.0078554894179894,-0.009189263668430325,-0.011356922398589066,-0.009861662257495584,-0.009668209876543207,-0.005492173721340397,-0.009899691358024685,-0.007877535273368614,-0.009404210758377426,-0.007638337742504414,-0.010951829805996478,-0.00589506172839506,0.0025275573192239907,-0.00869047619047619,-0.012567239858906513,-0.0072183641975308716,-0.013027998236331564,-0.013822200176366845,-0.013375220458553778,-0.011103946208112874,-0.013260582010582021,-0.0030224867724867807,-0.013296957671957679,-0.011588403880070559,-0.01139825837742504,-0.007664241622574952,-0.007745260141093474,-0.005336750440917106,-0.00863646384479718,-0.009562940917107583,-0.010207782186948865,-0.011629739858906533,-0.011703593474426812,-0.013071538800705471,-0.012030974426807773,-0.013606150793650799,-0.011547619047619053,-0.011200947971781311,-0.012844466490299824,-0.012291666666666666,-0.012587632275132286,-0.011452270723104067,-0.011400462962962963,-0.010957892416225766,-0.0123313492063492,-0.010311397707231024,-0.01250551146384481,-0.012922178130511474,-0.014089506172839505,-0.010848765432098773,-0.01498291446208114,-0.010860890652557308,-0.010879629629629635
48,0.004430114638447976,0.005057319223985897,0.004583884479717819,0.004960317460317458,0.002715498236331576,-4.739858906526069e-05,0.0012246472663139385,0.0009893077601411011,0.0011463844797178057,0.00018518518518517713,-0.00014219576719575779,0.001535493827160483,0.00020392416225750373,0.001143077601410929,0.0009744268077601509,0.0010240299823633236,0.0005318562610229331,0.0014109347442680855,0.0017636684303350952,0.002114748677248684,0.003319003527336852,0.0023484347442680707,0.0036166225749559022,0.003352072310405638,0.0017074514991181691,0.0032071208112874755,0.0028031305114638583,0.0013949514991181602,0.001090167548500878,0.0011563051146384479,0.0005373677248677287,0.0009937169312169408,0.0003235229276895898,0.0011833112874779419,0.000430445326278674,-0.0001482583774250392,0.004195877425044089,0.0038260582010581964,0.003947310405643736,0.0021241181657848524,0.0004640652557319283,0.0005478395061728272,0.0007627865961199309,0.0008256172839506172,0.001288580246913579,0.0009374999999999939,0.0011640211640211624,0.0008961640211640164,0.0010918209876543128,0.0007716049382716153,0.0005935846560846583,5.621693121694339e-05,0.0012874779541446214,0.00036265432098764837,0.0005125661375661415,0.0010631613756613804,0.0010532407407407296,0.0013591269841269921,0.0010345017636684377,0.00035604056437389155,0.0004354056437389769,0.0005219356261022805,0.00025242504409171175,0.0015553350970017605
49,-0.0011634700176366905,-0.001288580246913567,-0.0015062830687830667,-0.0020618386243386293,-0.002221119929453258,-0.0005428791887125278,-0.0005158730158730147,0.0008829365079365027,-0.0008917548500882028,3.5824514991181916e-05,0.00044201940035273717,-0.000731922398589057,3.858024691359013e-06,-0.0005533509700176541,-0.000310295414462064,-0.001484237213403872,-0.0005930335097001655,-0.0009551366843033593,-0.001099537037037055,-0.0017074514991181587,0.002388668430335094,-0.0018000440917107716,0.0020717592592592593,-0.0002706128747795387,-0.00120811287477955,-0.0017669753086419805,-0.0012604717813051117,-0.0011370149911816597,0.0019543650793650835,-0.0009628527336860773,0.0038784171075837807,-0.0014070767195767213,-0.0006773589065255832,-0.0012246472663139298,-0.0002050264550264528,-0.0005753968253968209,0.00028935185185184273,-0.0005682319223985904,-0.0009656084656084647,0.007276785714285722,0.00042989417989418993,-0.0005213844797178138,0.00029651675485009577,0.00036706349206349145,-0.001431878306878305,-0.000165343915343924,-0.00038470017636684124,-0.0006746031746031628,-0.0005048500881834114,0.0006657848324514905,-0.0010295414462081192,0.0006150793650793688,-0.0006988536155202747,-3.9131393298070735e-05,-0.0010119047619047573,0.00017802028218694838,-0.0009104938271604877,0.00018077601410934965,-0.0002695105820105844,-1.5983245149920125e-05,-0.00018077601410934965,0.0006316137566137643,-0.00031856261022926435,-0.000387455908289246
50,-0.03422012786596121,-0.02908344356261023,-0.03419918430335096,-0.02358630952380953,-0.02883763227513227,-0.008539462081128737,-0.009907407407407412,-0.009314925044091718,-0.009434523809523827,-0.010991512345679006,-0.012724316578483249,-0.0008316798941798917,-0.00238260582010583,-0.007041997354497355,-0.004634589947089936,-0.004603174603174599,-0.007534722222222219,-0.0021340388007054477,-0.00873346560846561,-0.02373181216931219,-0.027849977954144633,-0.026599426807760132,-0.028101851851851864,-0.024282958553791888,-0.025195656966490305,-0.023663470017636697,-0.02553516313932981,-0.015299272486772496,-0.016382275132275137,-0.01685019841269841,-0.01706294091710758,-0.0198445767195767,-0.01953152557319225,-0.013812279541446213,-0.01713679453262787,-0.014472001763668417,-0.027431106701940038,-0.0290790343915344,-0.030691688712522057,-0.015147156084656072,-0.006202050264550273,-0.0018546075837742523,-0.000264550264550259,0.00059082892416225,-0.0014765211640211696,-0.0009016754850088224,-0.0013150352733686081,-0.0019075176366842948,-0.0015393518518518612,-0.002606922398589062,-0.0006795634920634952,-0.0021064814814814783,0.0010014329805996432,-0.0008019179894179947,-0.0013304673721340546,0.00011959876543209819,0.0005147707231040449,-0.0006013007054673745,-0.006036155202821861,-0.00799052028218697,-0.014575066137566133,-0.002399691358024694,-0.001125992063492046,-0.004955908289241624
51,-0.024060846560846567,-0.024515542328042338,-0.018039021164021174,-0.02432484567901235,-0.02188657407407406,-0.0069560185185185315,-0.0078075396825397075,-0.010711529982363324,-0.008877314814814814,0.0012962962962963093,0.006473214285714301,-0.00657848324514991,-0.0057578262786595995,-0.007420634920634918,-0.005726962081128759,-0.0012229938271604915,0.0011563051146384583,-0.005339506172839504,-0.008360890652557327,-0.0036998456790123396,-0.010412808641975309,-0.004168320105820106,-0.012517636684303349,-0.019058641975308648,-0.020433201058201046,-0.01618110670194004,-0.018397266313932986,-0.0021941137566137622,-0.012073412698412701,-0.0011761463844797287,-0.012430555555555577,-0.008851410934744258,-0.014642305996472656,-0.010945216049382714,0.002846671075837748,-0.004529320987654326,-0.023229166666666662,-0.02348104056437389,-0.02307208994708996,-0.015200066137566151,0.007462522045855383,-0.0017294973544973412,0.0033201058201058255,0.0007418430335097044,-1.7636684303327238e-05,-0.002071759259259256,-0.004165013227513243,0.0009319885361551983,-0.003925264550264554,0.0038133818342151564,0.0026940035273368534,0.0019047619047618883,-0.000500992063492068,0.000714285714285709,0.002303240740740729,0.0009071869488536093,-0.0013938492063492076,-0.0022657627865961157,-0.009975198412698425,0.001899250440917103,-0.001984126984126984,0.003188381834215154,0.0006360229276896057,0.000920414462081142
52,-0.00204144620811288,-0.0017895723104056453,0.00027171516754850335,0.0010350529100529374,-0.0008410493827160359,0.0021604938271604975,0.0016137566137566142,0.0020502645502645366,0.0011921296296296385,0.0028213183421516765,0.001944995590828929,0.002159391534391533,0.0024740961199294694,0.0015762786596119922,0.0025639329805996446,0.0010918209876543145,0.0022530864197530844,0.001797839506172844,0.002088844797178132,-0.0003968253968253798,-0.0001758156966490277,0.0014880952380952467,0.000510912698412698,-0.0006547619047619063,-0.00018518518518518233,0.0006261022927689566,0.0010714285714285704,0.0013018077601410875,0.0011436287477953888,0.0018446869488536093,0.0014688051146384603,0.002496693121693115,0.0009270282186948971,0.0012869268077601442,0.0039225088183421465,0.0017846119929453372,-0.002621252204585537,-0.0030384700176366644,-0.002714395943562608,0.0001427469135802488,0.0021858465608465567,0.002254188712522042,0.003066578483245142,0.0025771604938271808,0.002837301587301602,0.0038596781305114663,0.0020794753086419773,0.003991953262786587,0.0021026234567901245,0.002717702821869495,0.003077050264550265,0.00291832010582011,0.004397045855379183,0.0038955026455026725,0.0034209656084656266,0.0027204585537918737,0.0032445987654320958,0.003649691358024688,0.0023533950617283927,0.0024834656084656093,0.0021401014109347395,0.0027011684303350856,0.0016980820105820318,0.001721230158730165
53,0.0006619268077601437,0.002998787477954134,0.0018309082892416229,0.003295304232804233,0.0022977292768959455,0.0016583994708994805,0.0021103395061728494,0.0015939153439153385,0.0008801807760141118,0.00048721340388007545,0.002894069664902993,0.0011215828924162202,0.001479276895943571,0.0002061287477954088,0.00018904320987654655,0.00150462962962963,0.0029276895943562697,0.0005213844797178069,0.0006608245149911998,0.0016832010582010538,0.002375992063492073,0.00022817460317461208,0.0023517416225749613,-0.002151675485008813,-0.0005252425044091798,-0.0002171516754850139,0.0022139550264550084,0.0008730158730158866,0.0020756172839506044,-0.0012202380952380937,0.001471009700176367,3.086419753086864e-05,0.003754409171075848,0.0024112654320987935,-0.000898919753086428,0.0008212081128747863,0.0021852954144620795,0.0027590388007054725,0.0023616622574955982,0.0021963183421516742,0.0008912037037036857,0.0008818342151675485,-4.188712522047028e-05,0.0001372354497354393,-0.0003141534391534438,0.0006542107583774222,0.0005291005291005388,0.00038304673721342025,0.0027943121693121686,0.0013012566137566295,0.003607253086419751,0.0010763888888888802,0.004893077601410941,0.0008465608465608489,0.005566578483245134,-0.0002871472663139446,7.164902998246098e-06,0.0004679232804232804,0.002439373897707235,0.0006343694885361448,-0.001895392416225744,0.0007754629629629604,0.00037037037037036813,0.000739638447971782
54,-0.01366898148148149,-0.012491181657848325,-0.013747795414462076,-0.012916666666666656,-0.013479938271604937,-0.001655643738977055,-0.001339285714285713,-0.0015691137566137547,-0.0022260802469135713,-0.0027717151675485004,-0.003898258377425034,-0.0013530643738977124,-0.0010951278659612016,-0.0009005731922398664,-0.001384479717813053,-0.0009821428571428741,-0.002697310405643744,-0.0008129409171075946,-0.001323302469135805,-0.010415013227513235,-0.011954916225749571,-0.017656525573192236,-0.012249228395061745,-0.01659336419753086,-0.011498567019400354,-0.017502755731922386,-0.014172729276895942,-0.0043231922398589105,-0.0055489417989418,-0.004526565255731925,-0.004979607583774231,-0.006152998236331583,-0.008465608465608464,-0.005526895943562614,-0.006441247795414461,-0.011016865079365085,-0.010717041446208126,-0.010621141975308657,-0.012163800705467385,-0.0103367504409171,0.0012626763668430237,0.0008592372134038854,0.00023589065255732664,0.00047508818342150566,-0.00016424162257495933,0.0008867945326278808,-0.00040454144620811344,-0.00021990740740740825,0.00012896825396825629,-0.0007346781305114704,0.00011188271604937669,-0.0016280864197530855,0.0004828042328042202,0.00025132275132275575,0.00023093033509699254,-6.062610229278127e-05,0.0005362654320987641,0.00027998236331569504,-0.007443783068783065,-0.0024200837742504398,-0.006716820987654311,0.0002259700176366966,-1.8187830687826922e-05,-0.003676146384479712
55,-0.0024195326278659557,-0.004295634920634915,-0.002226080246913592,-0.004786155202821864,-0.0020293209876543344,0.0018975970017636665,0.0033895502645502756,0.0016876102292768987,0.002970679012345684,-0.001413690476190478,0.0024096119929453187,0.003788029100529111,0.0028373015873015862,0.0037130731922398533,0.005146053791887133,0.004220127865961199,0.004481922398589064,0.0037136243386243356,0.003011463844797172,-0.0017967372134038845,-0.0013464506172839452,-0.002027116402116398,-0.001597222222222229,0.0038668430335097106,0.005919312169312175,-0.004038800705467374,-0.0033614417989417805,0.0016975308641975287,0.0023456790123456833,0.0004337522045855455,0.0011618165784832574,-0.0010940255731922352,-0.0013839285714285776,0.0028659611992945394,-0.004173831569664915,0.0003946208112874973,0.0011304012345678752,-0.002371031746031739,-0.0019499559082892456,0.0005313051146384543,0.0004772927689594246,0.0019235008818342062,0.0013927469135802655,0.0014236111111110995,0.0028411596119929453,0.0039825837742504325,0.0026708553791887184,0.004915674603174599,0.003664572310405647,0.0028113977072310344,0.0012748015873015953,0.0019571208112874744,0.002084435626102301,0.003138227513227506,0.0028268298059964635,0.0016302910052909871,0.003638668430335088,0.0035653659611992843,-0.0007175925925925926,-0.0025540123456790007,0.002606371252204573,-0.0020419973544973484,-0.0032688492063492093,0.0023638668430335102
56,0.0026460537918871277,0.0007501102292769065,0.0033476631393298054,0.0036199294532627997,0.0005346119929453413,-0.0019069664902998263,-0.0010240299823633201,-0.0018700396825396797,-0.0009600970017636414,-0.0023848104056437367,0.0003736772486772483,-0.001737213403880073,-0.0009088403880070477,-0.002289462081128754,-0.0013233024691357946,-0.0019934964726631577,-0.0006828703703703684,-0.002018298059964731,-0.0016115520282186813,0.00039186507936507867,0.0003367504409171086,0.005361552028218693,0.0005698853615520062,0.005486662257495587,0.000507054673721339,0.0021412037037037077,0.0028786375661375846,-0.0004530423280423336,-0.0009005731922398542,-0.00043320105820107355,-0.00125661375661377,-0.0006812169312169231,-0.001403769841269848,-0.001431327160493821,-0.0017631172839506198,-0.0011138668430335213,0.0030853174603174757,0.0018981481481481436,0.0026973104056437335,-0.00013613315696650238,-0.0011645723104056517,-0.0019069664902998315,-0.0014307760141093404,-0.0019692460317460286,-0.0018347663139329767,-0.0015294312169312138,-0.0009556878306878121,-0.0014225088183421573,-0.000930886243386244,-0.0002386463844797175,-0.0006657848324515166,-0.0003742283950617046,-0.0020293209876543206,-0.00117449294532628,-0.0020458553791887213,-0.0002998236331569551,-0.001769179894179896,-0.00147045855379189,0.0011496913580246876,-0.0035245811287477995,-0.0010019841269841255,-0.0027199074074074157,-0.001960427689594346,-0.0018761022927689733
57,0.0003130511463844722,-4.905202821870597e-05,-0.0001785714285714255,0.0003141534391534525,0.0012191358024691238,0.0014489638447971707,0.0012362213403879878,0.0014478615520282078,0.0007401895943562522,0.0024829144620811296,0.000680665784832446,0.0011226851851851936,0.0007418430335097044,0.0007005070546737303,0.0008845899470899428,0.0017366622574955977,-0.0006894841269841235,8.597883597883868e-05,0.0008322310405643654,0.002525903880070549,0.0007716049382716014,0.0010405643738977174,0.0006106701940035153,-0.0008884479717813001,-0.0014980158730158854,-0.000976631393298056,0.0014765211640211627,0.0025462962962962826,0.0028422619047619065,0.0015316358024691362,0.00016865079365081456,-0.0004899691358024715,0.0002937610229276997,0.0019102733686067117,0.0004690255731922312,-0.0013828262786596095,0.0011265432098765404,0.0013359788359788346,0.0006553130511463799,0.0019367283950617164,0.0017041446208112872,0.0008416005291005304,0.0007831790123456837,0.0005671296296296362,0.0036695326278659793,0.0016341490299823687,0.0008013668430335193,-8.928571428571883e-05,0.0016572971781305037,-0.0006949955908289104,0.000293761022927691,0.000169753086419748,0.0005913800705467358,-0.0006498015873015826,0.0009981261022927682,0.000599096119929466,0.0003147045855379175,0.0012119708994709107,0.00012621252204585674,0.0009474206349206222,-0.00024029982363315758,0.0014136904761904746,0.0005357142857142835,0.0007699514991181648
58,0.0029083994708994764,0.0014043209876543113,0.0025920414462081353,0.0011766975308641955,0.0026780202821869454,0.002322530864197538,0.0025275573192239716,0.0029839065255731767,0.0021687610229277014,0.0029833553791887013,0.0013745590828924247,0.0029491843033509664,0.002193562610229259,0.002572200176366845,0.0012841710758377308,0.002761794532627874,0.0007567239858906512,0.003710317460317457,0.002764550264550261,0.003712522045855364,0.0018860229276895946,0.0033994708994708953,0.0016826499118165646,0.0019405864197530945,0.002414572310405651,0.00241732804232804,0.002043650793650793,0.00366236772486774,0.002598104056437395,0.0035201719576719616,0.002095458553791882,0.0026025132275132312,0.002160493827160487,0.0026284171075837692,0.00244212962962965,0.0013166887125220326,0.0023693783068783015,0.0023958333333333557,0.0022431657848324543,0.003387345679012336,0.0004469797178130331,0.001507936507936505,0.0009259259259259359,0.0006575176366842971,0.0034898589065255666,0.002354497354497378,0.002258597883597899,0.0012494488536155188,0.001595568783068796,0.0004106040564373862,0.0022977292768959576,7.22001763668375e-05,0.0012505511463844765,0.0009275793650793448,0.0020001102292768937,0.0002772266313932851,0.0021180555555555744,0.0023958333333333297,0.0005963403880070543,0.0013436948853615526,0.0005985449735449681,0.00137566137566136,0.0012263007054673595,0.00026785714285714433
59,0.01481591710758377,0.01623236331569665,0.011365189594356265,0.016910824514991176,0.012344025573192243,0.0029161155202821823,0.003578593474426791,0.0019323192239858802,0.0032093253968253996,0.0014043209876543217,0.0035697751322751343,0.001593915343915354,0.0022299382716049424,0.0017372134038800696,0.004045965608465603,0.0009893077601410803,0.005262345679012346,0.0014401455026455002,0.002962411816578494,0.007297729276895927,0.00660052910052911,0.010372574955908282,0.016963183421516745,0.010383046737213408,0.016930665784832467,0.010405643738977085,0.009609788359788365,0.008478835978835992,0.006202050264550266,0.00742614638447972,0.005578703703703692,0.007465277777777769,0.006600529100529089,0.004530974426807761,0.004540343915343916,0.0054293430335096825,0.01454365079365081,0.016793430335097004,0.012197971781305111,0.005106922398589064,0.0009490740740740831,0.0016016313932980565,0.0014517195767195755,0.0009391534391534444,0.0009049823633157025,0.0021130952380952195,0.005077711640211646,0.005277777777777765,0.001526675485008823,0.005610119047619053,0.0016209215167548585,0.005215498236331578,0.0015613977072310471,0.001230158730158741,0.002066247795414455,0.0011414241622574994,0.00022541887125219345,0.0016209215167548603,0.0016534391534391325,0.0015619488536155173,0.0030197310405643794,0.0011067019400352873,0.0023743386243386226,0.0016258818342151683
60,-0.00047563932980600535,-0.0018513007054673791,-0.004045965608465627,-0.00482528659611994,0.0012659832451499126,0.005726410934744259,0.005992063492063495,0.006296847442680796,0.00599371693121693,0.005324074074074087,0.005202821869488535,0.005984898589065259,0.005629960317460318,0.006138668430335111,0.005321869488536158,0.004676477072310406,0.004551917989417981,0.005775462962962965,0.0046841931216931205,0.002851631393298061,0.0034738756613756604,0.0024873236331569744,0.002823522927689597,-0.00019951499118164157,-0.0029034391534391336,-0.0003389550264550206,-0.0024674823633157247,0.003814484126984121,0.004451609347442671,0.004749779541446205,0.00448412698412699,0.0035460758377425065,0.003458443562610221,0.004527667548500883,0.003290343915343899,0.004613646384479718,0.0010863095238095206,-0.002547949735449733,-0.002393077601410925,0.004366732804232793,0.0038866843033509724,0.003174052028218714,0.0033129409171075916,0.0037125220458553952,0.005107473544973554,0.004336419753086431,0.004330908289241611,0.004443893298059963,0.0033173500881834364,0.004138558201058204,0.0028775352733686217,0.0036739417989417964,0.003179563492063482,0.00362874779541446,0.003129960317460309,0.004188712522045853,0.0031525573192239774,0.003850859788359775,0.004184854497354491,0.0026052689594356308,0.0039125881834215295,0.003925264550264547,0.0023638668430335154,0.0039318783068783
61,0.002169863315696647,0.008625440917107582,-0.0008201058201058112,-0.0004872134038800685,-0.002986111111111106,-0.0005516975308641967,0.0008371913580246977,-8.818342151679232e-06,-0.0011574074074074125,0.00019124779541446202,-0.002493937389770721,-0.00012180335097001366,-0.0003587962962963119,0.0005406746031745915,-0.00022321428571429186,0.00011959876543209125,-0.00038359788359788524,-0.0002474647266314002,-0.00027336860670193475,-0.00538635361552027,-0.0053929673721340235,-0.00446869488536155,-0.004745921516754847,-0.004664902998236332,-0.007110890652557315,-0.004343584656084663,-0.005110780423280423,-0.002919973544973538,-0.00293099647266315,-0.0016446208112874706,-0.002270171957671943,-0.0016958774250440956,-0.0027436067019400504,-0.0011640211640211624,-7.716049382716639e-05,-0.0035488315696649043,-0.002182539682539675,-0.006792328042328051,-0.0058019179894180095,-0.005084876543209882,0.000894510582010585,-0.0003097442680776042,0.0006095679012345628,0.0002739197530864292,-0.00048721340388005463,-0.0018000440917107612,9.53483245149829e-05,-0.0005153218694885393,0.00012014991181658746,5.4563492063494645e-05,-0.0005946869488536177,-0.0016595017636684244,-0.0002794312169312023,-0.0006999559082892272,-7.385361552028624e-05,0.0003714726631393189,0.0002441578483245131,-0.0003158068783068631,-0.0017702821869488416,0.00015597442680777285,-0.002897927689594352,-0.0003301366843033622,-0.00023644179894179683,-0.0034705687830687837
62,0.01033399470899471,0.00675760582010583,0.010412808641975323,0.008217592592592596,0.006598324514991177,0.0006024029982363149,-0.00032242063492063724,0.0017069003527336764,-0.0004684744268077662,0.0021312830687830672,0.0013811728395061867,0.0010477292768959548,0.00413966049382716,0.004782848324514973,0.007428902116402111,0.005136133156966493,0.0012935405643738976,0.0039346340388007085,-0.0012042548500881857,0.003235780423280425,0.0015139991181657847,0.00428516313932982,0.0033382936507936473,0.00797343474426808,0.0098666225749559,0.010612323633156957,0.009459876543209865,0.0008382936507936554,0.00230544532627866,0.002972332451499117,0.0009937169312169425,0.005151014109347447,0.0039329805996472615,8.101851851851152e-05,0.004768518518518526,0.004961970899470876,0.008293650793650797,0.009195326278659592,0.009593805114638448,0.004391534391534401,0.002139550264550273,0.0007462522045855475,0.0009882054673721382,0.0005748456790123386,0.0031453924162257417,0.000977733686067012,0.0033526234567901117,0.0039583333333333415,0.0022117504409171138,0.0013629850088183511,0.0030913800705467363,0.0014726631393298037,0.0028097442680775873,0.005128968253968245,0.001990189594356255,0.001167879188712504,0.0013673941798941838,0.0030516975308642162,0.004349647266313934,0.002500551146384495,0.0016854056437389797,0.004501763668430348,0.003353174603174601,0.0008630952380952253
63,-0.009549162257495598,-0.010440917107583776,-0.010406194885361538,-0.009716159611992953,-0.008948412698412705,-0.0025358245149911807,-0.001467151675485015,-0.001540454144620831,-0.00034060846560845723,-0.0017377645502645554,-0.0021533289241622757,0.0016330467372134005,0.0015520282186948925,-0.0006723985890652387,0.0010890652557319115,-0.0011689814814814774,0.0006134259259259062,0.0014296737213403826,-0.00043044532627867574,-0.0071417548500881875,-0.008744488536155219,-0.006915784832451512,-0.008390652557319224,-0.008586309523809529,-0.008789682539682545,-0.008273809523809522,-0.006660604056437383,-0.0020524691358024608,-0.00048500881834215304,-0.0019637345679012104,-0.0029817019400352612,-0.004840718694885357,-0.004527667548500879,-0.000816798941798938,-0.0037593694885361423,8.542768959436502e-05,-0.012131283068783083,-0.009385471781305107,-0.010979387125220463,-0.007690696649029976,-0.002913359788359769,-0.0017013888888888877,-0.0014809303350970145,-0.0019212962962963029,-0.0014902998236331656,-0.0009656084656084578,-0.00033564814814814395,-0.001156856261022932,-0.0009363977072310396,9.645061728394237e-05,-0.002682429453262785,-0.001165674603174613,-0.0016892636684303249,-0.0013899911816578556,-0.0027491181657848356,-0.0008763227513227598,-0.0011673280423280356,-0.0007319223985890674,-0.0009716710758377427,-0.0010962301587301507,-9.810405643738765e-05,0.0014142416225749448,-0.000832231040564381,-0.001445656966490301
64,-0.010011022927689586,-0.0019416887125220453,-0.006982473544973548,0.008442460317460317,-0.003425374779541447,-0.0019130291005291025,-0.0030268959435626186,-0.003569775132275115,-0.003621582892416226,0.0011044973544973476,-0.0017950837742504305,0.0005478395061728411,0.0017140652557319294,-0.0014158950617283936,-0.002477402998236327,-0.0032247574955908444,-0.001782958553791885,-0.0007517636684303483,-0.0008344356261022964,-0.00927689594356261,0.0011276455026455051,-0.01232363315696651,-0.005345017636684296,-0.012204034391534398,-0.002544091710758381,-0.005798611111111129,-0.004928902116402137,-0.005799713403880073,-0.005007716049382702,-0.008176256613756611,-0.0046511243386243364,-0.00505235890652557,-0.0028621031746031873,-0.0033443562610229287,-0.006452270723104076,-0.0009363977072310327,-0.011186067019400357,-0.009701278659612012,-0.009378858024691357,-0.00856150793650794,-0.0013150352733686099,0.0004524911816578426,-0.0006867283950617292,-0.0004100529100528917,0.0008399470899470816,0.0005919312169312199,0.0009667107583774294,-0.0011546516754850113,0.0022541887125220334,-0.0024079585537918856,-0.0009634038800705388,-0.003194995590828923,0.0015090388007054732,-0.00019345238095238096,5.291005291005804e-05,-0.00132936507936509,0.000738536155202826,0.0015178571428571472,-0.0038993606701940107,0.000483355379188706,-0.0022729276895943618,-0.0017774470899470946,0.0010052910052909918,-0.0013988095238095279
65,-0.006987985008818353,-0.007490079365079368,-0.009017305996472666,-0.008845348324515,-0.007107583774250442,0.000869708994709003,0.0008327821869488512,0.0005935846560846565,0.0002044753086419722,-0.00031635802469134194,0.0004425705467372056,-3.417107583773664e-05,0.000599647266313931,-0.00041942239858907236,0.000942460317460321,0.0007738095238095238,0.0004348544973545015,0.0009711199294532638,0.0015928130511463912,-0.0036100088183421506,-0.0020552248677248707,-0.003331679894179894,-0.004070767195767206,-0.003932429453262784,-0.0038271604938271593,-0.0015955687830687855,-0.0075016534391534224,0.00018518518518519274,0.0005616181657848215,-0.0007468033509700316,-0.0005483906525573182,0.00022321428571429013,-0.0014715608465608598,0.0014765211640211575,-0.0010824514991181582,-0.00019179894179893568,-0.00914021164021165,-0.010327932098765426,-0.009951499118165794,-0.002513227513227514,-0.001385582010582002,-0.0009915123456790183,-0.0006073633156966438,-0.001216931216931224,0.0019664902998236273,-0.00012951940035274036,-0.0014390432098765407,-0.0009650573192239859,0.0009286816578483164,-0.00048666225749558617,-0.0012759038800705478,-0.0015090388007054645,-0.0009441137566137646,-0.0007831790123456646,-0.00017857142857142377,-0.0006712962962962983,-0.0009667107583774294,-0.0001669973544973502,0.000918761022927695,0.0003240740740740825,-0.0005324074074074103,-0.0001785714285714151,-4.464285714285768e-05,-0.0022597001763668533
66,-0.005294863315696646,-0.00014770723104055167,-0.0051300705467372185,-0.0012296075837742518,-0.004122574955908297,0.0009226190476190419,-0.00037092151675485047,0.0009942680776014005,-0.000804673721340389,0.0012913359788359838,-0.0011910273368606755,0.0009716710758377461,0.0004877645502645474,0.0015470679012345653,-7.109788359790925e-05,0.0015178571428571454,-0.0008454585537918859,0.000704916225749563,-0.0003031305114638595,-0.0023693783068783024,0.0003951719576719692,-0.0017107583774250458,0.0015685626102292585,-0.003957782186948856,0.0007220017636684409,-0.004376653439153451,0.02351190476190476,-9.314373897707437e-05,-0.0002948633156966418,-0.000524691358024687,-0.002252535273368616,-0.0023644179894179926,-0.0027518738977072195,7.660934744268058e-05,-0.005081018518518523,-0.0035642636684303473,-0.00397872574955907,-0.002996582892416215,-0.0036568562610229255,-0.004343584656084663,0.0010659171075837765,0.00017912257495591478,0.001243386243386239,0.0008261684303350891,0.0014550264550264504,0.000755070546737225,0.0016936728395061662,0.0013464506172839556,0.001716820987654322,0.0003813932980599559,0.0017107583774250545,0.0007666446208112812,0.0012781084656084667,0.0018992504409171117,0.0009226190476190315,0.0010333994708994557,0.0013475529100528977,0.0010819003527336984,0.0016187169312169205,-0.0019527116402116382,-0.002017746913580247,-0.0009077380952380986,0.000857032627865956,-0.0008112874779541476
67,-0.009188161375661377,-0.015803571428571434,-0.00020116843033510592,-0.0125518077601411,-0.016963734567901238,-0.0043915343915343855,-0.009548611111111105,-0.0069648368606702,-0.007018849206349225,-0.0040933641975308705,-0.006719025573192251,-0.007215057319223988,-0.007739748677248682,-0.006656194885361554,-0.008976521164021152,-0.00796682098765432,-0.007080577601410924,-0.0070563271604938225,-0.008179563492063491,-0.013084215167548518,-0.016642416225749565,-0.011101741622574948,-0.0164346340388007,-0.011448412698412696,-0.014172729276895953,-0.00918816137566137,-0.015995921516754857,-0.011187720458553803,-0.012994929453262777,-0.010618937389770721,-0.008465608465608464,-0.009653328924162263,-0.0035240299823633154,-0.012278990299823623,-0.009276895943562603,-0.014225639329805986,-0.013134369488536165,-0.014823082010582,-0.015683972663139326,-0.015771053791887125,-0.011245590828924172,-0.00722442680776016,-0.007200176366843036,-0.00824239417989418,-0.0077882495590829055,-0.007705577601410923,-0.008187279541446216,-0.008874559082892426,-0.00973159171075838,-0.00880731922398588,-0.007805886243386222,-0.008445767195767208,-0.007506062610229279,-0.0072007275132275235,-0.009033289241622583,-0.007697861552028215,-0.006731701940035263,-0.007364969135802474,-0.008005401234567895,-0.0064467592592592545,-0.011025132275132273,-0.005704916225749559,-0.007862103174603183,-0.008870149911816583
68,0.0016032848324515035,0.0009556878306878347,0.0006817680776014003,-0.00037312610229277635,0.0023864638447971716,0.0017361111111111084,0.0026366843033509696,0.0021621472663139185,0.0019389329805996492,0.0009997795414462014,0.0011849647266313802,0.002779431216931207,0.0027788800705467326,0.001946649029982369,0.0022205687830688086,0.0013552689594356175,0.0022938712522045848,0.002330798059964726,0.0021919091710758294,0.0019444444444444414,0.0015564373897707148,0.0020480599647266194,0.001980820105820109,0.0020811287477954243,0.0006415343915343978,0.0016143077601410948,0.0009562389770723084,0.0013359788359788346,0.0015669091710758375,0.002313712522045845,0.0020397927689594416,0.0019113756613756694,0.0012422839506172935,0.0014236111111111185,0.0016484788359788331,0.0007997134038800549,0.00042713844797177825,0.0005015432098765607,-0.00010802469135802462,0.002774470899470912,0.0014792768959435623,0.0012174823633156941,0.0016137566137565985,0.0015101410934744309,0.0006310626102292872,0.0023440255731922207,0.0009016754850088259,0.0017030423280423174,0.0009678130511463993,0.0019207451499118275,0.0002821869488536157,0.0017768959435626036,0.0011138668430335178,0.002008928571428578,0.001071979717813044,0.0016843033509700255,0.0002551807760141009,0.0016214726631393391,0.00023093033509699427,0.0002143959435626161,0.0010433201058201134,0.0006553130511463764,0.0005770502645502679,0.0014594356261022935
69,-0.0005346119929453257,-2.314814814815061e-05,-0.00013999118165785446,3.637566137567293e-05,-0.00026234567901234525,0.0024333112874779534,0.0019692460317460286,0.0018088624338624248,0.0018094135802469175,0.002263007054673718,0.0025953483245149903,0.0023004850088183485,0.0015691137566137513,0.0028962742504409066,0.0022304894179894126,0.00205302028218695,0.0022641093474426877,0.001958223104056439,0.001626432980599635,0.0007071208112874698,0.0005379188712521816,0.0007782186948853652,0.00016148589065256153,-0.00010747354497354054,0.00032297178130509877,-0.00116347001763668,-0.0005527998236331631,0.001636353615520298,0.0007578262786596193,0.0038613315696648977,0.0006558641975308588,0.006348655202821877,0.0019753086419753187,0.0014043209876543478,0.0007765652557319112,0.001351410934744269,-9.920634920630028e-06,9.09391534391537e-05,-0.0003036816578483332,0.00024085097001764165,0.0018050044091710848,0.0031867283950617244,0.0028521825396825382,0.0022878086419753155,0.0025722001763668345,0.002437169312169314,0.0024250440917107513,0.003276014109347445,0.0022205687830687756,0.002389219576719573,0.0022503306878306935,0.0021770282186948826,0.0025457451499118176,0.00200066137566139,0.0025518077601411025,0.0027386463844797163,0.0025203924162257463,0.0028516313932980663,0.0010262345679012373,0.0016843033509700202,0.0010659171075837748,0.001334876543209863,0.002072861552028205,0.003366953262786602
70,-0.0027083333333333265,-0.0008035714285714243,-0.0010620590828924123,-0.0014203042328042245,-5.291005291005457e-05,-0.0041732804232804226,-0.002092151675485026,-0.0045326278659611995,-0.0020673500881834214,-0.005191798941798928,-0.003592923280423276,-0.0015294312169312,0.0034132495590828947,-0.001847993827160492,0.0016644620811287411,-0.0039186507936508005,0.002587081128747809,0.001423611111111122,-0.003689373897707234,0.000144400352733675,0.0019494047619047564,0.0010769400352733834,0.0009760802469135944,-0.0024029982363315654,-0.004433421516754847,-0.004792768959435631,-0.005346671075837743,-0.0004078483245149901,-0.004661044973544973,-0.003420965608465606,-0.005020392416225764,-0.003382936507936505,-0.005861992945326286,-0.002185295414462076,-0.0040746252204585665,-0.007062389770723102,-0.0013883377425044016,-0.0004117063492063422,-0.002019400352733687,0.00023093033509701683,-0.00350584215167548,-0.005450286596119937,-0.004964175485008802,-0.004294532627865961,-0.003943452380952388,-0.005088183421516748,-0.006202050264550271,-0.005421075837742505,-0.004638447971781312,-0.0029133597883597914,-0.0036981922398588926,-0.0031712962962963005,-0.005445326278659589,-0.005298721340387988,-0.0036976410934744103,-0.0036094576719576804,-0.006048280423280428,-0.005294312169312171,-0.006728395061728384,-0.0036089065255731946,-0.0075953483245149896,-0.003395061728395068,-0.002134038800705465,-0.004898037918871237
71,-0.053571979717813065,-0.04874559082892414,-0.055530753968253965,-0.04644841269841271,-0.04931602733686068,-0.01622685185185184,-0.011736111111111107,-0.013029100529100522,-0.010982142857142864,-0.009165013227513237,-0.02035108024691359,-0.006218584656084644,-0.012282848324514994,0.0003510802469135939,-0.011426366843033529,-0.010672398589065258,-0.012956900352733693,-0.0031668871252204626,-0.006675485008818344,-0.04164186507936508,-0.044007385361552034,-0.035566027336860664,-0.04199680335097002,-0.04295524691358023,-0.04503858024691358,-0.041515652557319205,-0.048463403880070546,-0.02494819223985891,-0.02340112433862434,-0.027130731922398576,-0.0158179012345679,-0.02843088624338625,-0.03163359788359789,-0.02414572310405643,-0.02223489858906528,-0.03245866402116401,-0.0553180114638448,-0.05263007054673722,-0.054834656084656104,-0.040085978835978836,-0.009151785714285716,-0.00779431216931217,-0.0073533950617283884,-0.006884369488536154,-0.009148478835978857,-0.006669973544973548,-0.009538139329806,-0.006850749559082901,-0.006959876543209884,-0.010187389770723098,-0.006137014991181661,-0.007453703703703702,-0.008328373015873015,-0.007580467372134043,-0.008463955026455014,-0.00795414462081127,-0.007670855379188709,-0.007800374779541451,-0.01525077160493828,-0.012338514109347446,-0.01862158289241623,-0.012735339506172838,-0.011792328042328038,-0.012182539682539684
72,-0.005928681657848333,-0.0074046516754849995,-0.005947971781305114,-0.009479717813051129,-0.0071571869488536236,-0.0008140432098765506,-0.0025220458553791795,0.00022927689594355247,-0.00198192239858906,0.0003747795414462251,-0.001693121693121689,0.0007021604938271496,0.0004524911816578634,0.0012753527336860655,0.0009005731922398577,0.0017554012345679122,0.00018683862433862414,0.00013447971781304843,-0.0009193121693121635,-0.005170304232804228,-0.006211419753086422,-0.006012455908289246,-0.0036359126984127077,-0.005276675485008837,-0.004892526455026445,-0.006873897707231045,-0.007226631393298041,-0.0021401014109347395,-0.003942901234567912,-0.0029227292768959495,-0.003937389770723115,-0.0019047619047619022,-0.0038233024691358072,-0.0033537257495590868,-0.0020706569664903085,-0.004553020282186952,-0.006335978835978834,-0.009309964726631394,-0.00811838624338625,-0.006381172839506184,0.0006850749559082856,0.0023104056437389803,0.0023693783068783076,0.00217372134038802,0.001956018518518515,0.001128196649029984,0.0023010361552028135,0.0006994047619047709,0.0018507495590828881,0.0004971340388007176,0.004210758377425041,-0.001186618165784836,0.002352292768959435,0.0009926146384479726,0.0024090608465608416,0.002003968253968251,0.002086089065255736,0.0020943562610229293,0.000951278659611976,0.0025396825396825293,-0.001358024691358024,0.0037037037037037073,0.0020998677248677197,0.00031084656084655847
73,-0.01629519400352733,-0.016490299823633155,-0.013939594356261034,-0.00783234126984127,-0.01783454585537919,-0.0019675925925925902,-0.010286596119929464,-0.0058322310405643785,-0.007141203703703702,-0.006817129629629631,-0.0035918209876543237,-0.005191798941798935,-0.004308862433862429,-0.002056327160493837,-0.0028235229276895903,-0.004535383597883601,-0.005507054673721345,-0.005418871252204579,-0.004329254850088185,-0.004406966490299827,-0.01565200617283951,-0.01611937830687831,-0.016048280423280423,-0.015760582010582003,-0.016937830687830682,-0.003842592592592592,-0.014554122574955912,-0.007788800705467381,-0.009489087301587311,-0.010698302469135817,-0.008708664021164027,-0.010346671075837748,-0.009528218694885366,-0.010178020282186957,-0.008963293650793661,-0.007481812169312168,-0.01636463844797179,-0.01558476631393297,-0.015880731922398587,-0.0034793871252204456,-0.0002871472663139255,-0.00044863315696648705,0.0007771164021164057,0.00011133156966489609,-0.004853946208112865,-0.001269290123456784,-0.0048462301587301575,-0.0031437389770723103,-0.0022150573192239766,-0.0026052689594356256,-0.0020590828924162263,-0.0026824294532627937,-0.0018276014109347549,-0.002477954144620804,-0.000458553791887124,-0.0013447971781305069,-0.0017796516754850292,-0.0029287918871252205,-0.0002447089947089937,-0.004363425925925923,-0.0009953703703703687,-0.0018628747795414544,-0.0023186728395061685,-0.0017311507936507813
74,-0.0019400352733686,0.0008151455026455083,-0.0019201940035273469,0.0022420634920635,0.0013756613756613773,0.001203703703703693,0.00033123897707231995,0.001007495590828935,0.001339836860670204,0.0008201058201058181,-0.0006420855379188871,0.0012907848324514824,0.0002557319223985884,0.0011987433862433935,0.00014880952380952675,0.0005489417989417988,0.001275903880070546,0.0003246252204585631,0.0018871252204585593,0.0008471119929453295,0.001351410934744262,9.149029982363777e-05,0.0014858906525573243,-0.0006437389770723046,0.00013392857142856263,-0.0018005952380952296,0.00020557760141094727,0.0012268518518518644,0.005194554673721352,0.00019345238095240698,0.0013596781305114589,-0.0014164462081128794,0.0010317460317460364,0.0049035493827160465,-0.0008300264550264551,-0.00014219576719576472,-0.0026102292768959458,-0.002084986772486773,-0.0031641313932980458,0.0006420855379188784,-0.0008878968253968368,0.00035934744268078557,-0.0005346119929453344,0.0009446649029982383,0.0002943121693121664,0.0008388447971781343,-0.0002331349206348976,0.00045359347442681074,0.0013199955908289214,-0.0010102513227513207,0.000519731040564379,0.00038249559082892924,0.0007958553791887132,-0.0003576940035273611,0.0003273809523809453,-0.0002061287477954088,0.000553350970017635,0.000844356261022923,-0.00023037918871252581,-0.0007875881834215059,0.0004734347442680725,-0.0007815255731922315,0.0001824294532627932,0.0006018518518518482
75,0.007666997354497374,0.007350088183421533,0.006242835097001766,0.006836970899470888,0.00827380952380954,0.006750992063492061,0.006696428571428577,0.006247795414462085,0.006333223104056445,0.004550264550264542,0.004604276895943563,0.005897817460317463,0.005176366843033502,0.005658068783068786,0.004850088183421504,0.006323853615520266,0.0049090608465608525,0.004927799823633158,0.006222993827160494,0.007751322751322743,0.007987764550264547,0.007581569664902995,0.006236772486772468,0.007878086419753072,0.007310956790123458,0.005470679012345691,0.00436122134038802,0.007001763668430333,0.007281746031746023,0.007133487654320984,0.00526069223985891,0.005679012345679019,0.005574845679012333,0.007213403880070544,0.0064621913580246906,0.004707341269841273,0.006464395943562604,0.0073407186948853675,0.006770282186948869,0.0077628968253968325,0.002889660493827148,0.00332947530864198,0.0034165564373897592,0.004124228395061725,0.004579475308641993,0.004729938271604931,0.005441468253968261,0.004909611992945314,0.0051554232804232845,0.004067460317460322,0.004334766313932977,0.0024300044091710663,0.0051625881834215185,0.0034369488536155103,0.00333498677248676,0.002125220458553786,0.004468694885361543,0.0041600529100529,0.002551256613756614,0.004034391534391538,0.004139109347442669,0.0033371913580246756,0.004300595238095227,0.0034705687830687854
76,-0.007389770723104058,-0.008361441798941795,-0.007032076719576723,-0.00842757936507936,-0.008592923280423272,-0.000772707231040573,-0.01086254409171077,-0.0037527557319223994,-0.011220789241622581,-0.003352623456790117,-0.011034501763668419,-0.004644510582010604,0.003590167548500882,-0.004620811287477957,-0.0030643738977072232,-0.001987433862433859,-0.0031685405643739114,-0.003883928571428573,0.004131944444444445,-0.01189539241622575,-0.013199955908289228,-0.012763447971781298,-0.013860229276895938,-0.012507716049382705,-0.013342151675485012,-0.006847442680776026,-0.006071428571428577,-0.010410604056437404,-0.00933035714285714,-0.010121252204585526,-0.009453262786596108,-0.001323302469135805,-0.0049388227513227495,-6.062610229277607e-05,-0.004270833333333333,-0.00445712081128747,-0.008285934744268083,-0.008266093474426812,-0.007641093474426812,-0.007791556437389772,-0.0009369488536155064,-0.001558090828924167,-0.0006227954144620781,-0.0007561728395061827,-0.003125000000000013,-0.0024542548500881903,-0.0036579585537919006,-0.0025683421516754755,-0.002959656084656072,-0.0016749338624338535,-0.001469356261022927,-0.0006757054673721171,0.003668430335096994,-0.001541005291005284,-0.0016082451499118394,-0.0001736111111111209,-0.0016363536155202842,5.6768077601427464e-05,-0.0017631172839506198,-0.0032886904761904555,-0.002981150793650791,-0.0017228835978836139,-0.002770612874779541,-0.0017901234567901311
77,-0.0005583112874779673,0.0018584656084656183,-0.0016809964726631418,0.0009815917107583831,0.0014688051146384516,0.003473875661375664,0.0038210978835978796,0.003649691358024683,0.004608134920634917,0.0036678791887125185,0.0024261463844797247,0.004098875661375663,0.003555445326278675,0.004634589947089953,0.004534281305114645,0.005593584656084668,0.002063492063492071,0.0028813932980599737,0.003725198412698404,0.003344356261022939,0.005209986772486774,0.004807098765432094,0.004669312169312162,0.001993496472663142,3.3619929453259506e-05,0.0001510141093474457,0.0035119047619047543,0.004593805114638446,0.00503637566137566,0.003934634038800703,0.004625771604938265,0.0022734788359788337,0.0051951058201058315,0.0036403218694885473,0.0022139550264550223,0.004124228395061722,-0.0026195987654320796,-0.0027039241622574886,-0.0027695105820105884,0.003738977072310405,0.0008812830687830661,0.0009479717813051115,0.002929343033509677,0.001487544091710766,0.0031498015873015865,0.003580798059964741,0.0042322530864197655,0.0038343253968253915,0.003303020282186951,0.004300595238095253,0.0024834656084655946,0.0039456569664903015,0.0025870811287477848,0.00497464726631393,0.0020546737213403884,0.00415950176366843,0.002558972663139307,0.003991953262786603,0.0014638447971781314,0.004536485890652564,0.0045375881834215275,0.0013392857142857165,0.00230268959435625,0.003443562610229293
78,-0.007019951499118177,-0.006441247795414447,-0.001488095238095238,-0.005780423280423289,-0.0067432760141093555,-0.0012698412698412785,0.0009826940035273391,-0.00037863756613756155,0.0008526234567901268,-0.00013503086419753077,-0.0002386463844797175,-2.590388007053107e-05,0.0004370590828924256,1.6534391534366033e-06,0.00032242063492064765,0.0024768518518518603,0.0007539682539682638,0.00034832451499119607,-0.0008884479717813122,-0.0049862213403880085,-0.003014219576719556,-0.004651124338624343,-0.0013960537918871162,-0.005667438271604954,-0.005341159611992958,-0.0052309303350969935,-0.0053543871252204785,-0.000307539682539687,-0.002219466490299832,-0.0019157848324515003,0.0011392195767195579,-0.0008454585537918773,-0.0007859347442680624,-0.0015630511463844872,-0.001857914462081129,-0.0013971560846560913,-0.006975859788359788,-0.0052783289241622525,-0.006935074955908279,-0.004652777777777773,-0.0001664462081128852,0.0016611552028218627,-0.000206679894179905,0.0006641313932980505,0.0024107142857142955,0.0006740520282186996,0.0011055996472663174,0.0011127645502645514,0.0005638227513227647,0.0004987874779541351,-0.0011055996472663,0.00048004850088183976,0.0016132054673721422,0.000873567019400355,-0.00014495149911815906,0.001415343915343906,0.0005665784832451521,0.00013337742504408723,-0.00023093033509700642,-0.001818231922398602,-0.000802469135802477,-0.0021064814814814817,-0.0016556437389770515,-0.00015156525573192282
79,0.006829805996472656,0.007258046737213404,0.005158730158730154,0.007772266313932987,0.007649911816578486,0.006911926807760128,0.006909171075837751,0.005508708112874771,0.0058167989417989355,0.00651510141093474,0.00731701940035274,0.006086860670194004,0.006746582892416229,0.006680996472663148,0.007136794532627862,0.005154872134038804,0.004522156084656092,0.006133708112874772,0.006971450617283969,0.009063602292768959,0.007506062610229269,0.009226190476190485,0.007292768959435637,0.005031966490299825,0.007204034391534393,0.004443342151675489,0.006833664021164037,0.005667989417989426,0.00635637125220459,0.006181657848324515,0.005983245149911829,0.005306437389770732,0.0038387345679012346,0.006359126984126988,0.005570987654320986,0.007032076719576712,0.006237323633156974,0.007295524691358005,0.0067730379188712594,0.0065922619047619185,0.005813492063492073,0.0058432539682539714,0.005001653439153443,0.0060130070546737125,0.0030197310405643673,0.006554232804232804,0.006825947971781298,0.0061717372134038745,0.005001653439153439,0.007061287477954139,0.006758708112874781,0.006581790123456792,0.006348655202821877,0.00589726631393297,0.005955136684303343,0.005618937389770715,0.005174162257495589,0.0064406966490299835,0.007212301587301582,0.006103395061728405,0.006254409171075845,0.00649856701940036,0.0074173280423280395,0.006000881834215153
80,0.006158509700176373,0.004539792768959423,0.006297949735449735,0.0062334656084656135,0.00528218694885361,0.003725749559082881,0.0030803571428571555,0.004161155202821849,0.0024382716049382667,0.003969356261022922,0.0014925044091710585,0.003249559082892423,0.003174052028218695,0.0030698853615520345,0.002042548500881841,0.004243276014109341,0.0023682760141093533,0.003095789241622569,0.0037240961199294653,0.005082671957671944,0.0043849206349206304,0.00482914462081129,0.0034209656084656127,0.0060929232804232784,0.002847222222222232,0.0038707010582010697,0.004005180776014118,0.0033928571428571384,0.003472222222222222,0.0048451278659611945,0.003013117283950626,0.003894951499118171,0.001173941798941789,0.003670634920634932,0.004139660493827161,0.001791225749559075,0.006572971781305125,0.006172288359788338,0.006598324514991186,0.004217372134038807,0.0010637125220458368,0.0014886463844797273,0.000783730158730166,0.002195767195767197,0.0024002425044091676,0.0026052689594356308,0.0034683641975308717,0.0026008597883597946,0.0038282627865961275,0.0003356481481481474,0.002684082892416227,0.0022723765432098794,0.0021478174603174523,0.0014858906525573156,0.0019670414462081235,0.001044422398589066,0.0019918430335097177,0.002978946208112886,0.0007539682539682603,0.0035791446208112993,0.0013288139329805937,0.003199404761904759,0.002818011463844807,0.0012296075837742414
81,-0.01147762345679014,-0.010135030864197515,-0.007055224867724877,-0.004213514109347442,-0.010807429453262803,-0.016720679012345675,-0.021475418871252205,-0.016022927689594343,-0.020996472663139316,-0.015461309523809537,-0.015085978835978835,-0.01630125661375663,-0.01208388447971782,-0.01582120811287478,-0.016291887125220467,-0.012116953262786615,-0.015524691358024683,-0.011524470899470906,-0.021407627865961204,-0.01527832892416224,-0.014301697530864209,-0.01541942239858906,-0.014334215167548521,-0.01155588624338623,-0.014958112874779557,-0.009947089947089933,-0.006748787477954155,-0.0151763668430335,-0.020401234567901244,-0.014309413580246913,-0.015131723985890654,-0.015967261904761932,-0.01400242504409173,-0.020478946208112886,-0.015211089065255725,-0.011210317460317462,-0.008640321869488543,-0.008160273368606703,-0.007457561728395068,-0.014301697530864188,-0.009695767195767197,-0.006247244268077594,-0.008330026455026455,-0.008938492063492079,-0.015780423280423284,-0.015861441798941802,-0.01485559964726631,-0.013700396825396841,-0.008013668430335113,-0.01169091710758376,-0.011097883597883586,-0.013379629629629637,-0.011920745149911816,-0.009396494708994708,-0.01020061728395062,-0.008825507054673725,-0.012681878306878294,-0.015766644620811298,-0.00894731040564372,-0.015427138447971774,-0.01032517636684302,-0.012895171957671942,-0.015694995590828924,-0.011935626102292766
82,0.0015145502645502636,0.00100970017636684,-0.0004817019400352694,0.0004161155202821974,0.002142305996472667,-0.0003979276895943462,-0.0003058862433862348,-0.0009865520282186877,0.0017267416225749538,8.156966490299386e-05,6.668871252205402e-05,-0.00014880952380951634,0.0015889550264550339,-0.00012125220458553479,0.0010868606701939995,-0.0006387786596120069,0.0021147486772486873,0.001039462081128758,0.0018160273368606795,0.00026895943562610554,-0.0008548280423280423,0.00021604938271605964,-0.00032627865961198585,0.0007589285714285736,0.0004960317460317408,0.001203703703703693,-0.0010108024691358134,0.0005092592592592596,-0.00018408289241622286,-0.0010025352733686078,0.0005340608465608382,-0.0008068783068783027,0.0008581349206349224,0.00255952380952381,0.0006448412698412571,-0.00017250881834214582,0.0017956349206349267,-9.810405643739459e-05,0.0008333333333333214,-0.00027612433862434296,-0.0003461199294532598,0.0008548280423280562,5.070546737214257e-05,-0.0007131834215167339,-0.00025628306878307597,0.0010846560846560754,0.0019201940035273382,-0.00018738977072309433,-0.0009804894179894271,-0.0005241402116401995,-0.0006646825396825519,0.00020006613756614298,0.001353064373897709,0.0005577601410934746,0.0005362654320987623,0.0007930996472663102,0.00016920194003526047,0.0004425705467372091,-0.0007412918871252082,-0.0014478615520282304,5.29100529100459e-05,-0.004214065255731923,-0.0008289241622575008,0.0005213844797178051
83,0.004357363315696665,0.004269731040564384,0.005649250440917108,0.005988205467372128,0.005537918871252214,0.002029320987654317,0.0026317239858906546,0.0015724206349206384,0.002704475308641964,0.0015751763668430258,0.002446538800705455,0.002172067901234573,0.0022233245149911682,0.002594797178130515,0.0024195326278659505,0.0017421737213403933,0.0019890873015872886,0.001894841269841267,0.002488977072310411,0.00470127865961199,0.004469797178130518,0.004501763668430324,0.006915233686067024,0.004030533509700172,0.007031525573192235,0.004954805996472674,0.004524360670194031,0.0035675705467371997,0.0031448412698412698,0.0024228395061728393,0.002916115520282184,0.00291280864197529,0.0028295855379188786,0.003471119929453261,0.00284722222222223,0.0022547398589065357,0.005677910052910055,0.005849316578483241,0.005596891534391536,0.0053505291005291,0.0007253086419752985,0.0016418650793650676,0.0009595458553792041,0.0016297398589065239,0.0020072751322751207,0.0016969797178130516,0.002394179894179893,0.0023368606701939954,0.0013216490299823597,0.0014605379188712443,0.001612654320987646,0.001009149029982356,0.0014070767195767213,0.001269290123456791,0.0011199294532627906,2.2597001763670008e-05,0.0018386243386243409,0.0020414462081128765,-0.0002485670194003588,0.0015735229276895996,0.0012174823633156959,0.0006404320987654314,0.001159060846560844,0.0009876543209876628
84,0.004916225749559098,0.003822200176366852,0.005320216049382715,0.003682760141093479,0.0028896604938271663,0.0007324735449735394,0.0014577821869488621,0.00218584656084656,0.0019064153439153327,0.0018160273368606596,0.0013233024691358033,0.0015139991181657916,0.0017609126984127164,0.001790123456790139,0.0015139991181657916,0.002006723985890636,0.0009143518518518468,0.0014869929453262681,0.0015250220458553777,0.002311507936507945,0.003201609347442685,0.0033212081128747815,0.0014710097001763896,0.0033807319223985843,0.0026973104056437457,0.0034694664902998208,0.0024035493827160503,0.0021935626102292834,0.0014120370370370328,0.0033878968253968312,0.001431878306878319,0.0023721340388007123,0.0016914682539682663,0.001369598765432101,0.0020260141093474474,0.001106150793650792,0.003343805114638443,0.004386022927689607,0.0035956790123456714,0.0027480158730158683,0.003298611111111101,0.0031762566137566173,0.0027948633156966622,0.00296847442680777,0.0019102733686067021,0.00032958553791886513,0.001538249559082893,0.0003163580246913645,0.0026581790123456767,0.0010907186948853629,0.0027463624338624456,0.0007771164021164005,0.0011689814814814844,0.0009033289241622677,0.0022519841269841336,0.001498567019400339,0.00031305114638446874,0.0007457010582010539,0.0003075396825396688,0.001582892416225735,0.0009645061728395044,0.002678571428571427,0.0025473985890652534,0.001126543209876543
85,-0.01249724426807761,-0.01284556878306879,-0.011609898589065238,-0.008882826278659614,-0.013550485008818353,-0.0024388227513227594,-0.0006613756613756717,-0.0025716490299823574,-0.0017939814814814763,-0.003736221340388009,-0.00039572310405644635,0.00019124779541445855,4.464285714287329e-05,-0.00015983245149911104,6.558641975308761e-05,-0.0002766754850088166,-0.000370921516754847,0.0003395061728395099,-0.0019014550264550307,-0.009122574955908286,-0.0034595458553791925,-0.010491622574955905,-0.009479166666666662,-0.011185515873015878,-0.013174603174603177,-0.006328262786596119,-0.013354276895943566,-0.004105489417989421,-0.002229938271604937,-0.004906305114638458,-0.002043650793650785,-0.007047508818342135,-0.0069130291005291,0.0013795194003527501,-0.007129078483245149,-0.005817901234567897,-0.012278990299823617,-0.011897045855379196,-0.012925485008818346,-0.00801587301587302,0.000471781305114655,0.0006922398589065265,0.00021219135802468155,0.0006305114638448083,6.613756613755607e-05,0.0006894841269841322,-4.960317460341035e-06,-0.0002606922398589017,-0.00023974867724868565,0.0008652998236331616,6.834215167549236e-05,-0.0002606922398589052,0.0003913139329805946,0.0005544532627866066,0.0005594135802469147,-0.00043761022927688367,0.000352182539682536,0.0007401895943562643,-0.0011766975308641955,-0.0009920634920634937,-0.0016407627865961116,0.00013337742504408202,-0.0010311948853615662,-0.0011728395061728313
86,0.024670965608465614,0.02170690035273369,0.018162477954144617,0.01633046737213403,0.02388172398589066,0.022301587301587305,0.021956018518518514,0.023096891534391536,0.019902998236331567,0.011561948853615523,0.019189263668430337,0.019944334215167538,0.017096560846560846,0.021325507054673728,0.019995039682539687,0.020195656966490293,0.018427579365079372,0.01912643298059965,0.020085427689594364,0.029910714285714297,0.02554177689594355,0.030056768077601416,0.025086529982363326,0.02576829805996471,0.022933752204585545,0.025681216931216916,0.02050540123456791,0.021666115520282202,0.02305886243386244,0.022744157848324516,0.02294863315696647,0.024112103174603185,0.02083884479717815,0.022911155202821873,0.022044753086419747,0.01857914462081129,0.021506283068783064,0.02179122574955908,0.021875551146384488,0.02650407848324516,0.011198743386243385,0.01220348324514992,0.011594466490299835,0.013154761904761914,0.009855599647266313,0.01848269400352733,0.01903218694885362,0.013654100529100547,0.016786816578483257,0.017061838624338625,0.015394620811287472,0.01515597442680776,0.01862654320987656,0.016426366843033516,0.012510471781305115,0.014102733686067018,0.015336750440917115,0.018694885361552036,0.0020629409171075766,0.01845182980599648,0.013963844797178134,0.003565365961199286,0.015341710758377433,0.01310405643738979
87,-0.00819444444444444,-0.007905092592592599,-0.00927965167548502,-0.008409942680776012,-0.005896164021164031,0.000673500881834212,7.27513227513129e-05,-0.0002921075837742492,-0.0007820767195767069,0.001356922398589061,-0.0006371252204585565,0.0028808421516754775,0.00169587742504408,0.0014947089947090018,0.002867063492063492,0.0017746913580247124,0.0006294091710758419,0.0034490740740740766,0.0011524470899470871,-0.0049647266313932945,-0.004325947971781298,-0.004577821869488541,-0.006898699294532622,-0.006804453262786576,-0.007370480599647275,-0.007024911816578477,-0.005795855379188719,-0.0006398809523809404,-0.0020789241622574915,-0.002218915343915334,-0.003417658730158743,-0.002030974426807757,-0.0023015873015872993,-0.0010311948853615454,-0.0018788580246913572,-0.003862985008818336,-0.009079585537918888,-0.004638447971781321,-0.008498126102292763,-0.0033625440917107677,0.0015310846560846712,0.0019058641975308738,0.002359457671957662,0.0007120811287477866,0.0017405202821869498,0.0017983906525573193,0.003011463844797174,0.0031073633156966513,0.0038282627865961257,0.0009744268077601387,0.0014059744268077393,0.0002959656084656169,0.003288690476190473,0.0022646604938271527,0.0020938051146384418,0.0012891313932980753,0.003418761022927687,0.002413470017636697,-0.0007186948853615521,0.000305335097001775,-0.0023324514991181575,6.448412698413508e-05,0.0005979938271604979,-0.0006580687830687916
89,0.009543099647266327,0.008345458553791887,0.0071709656084656195,0.008059413580246921,0.004647817460317463,0.0001477072310405586,0.001080798059964732,-0.0002805335097001878,0.0015619488536155295,9.369488536156018e-05,0.0021213624338624303,-0.0004613095238095166,-0.0007782186948853687,-0.0017598104056437344,-0.0004343033509700174,0.0007765652557319251,0.0003593474426807665,-0.00024581128747796707,0.0005450837742504606,0.0007457010582010669,0.002971230158730166,0.003210978835978817,0.0032120811287478027,0.0043529541446208075,0.009283509700176367,0.003809523809523801,0.007654320987654322,0.0007390873015873066,0.0016969797178130464,0.0010923721340387917,0.0021902557319223893,0.0028505291005291,0.005708774250440907,0.000962301587301588,0.001943893298059978,0.006796737213403903,0.0054833553791887035,0.00526785714285714,0.005594686948853629,0.000715939153439156,-0.0006740520282186926,-0.0009551366843033489,-0.001981922398589058,-0.0016931216931216943,-0.0006266534391534302,-0.001361331569664892,-0.0018816137566137585,-0.002409611992945322,-0.0017454805996472873,-0.0032870370370370276,0.000767746913580232,-0.0018887786596119907,-0.0019990079365079273,-0.0029365079365079438,-0.0015856481481481399,-0.002414572310405651,-0.0013376322751322868,-0.00010196208112874319,0.00531966490299823,0.001964285714285705,0.0016181657848324607,0.0014076278659612106,0.0017526455026454883,0.0008939594356260957
90,-0.005061728395061721,-0.010829475308641971,-0.00316964285714285,-0.011225198412698416,-0.012903990299823635,-0.0023379629629629584,-0.0035747354497354354,-6.283068783068113e-05,-0.001826499118165778,0.002671957671957669,-0.00013668430335096043,4.464285714286462e-05,-0.001293540564373901,0.001615410052910056,-0.0037907848324515055,0.003328373015873019,-0.0005489417989418093,-0.0006685405643739005,-0.0020370370370370178,-0.008133818342151669,-0.008645833333333339,-0.008172398589065252,-0.010365410052910043,-0.006863425925925926,-0.013171296296296292,0.003980379188712517,-0.007456459435626096,-0.004685846560846564,-0.005189594356261026,-0.005124559082892416,0.00432815255731922,-0.004851190476190471,-0.001106701940035277,-0.005625000000000015,-0.0004348544973545032,-0.0029387125220458506,-0.00505070546737213,-0.00978174603174603,-0.007495039682539693,-0.008185626102292766,0.0006018518518518465,-0.0006035052910052935,0.00047839506172837887,0.0006106701940035361,5.511463844788678e-06,-9.810405643737377e-05,0.0007886904761904741,0.00021329365079365142,2.2597001763671742e-05,0.0002458112874779532,0.003003747795414468,0.00315310846560847,-0.0002540784832451466,-0.0005539021164021364,-0.0015636022927689522,-0.0006701940035273232,0.0006183862433862646,0.0001807760141093566,-0.002458112874779532,0.0018276014109347444,-0.0013762125220458613,0.00130731922398589,0.0028598985890652615,0.0016335978835979002
91,0.0006850749559082839,0.001119929453262787,-0.0033201058201058134,0.00026620370370371294,-0.0002584876543209741,0.007751873897707248,0.0005213844797178069,8.2671957671962e-05,0.004582231040564377,0.0032771164021163854,0.01055886243386243,-0.0001306216931217033,-0.0024840167548500977,-0.0003213183421516691,0.0014368386243386287,0.0019157848324514934,0.0027364417989417904,-0.0012764550264550215,0.008372464726631411,-0.0015630511463844837,0.001568011463844804,-0.0013811728395061729,0.001475970017636677,0.0026151895943562764,0.0014169973544973513,-0.002835097001763681,0.0030478395061728294,0.0006509038800705386,0.00020888447971781354,0.0007705026455026576,0.007616291887125218,0.006653439153439168,0.015324625220458556,0.0013244047619047558,0.004433972663139316,0.0038999118165784913,-0.0014880952380952397,-0.0019758597883597837,-0.000226521164021172,-0.0011910273368607033,-0.0015139991181657916,0.0006112213403879907,-0.0007804232804232876,-0.0008272707231040607,-0.001316137566137559,-0.002425044091710748,-0.0007335758377425006,0.00021274250440915868,-0.000905533509700164,0.0006338183421516867,0.0010190696649029912,0.002012235449735448,0.0001328262786596153,-0.0001703042328042373,0.0020397927689594295,-0.0010510361552028245,0.0012494488536155153,-0.0004767416225749631,0.0005131172839506273,0.011803902116402108,0.004049823633156948,0.0025391313932980678,0.002538580246913596,0.003938492063492064
93,-0.006069775132275131,-0.004130291005291012,-0.005957892416225751,-0.006369047619047625,-0.002165454144620821,-0.0008906525573192329,-0.0011557539682539551,-0.0001984126984127029,-0.0017504409171075711,0.00016699735449734153,-0.000602954144620799,0.00027667548500880275,-0.0010488315696648917,-0.00021770282186950492,0.0002843915343915329,0.0015492724867725034,0.000460207231040571,-0.00032407407407407385,-0.0005869708994708997,-0.006416997354497373,-0.005994268077601405,-0.006203152557319215,-0.005736331569664899,-0.005074404761904756,-0.006298500881834219,-0.0031398809523809582,-0.006187169312169314,-0.0031084656084656315,-0.002785493827160512,-0.003283179012345691,-0.003456238977072302,-0.0021494708994709063,-0.005066688712522043,-0.0020403439153439083,-0.0005836640211640369,-0.0012180335097001851,-0.006022927689594362,-0.0069108245149911915,-0.005349426807760158,-0.006337632275132277,0.0005219356261023048,0.0014169973544973461,0.0013056657848324483,0.0014632936507936525,0.002381503527336874,0.0014434523809523786,0.0022382054673721376,0.0004613095238095166,0.0010841049382715965,0.0013337742504409208,0.0016600529100529084,0.0008702601410934679,0.0044262566137566305,0.0007627865961199257,0.0037307098765432117,0.0015691137566137756,0.0016903659611992809,0.0014451058201058239,-0.0011105599647266255,0.0013370811287477923,0.0002166005291005125,0.0013547178130511525,0.0011166225749559139,0.0012648809523809748
94,-0.012495039682539684,-0.011890983245149925,-0.012168209876543223,-0.010884589947089952,-0.015300925925925933,-0.008519620811287484,-0.009136904761904754,-0.008775352733686072,-0.006524470899470891,-0.0063282627865961175,-0.007177028218694894,-0.006284171075837739,-0.008001543209876553,-0.0077347883597883495,-0.00755015432098766,-0.005166997354497346,-0.006917438271604945,-0.00797894620811288,-0.008061618165784845,-0.01762180335097003,-0.012752425044091714,-0.01798390652557318,-0.011963734567901237,-0.01919532627865962,-0.014828042328042329,-0.012969025573192239,-0.014275242504409171,-0.011031746031746035,-0.009427358906525561,-0.006333223104056429,-0.0108807319223986,-0.011171186067019391,-0.008014219576719578,-0.008263888888888883,-0.011220238095238099,-0.01031305114638447,-0.009678681657848322,-0.010964506172839509,-0.011738866843033505,-0.013863536155202832,-0.005726410934744262,-0.002961309523809519,-0.005294312169312159,-0.005160934744268075,-0.007924933862433876,-0.006243386243386275,-0.00739803791887126,-0.006568562610229275,-0.00622409611992945,-0.006355820105820094,-0.00574349647266313,-0.005729717813051153,-0.0048930776014109185,-0.004904100529100524,-0.0036452821869488432,-0.0034027777777777893,-0.0058212081128747786,-0.005647045855379205,-0.003093584656084671,-0.0054067460317460386,-0.007915564373897704,-0.00881613756613756,-0.005583664021164031,-0.005675154320987658
95,-0.0012687389770723104,-0.0004618606701940059,0.0010967813051146365,-0.0008024691358024874,0.0001256613756613796,0.0009507275132274937,0.005564373897707222,0.0007258597883597791,0.00180224867724868,-0.002123567019400363,-0.00038800705467370925,0.002521494708994706,0.0020695546737213404,0.002310956790123452,0.0018336640211640137,0.0004618606701940163,0.0015746252204585538,0.0010378086419753005,-0.0009308862433862405,0.00205467372134039,-0.0009286816578483251,-0.0002628968253968224,-0.0019560185185185097,0.000503196649029973,-0.000453042328042344,-0.0005417768959435527,-0.00042768959435624324,0.0015228174603174674,0.00016203703703702652,-0.0003731261022927694,-0.0004706790123456747,-0.0009948192239858933,2.3148148148152345e-05,0.0014192019400352893,0.001658950617283949,8.652998236331408e-05,-0.0005649250440917242,-0.0001884920634920434,-0.0008002645502645511,-0.0003587962962963154,0.0013745590828924056,0.004336970899470917,0.002734237213403889,0.0049432319223985735,0.002193011463844787,0.0032572751322751323,0.0022194664902998144,0.0020342813051146443,0.0037681878306878233,0.0008730158730158935,0.0012808641975308524,0.0033239638447971863,0.0036640211640211508,0.0030390211640211676,0.0027397486772486844,0.0025837742504409116,0.003182870370370367,0.003444664902998249,-0.0015437610229276783,-0.0014241622574955974,0.00031801146384477855,0.0022459215167548435,-0.0005472883597883657,0.00035052910052911154
96,-0.007760692239858903,-0.010407848324514989,-0.013329475308641967,-0.008834325396825368,-0.009630731922398598,-0.014591049382716055,-0.014817570546737206,-0.013049492945326275,-0.007680776014109353,-0.01004464285714286,-0.014880401234567905,-0.010212742504409181,-0.008336640211640208,-0.010308090828924161,-0.008250110229276901,-0.005249669312169324,-0.008780313051146384,-0.00956459435626101,-0.0133316798941799,-0.015148258377425047,-0.016041666666666676,-0.01812224426807761,-0.017370480599647263,-0.01016809964726631,-0.011696979717813034,-0.008680555555555552,-0.012522597001763669,-0.01861772486772487,-0.019408619929453277,-0.017356701940035295,-0.01985559964726631,-0.017953593474426825,-0.0190569885361552,-0.016857363315696657,-0.017054122574955907,-0.016401014109347425,-0.010631613756613749,-0.004985670194003533,-0.009975749559082904,-0.015774911816578467,0.002986111111111113,-0.00025297619047619756,0.002346781305114653,0.0005186287477954091,-0.005443121693121701,-0.0056448412698412685,-0.004711750440917116,-0.005023699294532641,-0.004045414462081131,-0.0038481040564373944,-0.004147927689594353,-0.003695987654320979,-0.0022778880070546646,-0.002275132275132265,-0.0012830687830687713,-7.109788359788323e-05,-0.0024305555555555556,-0.0055246913580246845,-0.0019576719576719515,-0.01033895502645502,-0.012892416225749565,-0.0018463403880070658,-0.004874889770723095,-0.007696208112874775
97,-5.2358906525579174e-05,-0.00034226190476189383,0.0021726190476190448,-0.00020282186948854253,-0.0004899691358024663,0.005174162257495601,0.0029177689594356362,0.0040806878306878375,0.0015850970017636454,0.005184634038800706,0.00244929453262787,0.003816137566137568,0.0008603395061728501,0.0017912257495590715,0.002134038800705479,0.004120921516754857,0.0008658509700176474,0.00219521604938272,0.00449184303350969,0.0020921516754850017,0.0013425925925926,0.0015806878306878387,0.0002860449735449591,0.00347718253968253,0.0007291666666666766,0.002615189594356266,-0.0002772266313932903,0.0023181216931217052,0.003678350970017622,0.0032440476190476256,0.0036546516754850135,0.004036044973544983,0.003681106701940027,0.003710317460317452,0.0027177028218694776,-0.0015630511463844768,-0.0014875440917107574,-0.0021389991181657714,-0.0014649470899470718,-0.0018110670194003524,0.005227623456790124,0.006837522045855372,0.006965939153439155,0.006692019400352741,0.004148478835978835,0.004586089065255731,0.005065586419753059,0.0052579365079364945,0.005704916225749559,0.0052838403880070585,0.002941468253968257,0.00466214726631394,0.003949514991181657,0.004108796296296303,0.004705136684303349,0.006041115520282178,0.004008487654320991,0.004535934744268074,0.0051091269841269885,0.005162037037037045,0.003794642857142861,0.004877094356261016,0.01134093915343916,0.004715057319223986
98,0.002683531746031734,0.0038762125220458445,0.0015564373897707252,0.0018761022927689577,0.004472001763668432,0.003864087301587306,0.0043226410934744195,0.003464506172839499,0.004252094356261015,0.0022745811287477914,0.004921186067019398,0.004142967372134031,0.004246031746031732,0.0030544532627866,0.0043838183421516675,0.002374338624338614,0.004300044091710758,0.0034909611992945348,0.0045541225749559065,0.004182098765432102,0.004696869488536152,0.004735449735449742,0.00421957671957671,0.0022519841269841336,0.0031536596119929334,0.0022315917107583773,0.0005241402116402151,0.004819223985890653,0.005283289241622576,0.0035675705467372084,0.004650573192239852,0.0028576940035273373,0.0035725308641975286,0.005291556437389773,0.0014952601410934754,0.0024244929453262794,0.001698082010582018,0.0032699514991181653,0.002426697530864193,0.004184303350970007,0.00019290123456790556,0.0010400132275132264,0.0025066137566137608,0.0017934303350970009,0.002949184303350968,0.0032870370370370293,0.002648258377425031,0.004047619047619041,0.0013789682539682453,0.003507495590828918,0.0016148589065255597,0.002546296296296281,0.0019053130511463862,0.0031757054673721315,0.001987985008818338,0.0030649250440917056,0.002414572310405658,0.0031955467372133915,0.0016154100529100542,0.0027573853615520273,0.0025154320987654313,0.0015393518518518612,0.0020585317460317595,0.003195546737213414
99,0.0004943783068783042,0.0008735670194003516,0.0006740520282186892,0.0017697310405643749,-0.0019995590828924166,-0.004807098765432106,-0.005555555555555546,-0.00444720017636684,-0.0037207892416225644,-0.0016793430335097018,-0.001570216049382709,-0.0058542768959435575,-0.005148809523809521,-0.00312169312169314,-0.004021164021164016,-0.0030572089947090153,-0.0025611772486772502,-0.004848985890652559,-0.0052562830687830735,-0.0018617724867724984,-0.002453152557319243,-0.0018628747795414388,-0.0014484126984126953,0.00201444003527336,0.0003907627865961105,0.0017107583774250406,0.0013982583774250577,-0.004416887125220464,-0.0038695987654320946,-0.003645833333333341,-0.0024448853615520252,-0.001913029100529106,-0.0007164902998236314,-0.004474757495590821,0.000673500881834219,0.0012852733686067042,0.0014605379188712478,0.0010146604938271533,-0.000313602292768958,-0.002687940917107598,-0.0033669532627865865,-0.0034215167548500916,-0.0017824074074074166,-0.0031475970017636502,-0.0034556878306878265,-0.004069113756613733,-0.0024437830687830606,-0.0017487874779541362,-0.0028880070546737253,-0.003214836860670197,-0.003325617283950609,-0.00013172398589065756,-0.003859678130511475,-0.0022277336860670183,-0.005016534391534405,-0.00156470458553791,-0.003770943562610221,-0.004050374779541455,0.0008768738977072334,-9.259259259258162e-05,0.0010427689594356311,-0.0013949514991181758,-0.0015889550264550217,-0.0011210317460317518
101,0.0020508156966490224,0.0007512125220458556,0.0018474426807760132,0.0012979497354497363,0.0012880291005290803,0.0020216049382716077,0.002741953262786591,0.0012257495590828876,0.0018226410934744208,0.002260251322751313,0.0011105599647266394,0.0018639770723104,0.002415674603174609,0.0006360229276896074,0.002488425925925927,0.0011155202821869405,0.0016457231040564266,0.0023848104056437376,0.0023208774250440805,0.002873126102292763,0.002073412698412689,0.0028780864197531005,0.0030550044091710755,0.001958223104056432,0.0011524470899470828,0.0019990079365079395,0.001572971781305118,0.0017482363315696713,0.0024371693121693298,0.0017372134038800835,0.0027132936507936398,0.001937279541446197,0.0012676366843033613,0.0012240961199294527,0.0016589506172839507,0.0014489638447971855,0.0020089285714285556,0.00044532627865960343,0.0019868827160493896,0.0020221560846560935,0.000890652557319226,0.0012191358024691342,0.0018331128747795574,0.001857363315696645,0.0023401675485008808,0.0024950396825396716,0.001822641093474426,0.002040895061728382,0.000766093474426818,0.0015757275132275064,0.0012191358024691186,0.0012775573192239896,0.0014891975308642044,0.0021731701940035045,0.0010659171075837765,0.0011259920634920702,0.0026934523809523866,0.0024592151675485088,0.0009419091710758378,0.0017289462081128918,0.0010471781305114568,0.0008338844797178072,0.0006464947089947059,0.001131503527336871
102,0.0030230379188712526,0.005483906525573181,0.002158840388007073,0.004564043209876545,0.0035802469135802657,0.0030842151675485006,0.0026614858906525464,0.0024443342151675464,0.0018904320987654447,6.338183421516e-05,0.0019212962962963064,0.002689043209876535,0.0025534611992945495,0.0019675925925925902,0.001321097883597893,0.0028521825396825434,0.0015536816578483187,0.0020149911816578527,0.002597552910052925,0.002388668430335094,0.006273699294532618,0.003948412698412698,0.008313492063492071,0.00650848765432099,0.0030445326278659493,0.0063822751322751455,0.003913690476190468,0.0018998015873015854,0.003877865961199288,0.001904761904761909,0.002504409171075847,0.0014660493827160434,0.001031746031746026,0.003994708994708988,0.001720127865961204,0.0007368827160493946,0.0036546516754850135,0.004106591710758396,0.0047095458553792005,0.004182098765432098,0.002868716931216927,0.0023776455026455097,0.00210152116402117,0.0022332451499118174,0.003325617283950609,0.0016104497354497288,0.0035962301587301806,0.001268187830687828,0.003056657848324512,0.0031630291005291,0.0017846119929453216,0.0031547619047619,0.003460097001763675,0.002435515873015881,0.003940696649029983,0.002474647266313936,0.0028918650793650844,0.003784171075837752,-0.0005169753086419794,0.0015762786596119835,0.0010333994708994678,0.0017471340388006927,0.0019797178130511357,0.005292658730158731
103,-0.00225198412698413,-0.004383818342151666,-0.004111000881834217,-0.004930555555555553,-0.0015525793650793575,0.004957561728395062,0.005415564373897713,0.004185956790123452,0.005536816578483246,0.003247354497354492,0.0031123236331569593,0.006313381834215159,0.004696869488536162,0.0039010141093474334,0.004978505291005282,0.0034264770723104014,0.0034694664902998225,0.006026785714285724,0.005502645502645499,0.0009986772486772558,-0.0004260361552028309,0.0008652998236331651,-0.004993386243386237,-0.0017035934744268101,-0.005008267195767191,-0.0003984788359788251,-0.0004354056437389821,0.00375220458553791,0.0028036816578483163,0.0026829805996472604,0.00047398589065256874,0.003264440035273354,0.0013899911816578348,0.003698743386243382,0.00331294091710759,0.002074514991181659,-0.004667107583774251,-0.005215498236331564,-0.005769951499118152,0.0015955687830687838,0.0017300485008818374,0.0018276014109347392,0.0002871472663139307,0.0006167328042328071,0.004442239858906526,0.005166446208112869,0.005158730158730184,0.004830798059964737,0.003720789241622554,0.004016203703703711,0.0021985229276895862,-0.0008245149911816577,0.0029657186948853637,0.004290123456790107,0.001797839506172844,-0.00040619488536153617,0.0019400352733686087,0.004007385361552028,0.002705577601410934,0.002858796296296302,0.0030285493827160413,0.002238205467372134,0.002924382716049374,0.002120260141093476
104,-0.009634708049886614,-0.009638605442176866,-0.0071761621315192675,-0.0070958522297808,-0.01133408919123204,-0.01633645124716554,-0.016527187263794416,-0.017646683673469388,-0.014747850529100541,-0.015359504913076341,-0.012172028533635693,-0.01824770880574453,-0.014957719198790626,-0.018624692932728656,-0.01677071523053667,-0.012500236205593342,-0.016180083144368855,-0.017081443688586554,-0.014853316326530613,-0.01217155612244897,-0.011619071239606945,-0.014607662509448225,-0.012755102040816316,-0.013924792139077866,-0.008584774187452756,-0.008409155328798186,-0.004354450113378679,-0.013382464096749805,-0.012410359977324256,-0.01313586545729403,-0.01452841553287982,-0.013911328420257005,-0.012392762660619807,-0.012188208616780055,-0.008396990740740747,-0.0085282029478458,-0.008618197278911565,-0.008525014172335602,-0.008938137755102049,-0.012814862055933478,-0.014395667989417979,-0.01595934901738473,-0.011885156840513993,-0.015638699924414204,-0.01813964474678761,-0.01792694160997731,-0.018256094104308396,-0.016356292517006814,-0.0178097836356765,-0.012786044973544972,-0.015986866969009823,-0.014392951625094495,-0.014961616591080864,-0.015505834278155717,-0.016082530234315957,-0.011679657974300825,-0.014909415154950865,-0.018117913832199538,-0.010438633786848063,-0.006823507180650034,-0.015245417611489032,-0.012464805366591078,-0.016218466553287972,-0.013803972978080139
105,0.0069483024691358135,0.005273919753086442,0.005932539682539675,0.006203703703703718,0.0069681437389770805,0.004061948853615535,0.003708664021164019,0.004223985890652553,0.0031277557319223954,0.004252645502645496,0.004574514991181663,0.0037681878306878303,0.003384589947089931,0.004560736331569646,0.0037748015873015836,0.003915343915343922,0.0033619929453262663,0.0036100088183421437,0.0031531084656084493,0.005801366843033506,0.0055268959435625965,0.00486496913580246,0.004892526455026459,0.005929232804232805,0.0056977513227513404,0.006408730158730152,0.005300374779541449,0.0026873897707231018,0.003708112874779526,0.004691909171075849,0.003532297178130493,0.004693011463844793,0.0057716049382715955,0.0031431878306878297,0.006488095238095227,0.007715498236331568,0.005962301587301596,0.0031387786596120126,0.006143077601410928,0.0055401234567901345,0.0029668209876543145,0.0027044753086419796,0.0038729056437389713,0.003918099647266318,0.003444664902998251,0.004359567901234578,0.0035400132275132373,0.004234457671957669,0.0037615740740740804,0.003646384479717822,0.003543320105820102,0.004121472663139334,0.004137455908289237,0.004372244268077599,0.0027254188712521957,0.0035499338624338534,0.004044312169312159,0.003581349206349213,0.0017344576719576805,0.005262345679012329,0.004442791005291017,0.0038844797178130604,0.004537588183421513,0.0038216490299823585
106,-0.009853946208112876,-0.009868827160493823,-0.010716490299823637,-0.010467923280423282,-0.010081569664902992,-0.0024911816578483143,-0.0023798500881834043,-0.0029320987654320903,-0.0022023809523809487,-0.00300429894179894,-0.0021544312169312144,-0.0010670194003527308,-0.0007864858906525586,-0.003013668430335098,-0.001882164902998239,-0.0016148589065255702,-0.00325727513227512,-0.0008851410934744355,-0.001412588183421529,-0.006673280423280446,-0.008951168430335096,-0.0075716490299823636,-0.008768187830687828,-0.006746031746031746,-0.007968474426807756,-0.00987654320987653,-0.008734016754850096,-0.004916225749559085,-0.0034358465608465717,-0.005671296296296291,-0.0034496252204585555,-0.005677910052910046,-0.005363205467372132,-0.004136353615520274,-0.0038001543209876497,-0.0052336860670194035,-0.011791225749559067,-0.011645171957671965,-0.012280643738977061,-0.005923721340388006,-0.0016721781305114574,-0.0008504188712522131,0.0006597222222222265,0.00036761463844795644,-0.0005307539682539702,0.0003736772486772535,-0.00042768959435626405,-0.0005880731922398505,-0.0004998897707231102,-0.0020563271604938406,-0.0013271604938271727,-0.001141424162257508,-0.0010796957671957586,-0.0012279541446208152,-0.0006762566137566081,-0.000344466490299818,-0.0004469797178130522,-0.00021549823633155996,-0.0007732583774250328,-0.0012472442680775946,-0.0018050044091710536,-0.0012770061728395003,-0.0009915123456790149,-0.00021108906525572554
107,-6.889329805996255e-05,0.0014721119929453248,-0.0007286155202821804,-0.00037202380952381514,-0.001229056437389759,0.0003047839506172892,-0.0012026014109347352,0.00298280423280424,-0.0011838624338624398,0.0001835317460317544,-0.0009992283950617138,0.00023589065255731623,-0.0008179012345679061,-0.0008201058201058112,-0.0014015652557319083,0.0007914462081128719,-0.00047674162257495614,5.070546737213216e-05,-0.000793099647266305,-0.0013767636684303454,-0.0014291225749559246,-0.0010521384479717857,0.0010471781305114551,-0.0007049162257495682,0.0025909391534391438,-0.001775793650793639,0.0006062610229276844,-0.001065365961199296,-0.001972001763668442,-0.0008625440917107603,-0.0023837081128747634,0.00012731481481482662,-0.0020105820105820217,-0.0008052248677248817,-0.00012676366843034081,-0.00014825837742503054,-0.0014252645502645551,1.0471781305122774e-05,-0.00036596119929454066,0.00036981922398589273,-0.00036596119929451984,-0.0014269179894179918,-0.001709656084656095,-0.0016583994708994736,0.002064594356261027,-0.0009689153439153483,0.0015200617283950661,-0.0005572089947089992,-0.0009138007054673714,-0.001893738977072311,-0.00013833774250440745,-0.0008267195767195645,0.0008195546737213358,-0.0024851190476190624,-0.0010438712522045715,-0.0011833112874779506,-0.00048280423280424103,0.0004100529100529264,0.0031757054673721297,0.001981922398589058,0.0009099426807760227,-0.0005957892416225824,0.0001129850088183483,0.002147817460317456
108,-0.052477402998236326,-0.050272266313933,-0.048412698412698414,-0.051913580246913595,-0.046869488536155204,-0.020531856261022934,-0.020388007054673737,-0.022827380952380946,-0.019494047619047623,-0.02208884479717812,-0.017421186067019395,-0.014553020282186954,-0.013598985890652556,-0.01647431657848325,-0.013931878306878313,-0.01223434744268078,-0.014878196649029968,-0.013791887125220437,-0.01824349647266315,-0.048418761022927685,-0.04899911816578483,-0.04778218694885363,-0.0452932098765432,-0.04889109347442681,-0.0441606040564374,-0.047437169312169306,-0.051408730158730175,-0.03256668871252204,-0.029038249559082886,-0.034835207231040555,-0.030067239858906535,-0.03684744268077603,-0.03853450176366843,-0.026744929453262793,-0.03460758377425044,-0.03398644179894181,-0.04968970458553793,-0.048450727513227536,-0.04631779100529103,-0.04581679894179896,-0.006407076719576731,-0.004431216931216939,-0.0042179232804232785,-0.004146274250440899,-0.009816468253968248,-0.009544753086419753,-0.010098104056437386,-0.007010582010582002,-0.009106040564373901,-0.009147376543209868,-0.009017857142857143,-0.007608024691358007,-0.005287147266313935,-0.00486992945326279,-0.005470679012345677,-0.005791997354497362,-0.0058923059964726635,-0.009849537037037035,-0.006730599647266321,-0.02094797178130512,-0.022450396825396835,-0.014647266313932992,-0.015144951499118185,-0.007778328924162262
109,-0.001119378306878322,-0.0021263227513227574,-0.0012461419753086352,-0.0015591931216931351,-0.0006696428571428409,-0.0008289241622575078,-0.0012764550264550353,-0.0011689814814814792,-0.000968915343915344,-0.0010648148148148084,0.00037643298059963914,-0.0011414241622574976,-0.0009584435626102134,-0.0003295855379188868,0.00029982363315696724,0.0008807319223985907,-0.0015641534391534397,-0.000965608465608463,-0.0007170414462081155,-0.002395282186948844,-0.0011513447971781311,-0.003671186067019397,-0.0011563051146384548,-0.0017333553791887071,-0.00040123456790124544,-0.002508818342151678,-0.000999779541446224,-0.00014936067019402123,-0.0010190696649029895,-0.0011689814814814913,-0.0025947971781305167,-0.006498015873015876,0.0019494047619047685,-0.0017305996472663076,-0.0024509479717813067,-0.0004943783068783111,-0.0012174823633156993,-0.0005985449735449663,-0.00041611552028218354,-0.0007423941798941677,-0.0007501102292768978,-0.0009325396825396737,0.000563271604938265,-0.00021770282186947543,0.0002700617283950685,0.0012070105820105818,-0.0010322971781305153,0.0006685405643738988,0.0006817680776014141,-7.605820105821039e-05,-0.0006514550264550174,0.0002265211640211616,-0.000838293650793645,-0.0005329585537918909,0.00011518959435623949,-0.0009562389770723084,5.29100529100511e-05,0.00035108024691358174,4.9052028218693824e-05,0.0003902116402116386,-0.001038359788359781,0.0007357804232804308,-0.0007479056437389563,-0.0008625440917107517
