subject,band,condition,rsec_d3,power_uv2,coh,plv,pli,wpli
1,beta,execution,0.0148382884837962,244.60390497778295,0.6012008649113415,0.5402688227050648,0.2841145234261175,0.4247232097426724
1,beta,imagery,0.0151283275462962,223.1238561167085,0.597336960636007,0.5368698809390187,0.2827402518978605,0.4237084938609571
1,beta,rest,0.0148435949900793,229.865397021134,0.6151134947839818,0.5453545605918599,0.2888965570124989,0.4353330711280242
1,broadband,execution,0.0146663773148148,2089.267633606584,0.6354886726878514,0.5739369211947435,0.2683809961082686,0.4007074672205405
1,broadband,imagery,0.0135892417948082,1585.0595263140503,0.6352389743750076,0.5723951004143918,0.2655303303598756,0.3971693252586069
1,broadband,rest,0.0140901951058201,1969.118600270884,0.6417309394980866,0.5697771892511828,0.2664256198347105,0.4044510198702946
1,mu,execution,0.0121988622271825,229.59953056779415,0.6754931401705508,0.6166043606252627,0.2444209813555052,0.3722831888050257
1,mu,imagery,0.0120061203083664,220.84556656884743,0.6554017702816376,0.5990583844107413,0.2391107646762409,0.3619886944384057
1,mu,rest,0.0119582403273809,221.3123090051034,0.6568894182334453,0.5959614971584596,0.2431657848324515,0.3709333302151272
2,beta,execution,0.0109171446139219,112.15934295546234,0.5247630714682139,0.4767607188842945,0.2640651119546046,0.4154294336514232
2,beta,imagery,0.0093974092675264,86.22839223688442,0.5129129603745373,0.4494785134783173,0.2556794436776319,0.3914735650708568
2,beta,rest,0.0089738343253968,100.53968158678616,0.4569142164318511,0.4084576221443871,0.2439249290698565,0.3632005158752966
2,broadband,execution,0.0168692310474537,662.9680586239272,0.5666677220765715,0.507639610453575,0.248411960514233,0.3899311113569484
2,broadband,imagery,0.0120517500620039,328.2033406820044,0.5433418614027535,0.4805894284856628,0.2487129410993044,0.3779003137543321
2,broadband,rest,0.0194129774305555,895.6785450727947,0.5135419961308573,0.4588508403921985,0.2420334295334292,0.370737952170736
2,mu,execution,0.0099629836309523,83.3648973514096,0.5790346698298746,0.5208058559568969,0.2243998803224994,0.3448216818143536
2,mu,imagery,0.0089064153439153,82.79593749024785,0.5645596122001012,0.5020823853988976,0.2431938145628622,0.3632655802039805
2,mu,rest,0.0100263000165343,82.5828293096161,0.5329397622361227,0.477430734261084,0.2416351725875535,0.3848883096619175
3,beta,execution,0.0190320844700727,202.31926598247432,0.7019531121842356,0.6252830309278824,0.3173796583850931,0.4734900487180271
3,beta,imagery,0.0195456762566137,293.32906093534183,0.8194891807642642,0.7090513927395757,0.3708319914117015,0.569172978900763
3,beta,rest,0.0182726211144179,256.4036692249522,0.7671394944973773,0.6871370293174466,0.3607852158576796,0.5348910151556476
3,broadband,execution,0.027334320229828,4477.737101967066,0.7076372223595613,0.6329321399358523,0.2951868522891249,0.4392578173916983
3,broadband,imagery,0.0233713262648809,3459.507882772597,0.7751086385528,0.6785785190914659,0.3223558091739909,0.493751846161766
3,broadband,rest,0.027048507771164,3774.973590756692,0.7453693499507748,0.6707827967157357,0.3190776815776814,0.4776814925319493
3,mu,execution,0.0147521649718915,293.22134813025554,0.648535484763559,0.5832516312329805,0.2485644998740237,0.3723867313950355
3,mu,imagery,0.014090171854332,279.67107240081185,0.6654715569599613,0.5989402913798452,0.2505596497858403,0.3876075142121234
3,mu,rest,0.0170397755456349,315.98362647825775,0.6851256308423521,0.6060870432397143,0.2354780801209373,0.3650189712708011
4,beta,execution,0.01452703114666,57.95150757817851,0.6188877714537958,0.5543288295222635,0.3022307050839658,0.4529767757247745
4,beta,imagery,0.0129700133308531,57.28241989783366,0.6157760968499897,0.5481806743460668,0.2897054482018249,0.436468704665857
4,beta,rest,0.0124453848379629,93.3579971259699,0.5761702026916866,0.5189347875179773,0.2810654857756306,0.4158711277552199
4,broadband,execution,0.013497173652447,519.9131694867567,0.6486899059879128,0.5777901685428382,0.2745254766277492,0.4113436639737673
4,broadband,imagery,0.0127622354497354,610.773960478097,0.64515770167188,0.5733223011281415,0.2685376492194672,0.402692245865632
4,broadband,rest,0.0233761677414021,1172.3191639513136,0.6363451311296102,0.5693311524424558,0.268844287026105,0.4062148346545118
4,mu,execution,0.0106941085896164,66.21696813226797,0.69017943927754,0.6142128356774087,0.2481273620559335,0.3704656763225121
4,mu,imagery,0.0104164186507936,43.96570870710181,0.7066896736892762,0.6309254035803927,0.2513887314184934,0.3756889509846327
4,mu,rest,0.0098405464616402,125.84780508720984,0.7088678720924344,0.6423084794088348,0.2718757873519778,0.407062851740837
5,beta,execution,0.0082833322999338,105.6312892386396,0.3906942793931241,0.3523839497938098,0.2353666800858829,0.3470037158846983
5,beta,imagery,0.0079459816261574,81.13470065068375,0.4086011484429196,0.3686884677889782,0.2393823805689746,0.354395673703309
5,beta,rest,0.0081516617063492,85.79491661115588,0.3908578126611815,0.3518440403047574,0.2322233724407636,0.3390909372330236
5,broadband,execution,0.0126596628017526,563.4571890124804,0.4421151424958777,0.392635961216326,0.230345691766146,0.3400164481360114
5,broadband,imagery,0.0136938450727513,540.0564178024913,0.4615045103903831,0.407780860427209,0.2329867943504304,0.3470757233751536
5,broadband,rest,0.0105254836309523,547.6260574480833,0.4306818264986473,0.3822934761430779,0.2288305129214217,0.3329591648919789
5,mu,execution,0.0081156916542658,56.86860935514788,0.4889677195702757,0.4248619772065646,0.2261764613252709,0.3367592530350905
5,mu,imagery,0.0079622473338293,56.903827692677154,0.5312876372062281,0.4545802146170573,0.2300273998488284,0.3513319134244994
5,mu,rest,0.0070665405919312,58.69418291663409,0.4835428379433564,0.4156959717300611,0.2269179894179894,0.3308159584258849
6,beta,execution,0.0121039419022817,142.42460810351798,0.538513738623096,0.4619753515296935,0.2754925331646345,0.4452427602149953
6,beta,imagery,0.0114152560763888,119.07389804600548,0.5130193626928266,0.4511663096974249,0.2698737635150677,0.4188762803768056
6,beta,rest,0.0110170717592592,66.21818875092671,0.4957475274357925,0.434775277487385,0.2636895176750248,0.3951639560811641
6,broadband,execution,0.0171952117435515,546.1632104104433,0.5803856551933045,0.5085670796503877,0.2585985668372029,0.407944752226007
6,broadband,imagery,0.0150087373925264,371.3502742284114,0.5584508887897662,0.4920425668272249,0.2554618971096242,0.393139007089385
6,broadband,rest,0.0230253802910052,748.0985713409987,0.5518247758267362,0.4883844171046453,0.2519086973632426,0.3737717459972885
6,mu,execution,0.0113362785218253,31.96447714468336,0.5762397608474086,0.5254389724999513,0.2282410556815319,0.34516121085831
6,mu,imagery,0.011540302579365,26.36118403988986,0.5937120791817367,0.524623199009149,0.2342627236079617,0.3505836031744712
6,mu,rest,0.0108304398148148,29.795359976073343,0.553202505715794,0.4914925078249131,0.2320515243134291,0.3409504647546947
7,beta,execution,0.010494076037533,105.51899718678716,0.4596219490467051,0.4110733293782196,0.2490304616210412,0.3721187273399574
7,beta,imagery,0.0108688151041666,100.00988428906945,0.4864920709361678,0.4387054566750729,0.2533067345295605,0.3772182571937588
7,beta,rest,0.0099446097883597,120.92602705245731,0.5292234705962621,0.4676394604311747,0.2722471436239551,0.4091566235837353
7,broadband,execution,0.0245580279637896,1110.2768303724847,0.5267014069433056,0.4666557512242125,0.2450951069132884,0.3735720972851937
7,broadband,imagery,0.0175064070767195,591.7401977372291,0.5385106397484533,0.4797657850004344,0.2467234028597662,0.3760649852775271
7,broadband,rest,0.0218117559523809,969.2227204713032,0.5648290882204284,0.4986153245384618,0.2632072893436528,0.4011242437772454
7,mu,execution,0.0144355752934854,214.6537774727651,0.5628529395637345,0.4859416529617573,0.2371419123204838,0.3809884998379211
7,mu,imagery,0.0142324089575066,258.60081066179845,0.585769139951778,0.5166801073905165,0.2382253086419753,0.3668590556491137
7,mu,rest,0.0124057022982804,226.81488645687992,0.5705740063286049,0.4977020366645886,0.258087679516251,0.4201488230292767
8,beta,execution,0.0105544446511243,67.0962722863612,0.5133589232247007,0.4622906398129968,0.2707911107277048,0.4036257808554324
8,beta,imagery,0.0099384791459986,64.15084365127089,0.5326949806354252,0.4744270475946065,0.2712391687754005,0.4090854024427268
8,beta,rest,0.0102107101521164,64.19005015009654,0.520796108839675,0.4645086285733598,0.2745264933670729,0.4079431188986154
8,broadband,execution,0.0263076456059854,977.2332775542736,0.6176080238593372,0.5536020773073776,0.2686001246228516,0.4043399034621914
8,broadband,imagery,0.0201880993716931,554.6956313669194,0.6110432216822905,0.5435964096774625,0.2650860061655514,0.4043966059055973
8,broadband,rest,0.0286980716765873,918.9216186976984,0.5907495974119332,0.5246016951070172,0.2547296558660193,0.3936115275635831
8,mu,execution,0.0125685092179232,89.80552801688248,0.7270206394750357,0.6520376008279912,0.2646357709750567,0.3916496368648107
8,mu,imagery,0.0117650798817791,69.75489604301694,0.7155676798418348,0.6479730941470919,0.2613915658856135,0.3955920072830224
8,mu,rest,0.0123460751488095,63.41826386081976,0.6164552039043124,0.5417761891710762,0.225765306122449,0.3611589467697726
9,beta,execution,0.008830829923115,760.6048642776951,0.4669890160975796,0.4251874192556927,0.2513318572195383,0.3778694590410306
9,beta,imagery,0.0093742146164021,744.3667564326997,0.4705994292466595,0.4215432788565148,0.2474966451959204,0.3702433827367641
9,beta,rest,0.0078426235945767,780.4397884660523,0.4259724418535461,0.3829778558136246,0.234401119546047,0.3469181327493406
9,broadband,execution,0.0129069733796296,8671.046105374815,0.5523652455282453,0.4985359876517473,0.2484388801434253,0.3793853090655856
9,broadband,imagery,0.0145148086144179,4042.7889380157417,0.5388237352109961,0.4798408694773158,0.2405353863308406,0.3596086866411732
9,broadband,rest,0.0152849599041005,7399.011706366624,0.5058884156083719,0.4528433905273048,0.2330113909659361,0.3412061956118468
9,mu,execution,0.0086283404637896,237.79206654235892,0.5584235112834193,0.492245386290619,0.2273286722096246,0.3509652298744977
9,mu,imagery,0.0081755978215939,225.63756117656055,0.5940621617806096,0.5307257942968632,0.2326256613756614,0.3461428910787181
9,mu,rest,0.0070558449074074,249.78582994711567,0.5142580559187895,0.4507124058572995,0.2248267825648778,0.3302588359733561
10,beta,execution,0.0191527002728174,216.8792495141305,0.6748059356226541,0.6033660535973671,0.2993472989034582,0.4493469156173164
10,beta,imagery,0.0216836195849867,204.82653968652176,0.68959612122231,0.6220590381415064,0.3064006786289394,0.4543508053300802
10,beta,rest,0.0159040695271164,223.53496354253772,0.5981303223846166,0.5338197870093095,0.2770684763438386,0.4118079317982154
10,broadband,execution,0.0152083255828373,2826.168228143694,0.6581138866500063,0.5823487289532191,0.2714123103327647,0.4146082568908465
10,broadband,imagery,0.0129949595940806,2597.09197596176,0.674342910826121,0.6039300654211275,0.279881990904718,0.4195322713460774
10,broadband,rest,0.0116020791997354,2754.1208441234267,0.5991447676119199,0.5258788113469114,0.2564989724080631,0.3878295410551232
10,mu,execution,0.0110904250372023,233.60796082013465,0.6214409348770575,0.544738708892294,0.2326773116654069,0.3611939451042846
10,mu,imagery,0.0122255265170304,227.0004162122603,0.666008405186491,0.5900201758173892,0.2453782438901486,0.3744730703480198
10,mu,rest,0.0091550925925925,207.7806874093052,0.6079608711503568,0.5281611032199598,0.2296422272612749,0.3429515404557641
11,beta,execution,0.0136895435474537,46.06821807836428,0.7282862554423346,0.6364068357545694,0.3417184265010352,0.5229689175837757
11,beta,imagery,0.0126985108713624,37.82019500965762,0.6829433040945301,0.5928113195846636,0.3167725346982593,0.4854216406409548
11,beta,rest,0.0104254505621693,30.14733207543294,0.5483930590851093,0.4951701157835321,0.2694377348362854,0.3986211346363325
11,broadband,execution,0.0166318669394841,469.4679382247329,0.7101687858163734,0.6235876934210423,0.302130695482968,0.4611972023511573
11,broadband,imagery,0.0150236467633928,325.532988005734,0.677896363691463,0.5918268587672114,0.284293065940793,0.4327040756554257
11,broadband,rest,0.0161766803075396,632.997589837306,0.5907689967056349,0.5237732675022045,0.256889785298876,0.3909819986175404
11,mu,execution,0.0113810763888888,26.880401536104376,0.6275286582925828,0.5585585785171069,0.2364400667674477,0.3530952611825954
11,mu,imagery,0.0111682916873346,28.51115889523429,0.6086802830315443,0.5364162303155224,0.2286660682791635,0.3391672439682139
11,mu,rest,0.0101101087136243,23.626356492046547,0.5932504121989447,0.531526927151852,0.2330120937263795,0.3481281207489325
12,beta,execution,0.0113485113880621,78.0329824419554,0.5489766980995052,0.4943565925571528,0.2865504466682002,0.4303404906185586
12,beta,imagery,0.0125440874049272,59.935584379216166,0.5676856979619015,0.5064461756990595,0.2865305095468138,0.4378078896728269
12,beta,rest,0.0096871383101851,103.04328462499156,0.5276177671691928,0.4720214511606177,0.287592975998773,0.4283186055678089
12,broadband,execution,0.0259407216228505,2094.6861709109007,0.6189633603960115,0.555201263123067,0.2789447505356594,0.4180971026015972
12,broadband,imagery,0.022810970568783,2337.424737813448,0.6343022040482672,0.5661508296978444,0.2757912457912456,0.4297744312851784
12,broadband,rest,0.0193586722883597,738.5667779691232,0.5983934575940268,0.5356162524816906,0.2753793344702434,0.4211310171451936
12,mu,execution,0.0132768942212301,45.32575124624536,0.6520781955222078,0.5713452146040662,0.2430990173847317,0.3647080986715966
12,mu,imagery,0.0135171389302248,50.44590111648072,0.6539274709406395,0.5935437092352653,0.248808736457546,0.3904989967504365
12,mu,rest,0.0109394634589947,39.01790822457267,0.6402727501183312,0.5673731206784443,0.2525825144872764,0.3899226175932354
13,beta,execution,0.0098390816178902,970.0494205476429,0.4645824752802065,0.4155924191922087,0.2501126734912965,0.3878525887644511
13,beta,imagery,0.0104259698454034,1143.426406312343,0.4685945267794263,0.4175878310896584,0.2535386473429951,0.3878340503248333
13,beta,rest,0.009952411954365,359.4074102899793,0.4826028024812256,0.426610470708535,0.249679855839276,0.3749574245864683
13,broadband,execution,0.0164539801380621,4159.696013653182,0.5349720267459369,0.4770925187896637,0.2462283549783547,0.3834145846972002
13,broadband,imagery,0.015826275214947,2784.645743682442,0.529341788939523,0.4661604736705298,0.243600835191744,0.3770707407726292
13,broadband,rest,0.0169484230324074,2201.766867965226,0.539684884312953,0.4788583338514417,0.2424209628755081,0.3642168815123606
13,mu,execution,0.0115616577794312,293.30059383248914,0.5699551450988039,0.506258790100288,0.2329231229528849,0.3717004283859724
13,mu,imagery,0.011609630766369,270.30097365935313,0.5795565792328397,0.499287475220474,0.2317885487528345,0.3700818822673932
13,mu,rest,0.0116815476190476,225.4337977672854,0.5903096145281959,0.521917688451284,0.2272927689594356,0.3423864362061767
14,beta,execution,0.0097724945229828,100.17762895859816,0.5021158216635493,0.4470027893759429,0.2501224503488995,0.3741062273947018
14,beta,imagery,0.009979427600033,110.15970947541882,0.4915277167394479,0.4383811014739421,0.2454961275975767,0.3660990460437174
14,beta,rest,0.0100263516865079,80.06284212868643,0.4903333495027656,0.4307699912927097,0.2426989878076833,0.3617335229112179
14,broadband,execution,0.0124367637028769,622.5169455110874,0.5586206734175609,0.5007342294633619,0.2439454611045518,0.3696033043868658
14,broadband,imagery,0.0139898726851851,759.6388669338846,0.5614657722984729,0.4968290081413565,0.2416200424154967,0.3712713649113418
14,broadband,rest,0.0135785073578042,576.7432895478892,0.5309528629047479,0.469183949727022,0.2379427390791024,0.3553973394843395
14,mu,execution,0.010169201078869,159.53629297163042,0.6263740986666303,0.564008108976136,0.2404788674729151,0.3614330335593677
14,mu,imagery,0.0123052197007275,217.40738362261973,0.6179284941504911,0.547779193661248,0.242861079617032,0.3809627182303418
14,mu,rest,0.0110405815972222,135.2749601700165,0.5965983870592912,0.5319696344318658,0.2316893424036281,0.3530221087428418
15,beta,execution,0.0184868448247354,609.472701638694,0.6991058418802728,0.6214831411275783,0.3205811958438769,0.502270930551905
15,beta,imagery,0.0190253570395171,486.7809446086186,0.6795688477881499,0.6164238205326876,0.3166955179817498,0.4804640538139297
15,beta,rest,0.0164598317625661,554.3854131486303,0.6868812108422852,0.5988721390424447,0.314423740510697,0.4853782236497096
15,broadband,execution,0.0204324518435846,3388.4064813766136,0.6881989614842301,0.6079624828707445,0.2882511533079713,0.4713809170819868
15,broadband,imagery,0.0149691840277777,1381.0582710744245,0.6660413002065888,0.6008308187719644,0.2853677740609557,0.4340948879246992
15,broadband,rest,0.0157383639219576,1468.288519095383,0.6767134305830985,0.5910538514125326,0.2855885696794786,0.4447102129208327
15,mu,execution,0.0115711030505952,429.64296262598265,0.6182202536861918,0.5603915167285335,0.2393921642731167,0.3757050616342978
15,mu,imagery,0.0111872468171296,393.4833553325741,0.6324719593904213,0.5591621244521181,0.2346329365079365,0.3683587778134446
15,mu,rest,0.0116870763062169,420.8175316991599,0.6578539870339479,0.5755192525217923,0.2457892416225749,0.4119743937682311
16,beta,execution,0.0151116174768518,83.87738069795927,0.6231986505074858,0.5636914812792202,0.3049202994402268,0.4662322589913502
16,beta,imagery,0.0147603159102182,89.35343069141842,0.6212909008064227,0.5639638514669628,0.303156822712982,0.4557544087456817
16,beta,rest,0.0115797061011904,31.70009035935392,0.5660262566522664,0.5108850931441395,0.2903429568284639,0.4368544452394838
16,broadband,execution,0.0367161354993386,1457.3457510056232,0.684077453820915,0.6200431406497909,0.297105005684551,0.4516899489592726
16,broadband,imagery,0.0258455532820767,740.6321583604432,0.680245427614343,0.6214096260421085,0.2856426275744456,0.4404215546021356
16,broadband,rest,0.0302753492890211,317.6174329799491,0.6346817982676127,0.5739025146800552,0.2881231142594778,0.4296874061497628
16,mu,execution,0.0178298791956018,90.30866656990018,0.712931517691852,0.6377433530762346,0.2691575333837238,0.4238122562777983
16,mu,imagery,0.0154011398396164,101.1283066391842,0.734890182158861,0.6665057908655833,0.2614353426555807,0.4214250018073115
16,mu,rest,0.0157120639054232,22.29681051884468,0.6620102517205823,0.5884125305631559,0.2675233056185437,0.4185381901404842
17,beta,execution,0.0096824518435846,452.2436268449309,0.4955399456635191,0.4422379329113393,0.2608722969864273,0.3955102884692763
17,beta,imagery,0.0086119068287037,550.9830514682565,0.4702700428630185,0.4255344648681384,0.2496600145694347,0.3717617351115024
17,beta,rest,0.0100975012400793,335.27934786703383,0.4905571948644713,0.4322080237524866,0.2491593819492369,0.3924064617916317
17,broadband,execution,0.0206978753306878,3583.181337986828,0.5838302591889005,0.5176365498995945,0.2539228048887137,0.3962913820480683
17,broadband,imagery,0.0200327561797288,3536.4653530256774,0.5624127884908233,0.5019658092267041,0.2465526476890111,0.3773541596577733
17,broadband,rest,0.0162292286706349,1497.9178230322875,0.574829825211589,0.501956561655386,0.245040229131138,0.4018992847784943
17,mu,execution,0.0107980375744047,230.6904983878593,0.6281350143686529,0.5458155840676044,0.2499645691609978,0.4126325086526317
17,mu,imagery,0.0106826042700066,298.1589627624829,0.6262762302450636,0.5629575719053338,0.260396982867221,0.4134348010995808
17,mu,rest,0.0101896804728835,160.776564595415,0.6317239639800203,0.5516672805264543,0.2506424792139078,0.3931196906038515
18,beta,execution,0.020791199053406,16.48665253034266,0.7191183085337778,0.6431344162608863,0.3305512901617973,0.4982872567506947
18,beta,imagery,0.0186797960069444,15.799834972850372,0.6713607291978372,0.6026411509362395,0.307084339774557,0.4632553789487508
18,beta,rest,0.0208263578869047,74.82512378226055,0.6882188516188562,0.6216436580314192,0.327365616133732,0.4895143134161995
18,broadband,execution,0.0303976495329034,470.9857989440145,0.7409445007218315,0.6650540537448986,0.3114788578424941,0.4691695394452196
18,broadband,imagery,0.027092613260582,184.4665359515264,0.7088823018963485,0.6343957938938024,0.2892097380733743,0.4385998277546763
18,broadband,rest,0.0466041459986772,2404.6776619383822,0.7291534289455021,0.6678863394651146,0.3372135860772224,0.4921780005667115
18,mu,execution,0.0144722144717261,11.126635186855818,0.7277550315325086,0.6519342999726675,0.2672910367850844,0.4141433734649912
18,mu,imagery,0.016155617042824,9.99008675814148,0.7336898902129867,0.640413129358448,0.2533996283698665,0.3902734473720356
18,mu,rest,0.0186938347387566,69.34882240980782,0.6941025992246742,0.6177159870494033,0.2784926933736458,0.4068956287517422
19,beta,execution,0.011632660073578,290.50543016468805,0.5280668081663806,0.4655901685112499,0.2649083659228585,0.4098231755700718
19,beta,imagery,0.0095404033358134,383.9752714951864,0.5218318080913589,0.4669983846037256,0.2695856816961888,0.4107789259268976
19,beta,rest,0.0104688016699735,190.8332528305584,0.5421208622078155,0.4877331586442622,0.2716241085806302,0.4057878857207134
19,broadband,execution,0.0221986219618055,2001.9834889868036,0.5985357493174612,0.5222888245179058,0.2561588285451919,0.4016479097053297
19,broadband,imagery,0.0129464544064153,1082.92222403578,0.5808153889607051,0.5134769404980444,0.2565867003367001,0.3949092971830817
19,broadband,rest,0.0236596808862433,1088.7642943300953,0.5891700253236807,0.5333083953819405,0.2582710219073853,0.3893363369035724
19,mu,execution,0.0120698216352513,147.898041143041,0.6440573779571904,0.5660122341849163,0.2478368291761149,0.3730869181828754
19,mu,imagery,0.0096566220238095,155.8813040867812,0.6380579149580102,0.5502969840148071,0.2436111111111111,0.3871404079162565
19,mu,rest,0.0101600219080687,111.18528045603816,0.6064054609168567,0.5546465757930719,0.2393172083648274,0.370563849889571
20,beta,execution,0.0192838334986772,9.171782456225475,0.6565596702991997,0.5777568359029842,0.2876848976305497,0.4409709423247969
20,beta,imagery,0.0163313647073412,9.24158726170823,0.6415837475805956,0.572217297045418,0.2834573652327274,0.4249316708958381
20,beta,rest,0.0133091517857142,62.78059118503147,0.5555869803558211,0.4868016170375027,0.2658202975231959,0.4034638789230759
20,broadband,execution,0.0223705279637896,187.1006985942732,0.6583997569469174,0.5758026094939869,0.2640454873409417,0.4150487703683199
20,broadband,imagery,0.0159592091393849,105.11639949916028,0.6325875047552331,0.5602844630552719,0.2636629279811096,0.3997342371595637
20,broadband,rest,0.0142062458664021,395.16541022497415,0.5893707812767334,0.5128912674836641,0.2502301150028421,0.3861244853137047
20,mu,execution,0.011028335813492,9.876859428667776,0.6442528607082432,0.5676958587451941,0.2296680524061477,0.3515878511183924
20,mu,imagery,0.0095698603877314,10.236238963426445,0.6360992605932438,0.5627634933399144,0.2404176114890401,0.3600653554409093
20,mu,rest,0.0102286396329365,39.755913253840994,0.6033165131311458,0.5147981063397229,0.2308704963466869,0.3429853639114253
21,beta,execution,0.0316124183614417,83.94244563294288,0.7618173406891527,0.6991532977396444,0.3527387182731385,0.5208373830882113
21,beta,imagery,0.0280954189401455,113.78392719216068,0.76195572726657,0.6909674093483151,0.3539500901004523,0.5320083554775722
21,beta,rest,0.0320372953869047,69.44028493046835,0.7485892668375934,0.6981555609924317,0.3669197147458016,0.5298849492754972
21,broadband,execution,0.0327782608920304,759.4792947241692,0.767081611132223,0.7025395057348173,0.3164345019458655,0.4693241818049389
21,broadband,imagery,0.0317232659556878,751.6298176412532,0.7671238235658581,0.697858899323604,0.3141299903799903,0.4696800039923963
21,broadband,rest,0.0348814690806878,969.501010063872,0.7848231890093545,0.7247919791155291,0.3304249201976474,0.4902501008576103
21,mu,execution,0.0225238095238095,76.8513138681399,0.7631593675113377,0.7057668062018393,0.2752012471655329,0.4124414560909179
21,mu,imagery,0.0208118747933201,90.70841301695282,0.7712212432843033,0.7120254831955006,0.2651158982111363,0.3958385782831093
21,mu,rest,0.0238483796296296,71.36939247308338,0.8165514559374889,0.7667837998470112,0.308490803728899,0.467605403652154
22,beta,execution,0.0110669074487433,252.81071303492055,0.5144157216359306,0.4456119871607655,0.2588940648723256,0.3998807165800342
22,beta,imagery,0.0103377536995701,238.92276664174125,0.5122565453378275,0.4553478939060401,0.2595501207729467,0.3941871815333274
22,beta,rest,0.009911644345238,208.6518802044176,0.5040354915991312,0.4457007380594832,0.2548232497507858,0.3791040092935021
22,broadband,execution,0.0177782247230489,10948.228454871682,0.571985999977128,0.5079608096365096,0.2679069373387553,0.4064210106265897
22,broadband,imagery,0.0177618582589285,6477.282408805425,0.5694859128891251,0.5040467986259203,0.2561656062792424,0.3927835126729521
22,broadband,rest,0.0256391059027777,9277.18498266611,0.5662149902085313,0.5041973936594256,0.2633914906642177,0.388251664833268
22,mu,execution,0.0099035063244047,319.8403275013669,0.5324592061276453,0.4733502243868427,0.2488712522045855,0.3703371080218915
22,mu,imagery,0.0106666666666666,245.68890440940928,0.5561883876050451,0.4976345121600705,0.2364674666162761,0.3608663437340693
22,mu,rest,0.0097780774636243,220.97409153988136,0.5508521778606732,0.4893548880870954,0.2364103048626858,0.3441695433388835
23,beta,execution,0.0159750666542658,419.9904650171814,0.547937568142347,0.4913409928793998,0.2718370907139022,0.4104809311988903
23,beta,imagery,0.012545913938492,429.8973715643144,0.5279666805382562,0.476149948990287,0.2645180105053292,0.3962553262286824
23,beta,rest,0.0122739438657407,453.07617914901033,0.5216449867097368,0.4636308836715925,0.2573978222528946,0.3930182849643039
23,broadband,execution,0.0221102017195767,5537.094691169352,0.603299465355692,0.5396066360233908,0.2609867342253703,0.396634253802319
23,broadband,imagery,0.0228092396246693,4393.142116889993,0.5824415480486318,0.5226448538712204,0.2550368949232583,0.3938271907636791
23,broadband,rest,0.0194112723214285,3570.4948464615386,0.5767878654646161,0.512537718846621,0.2475381520836064,0.3782367650005457
23,mu,execution,0.0151727482225529,286.77088411889764,0.6228166321040421,0.5471647456972222,0.2359544280675233,0.365105157267615
23,mu,imagery,0.0158619352471891,332.77341506768863,0.613276378235541,0.5421207038664684,0.2348891408415218,0.3833106613093907
23,mu,rest,0.0131027819113756,311.22439675320845,0.6084644889112832,0.540102645600605,0.2407879818594105,0.3737609445926032
24,beta,execution,0.0111087239583333,426.85177347643537,0.5355366788727733,0.4773977742641999,0.2686482535848477,0.4109519119956878
24,beta,imagery,0.0103559828662367,682.2859820068815,0.5225502918717992,0.4658388308179031,0.2744704681389463,0.4145829574263781
24,beta,rest,0.0131516617063492,194.2465351486713,0.5275020836652712,0.4755062729690403,0.2723104056437389,0.3960068275319554
24,broadband,execution,0.0201740270543981,995.3368597306916,0.5751844074279674,0.5085985484042338,0.2564633073155798,0.4019994783967776
24,broadband,imagery,0.013213546833664,1028.1260111517072,0.552602910344477,0.4879862418618365,0.2572548537321262,0.3972764493551585
24,broadband,rest,0.0409110966435185,989.1221567201468,0.5982897749442274,0.5321520962467474,0.2668656259565348,0.4069922629858138
24,mu,execution,0.0103511026372354,73.18882289626056,0.5453310726666596,0.4940594258837782,0.238378054925674,0.3679818143473158
24,mu,imagery,0.0094418609457671,102.93584967297264,0.5372636543157197,0.4730254675707672,0.2330675233056185,0.3659036119768593
24,mu,rest,0.014343429646164,67.35834257745911,0.5717555237718451,0.4994773513494412,0.241468253968254,0.3761926775187332
25,beta,execution,0.0106211945064484,38.54671481089083,0.5704958368036079,0.5074952762317888,0.304039375814738,0.4533511091080164
25,beta,imagery,0.0100721416170634,43.254525629916415,0.5526944428500814,0.4870692631220603,0.3006813607085346,0.4522756268990719
25,beta,rest,0.0100630373677248,175.79508407378836,0.5789974128039437,0.510277634127623,0.3014416072387086,0.4519483029328435
25,broadband,execution,0.0122893518518518,112.16472256978965,0.6086908699758531,0.540526858264074,0.2801430703135247,0.4253111689768885
25,broadband,imagery,0.0107447425801917,109.24442878709658,0.5955745999883473,0.5266382327944562,0.2803895830600374,0.4248227704377024
25,broadband,rest,0.0156862289186507,685.7456092705744,0.6183669660786916,0.5428289093269637,0.2812940006121822,0.429622561356311
25,mu,execution,0.0132259062913359,28.99361740331016,0.6452935513258595,0.5808644123929448,0.2503739921894684,0.3934694758343709
25,mu,imagery,0.0107741634631283,34.61457604878778,0.6774206549536029,0.591151786614956,0.2716406840513983,0.4425045262890886
25,mu,rest,0.0116172701719576,156.88178968409483,0.6485903454813278,0.5610057676184507,0.2896888384983623,0.4589465125439112
26,beta,execution,0.0105193400710978,25.801864579368203,0.6390842518209991,0.5698913625253115,0.3031527010965416,0.4525734197182746
26,beta,imagery,0.0106108010912698,28.02511837268836,0.605299618311228,0.5435541244987034,0.2967479487769342,0.4463674048139048
26,beta,rest,0.0105137028769841,93.75252167077858,0.6396082287054826,0.5673170142415834,0.3020052143240548,0.4522105499302374
26,broadband,execution,0.0310757145957341,264.45110369159363,0.6800039376849917,0.6075300276393379,0.2914001760024486,0.4389793045247787
26,broadband,imagery,0.0286428442253637,184.4262850182637,0.6487328311632672,0.5795889896024187,0.2813085126153306,0.4300826626634236
26,broadband,rest,0.0320840050429894,842.1182506121118,0.6816354583294398,0.6091752868261725,0.2899432638069,0.4375416301686739
26,mu,execution,0.0111737273685515,16.183026008054902,0.6505801427511704,0.5846573410421624,0.2465049445704208,0.377138165445789
26,mu,imagery,0.0113596075148809,17.074518330911665,0.652889219129552,0.58429272463764,0.2500266124968506,0.3811555792356914
26,mu,rest,0.0117239169973544,59.83070111578386,0.668388679022431,0.5924631809310018,0.2596119929453263,0.4020236290163779
27,beta,execution,0.0119919007316468,181.86182755519883,0.5445249821445253,0.4838726627112231,0.2675207997852924,0.4138217509327564
27,beta,imagery,0.0107305540054563,165.1290168432744,0.5507867435788522,0.4878287534802369,0.2637004447511693,0.4000775325456846
27,beta,rest,0.0094033668154761,207.02193680857988,0.6498354920357993,0.5731924815380904,0.31935050993022,0.4750161365503466
27,broadband,execution,0.019131355406746,2901.227282272549,0.5743882956455046,0.5049581176714226,0.2505805074555072,0.3977098403629588
27,broadband,imagery,0.0156834206555886,2022.8878991738093,0.575853806488968,0.5089083000755242,0.2503581540513356,0.3905938862974379
27,broadband,rest,0.0134178654100529,1774.003598021399,0.6056231390173114,0.5340817582219612,0.2830370807643533,0.4192030362187658
27,mu,execution,0.0128481161127645,196.2022881239189,0.6111625472106145,0.5201894554735612,0.2277303791887125,0.4198216781994185
27,mu,imagery,0.012014736276455,211.852148912684,0.6000273646738806,0.5173442958932546,0.2328099017384732,0.410211749310655
27,mu,rest,0.0087616774140211,149.34520933221393,0.5323986593193618,0.4787314294406249,0.2263920382968002,0.3319477211781176
28,beta,execution,0.0162141797908399,192.9290183753181,0.580131687994895,0.5107278187245775,0.2702541024461313,0.4061888174552661
28,beta,imagery,0.0154161758019179,217.19788063732244,0.5715773942028404,0.5150044199287624,0.2680301548960968,0.3991177817523412
28,beta,rest,0.0133458891369047,177.8349464729153,0.5524534194826104,0.4926551374839722,0.2657723717506325,0.3934265811686321
28,broadband,execution,0.0171870504712301,7334.313259041539,0.6128434689633013,0.542656703380166,0.257827845555118,0.3905794500832608
28,broadband,imagery,0.0149252800512566,3766.0045931981535,0.5975022789573016,0.5361329451268032,0.2549233132187675,0.3876964259291999
28,broadband,rest,0.0167601376488095,3119.981742980324,0.5715177307233718,0.510947367981836,0.2518354541081811,0.3746285445412846
28,mu,execution,0.0101558108052248,480.22699961948575,0.5604579318767795,0.4871557099062364,0.2299703955656337,0.3581502122411926
28,mu,imagery,0.0103825567336309,479.3393610757829,0.5740041744679508,0.5040119955301371,0.23873189090451,0.3751743747971691
28,mu,rest,0.0083614934689153,344.548037706102,0.5252979751645551,0.4673658158308139,0.232171201814059,0.3487824073239954
29,beta,execution,0.0102738560267857,21.88585385990908,0.4979084380535162,0.4457583294971585,0.25827045471973,0.3823544777249567
29,beta,imagery,0.010414390604332,25.8110911928017,0.5040527873713693,0.446968143427468,0.2539473104056436,0.3810059524838002
29,beta,rest,0.0125694961144179,90.5588711885969,0.504301895217156,0.4547216702139205,0.2585192853308795,0.3817649698469675
29,broadband,execution,0.0146869083788029,202.2390580078859,0.5580220467027324,0.499255999548779,0.248931878306878,0.379264810854216
29,broadband,imagery,0.0129055137028769,236.5460096340039,0.5542800714379126,0.4968223323998511,0.2458335519699153,0.3740239319769907
29,broadband,rest,0.0200527033730158,674.2041139088525,0.5526205380278159,0.5004822689358981,0.2552527438891073,0.3874055169692919
29,mu,execution,0.0117253585896164,42.40881800836071,0.5738856821114191,0.5197910212388462,0.242833522297808,0.3650459435756247
29,mu,imagery,0.0118725275917658,80.90187756894063,0.5659770025483177,0.5053384679915986,0.236164808515999,0.3744917246436104
29,mu,rest,0.0101834284060846,122.0782110571184,0.5758503614778612,0.5203934449945793,0.2465513983371126,0.3804219280053649
30,beta,execution,0.0264425714079034,16.019512723476723,0.7716721055879078,0.6945582901870339,0.372869747335327,0.548712001310888
30,beta,imagery,0.0285638718377976,14.572094699440868,0.7500438522636734,0.6838785654624872,0.3461938309945556,0.5170796435862113
30,beta,rest,0.0225056836970899,62.77740560846193,0.7249147495017575,0.6470667268757755,0.3319616977225672,0.4996136686924411
30,broadband,execution,0.0393725973462301,354.1416925916925,0.7665598643994715,0.6845157539580818,0.3277666819712274,0.4907060600011229
30,broadband,imagery,0.0246081116691468,149.0230418733651,0.73114677270111,0.665047716025387,0.3098001115046568,0.4667629216704435
30,broadband,rest,0.0352219742063492,1612.7039417400665,0.7364304714288976,0.6553813696607992,0.3003525514889149,0.4651763621335241
30,mu,execution,0.0145357065352182,17.06398548357444,0.6885588779241918,0.6155699415750059,0.2684150604686319,0.3964295352432633
30,mu,imagery,0.0148528542493386,20.02778695771767,0.6883203037945227,0.6253025743068128,0.2656056311413454,0.4143449355404194
30,mu,rest,0.0144914124503968,80.42862234104442,0.6638938511310558,0.600951200039071,0.2593694885361552,0.4103786545363159
31,beta,execution,0.0174744078621031,141.17912709938074,0.6934220700559777,0.6307478835368502,0.3164451058201057,0.4696848291512241
31,beta,imagery,0.0172762457630621,141.45261098128017,0.6686697832510691,0.6031268780282926,0.2995981423970553,0.4551102399020522
31,beta,rest,0.0143016803075396,133.12231537280306,0.621379460211548,0.5585401684278535,0.2819530710835058,0.4220672051546067
31,broadband,execution,0.0171684286127645,1158.9696360928615,0.6757774062721539,0.6136976447728395,0.2862162753071842,0.4341339873572247
31,broadband,imagery,0.0155192651496362,1059.098884651923,0.664363224245105,0.5940804050077302,0.277808605535878,0.4335111136336828
31,broadband,rest,0.0192048507771164,765.4359527678104,0.6317846117335497,0.5669096012260877,0.2655231973413789,0.3945878558540479
31,mu,execution,0.0102082119088955,318.9457779575374,0.664269015506113,0.5936776645228978,0.2379988662131519,0.3636875004225635
31,mu,imagery,0.0094151449859457,384.8271788224233,0.6603545342310154,0.5956639083402366,0.2483988410178887,0.3759122232992427
31,mu,rest,0.0094779265873015,221.4838555249989,0.6082159887913117,0.5445021512343269,0.2356355505165029,0.3455174743078757
32,beta,execution,0.0106544338004298,270.2518309609174,0.433552557815034,0.3888707918003776,0.2433729200214706,0.3584845409213428
32,beta,imagery,0.0089334723255621,296.5033801374709,0.4185933015641865,0.3801821500773905,0.2429046852235257,0.3594650183521095
32,beta,rest,0.0090138268849206,219.51232636334183,0.4155669147136184,0.3752580068651812,0.2407311555862279,0.3514635269451323
32,broadband,execution,0.0282538649140211,6898.527453533866,0.5889286168524135,0.5262263724547938,0.2483919279373822,0.3842344360544636
32,broadband,imagery,0.0137404333043981,4795.669118579369,0.5107889390009085,0.4600156416011424,0.2601837093882546,0.3976477815430941
32,broadband,rest,0.0131249483300264,1754.0367897524957,0.4862611236600302,0.4391231441804367,0.2365095762823032,0.3509424929710121
32,mu,execution,0.0162425001033399,293.3989861173366,0.7292889552515361,0.6302311574664233,0.2483290816326531,0.3891971928867926
32,mu,imagery,0.0094923450934193,183.32433958110624,0.5273469300947791,0.4703033739020775,0.2378417107583774,0.3606657504792416
32,mu,rest,0.008758628885582,127.57928227729089,0.5150012390996616,0.4574295741722823,0.2250661375661376,0.3259167983628023
33,beta,execution,0.0105161003637566,57.98083901224673,0.4543041303826198,0.406001814488219,0.2415317076911278,0.3588351281843981
33,beta,imagery,0.0096324043072089,66.72004209391439,0.45711084596709,0.4033364968783849,0.2458639579020012,0.3784216562389136
33,beta,rest,0.0086657262731481,91.56215640968126,0.4435910913949591,0.3961191891669359,0.2434907215704315,0.3621274581484829
33,broadband,execution,0.0242443912243716,1010.1794526719392,0.5196634405563331,0.4627906482859363,0.2381277329572781,0.3532773299054087
33,broadband,imagery,0.0212884269593253,816.5232476920922,0.5044748759878136,0.4446294213798328,0.2396591182386634,0.3699442970649499
33,broadband,rest,0.0181059854497354,500.2177473247268,0.5045399481297314,0.4431393705266667,0.2458950981678251,0.3739359771599569
33,mu,execution,0.0111715443121693,44.80972985797931,0.5537751617013508,0.4872647829677835,0.2313364512471655,0.338585497113839
33,mu,imagery,0.0093331576554232,47.48785080643475,0.5071133339513355,0.4530936960990813,0.2345759322247417,0.3657288248804909
33,mu,rest,0.0076557333002645,71.4109761515595,0.5153308055769192,0.4621138386457646,0.26005291005291,0.3911684328319273
34,beta,execution,0.0102125134341931,11.502804802869168,0.5407182905259478,0.4794185450726429,0.2602667069243155,0.3862348811822896
34,beta,imagery,0.0108794436177248,11.74650099213039,0.5272341684347174,0.4657046000716141,0.2572088030059043,0.3863905596554092
34,beta,rest,0.0094170593584656,53.17517639081776,0.5336507505586482,0.4723891326040855,0.2546871405567056,0.3764086925983553
34,broadband,execution,0.0123070514012896,218.0067763227348,0.5478452917862342,0.4827659867351047,0.2473174657833746,0.3701359201272255
34,broadband,imagery,0.0160245613219246,216.16129687288569,0.5427421530773661,0.4758236404073866,0.2467994064016788,0.3744794199210563
34,broadband,rest,0.0099207899305555,898.8231370256422,0.518396031515038,0.4602390430132907,0.2394032314486857,0.351527598849864
34,mu,execution,0.0085656337838955,28.94786385498792,0.5170572575931116,0.4588960675630119,0.2246060090702948,0.331151297242848
34,mu,imagery,0.008666439318783,38.34028224309417,0.5350189558776294,0.469884662160399,0.2356084656084656,0.3709335681629552
34,mu,rest,0.008253761574074,154.10310235535286,0.5024921794683722,0.4527148144571426,0.2128810783572689,0.3173688025428641
35,beta,execution,0.0107826270047949,30.639574690844245,0.4940269525707455,0.4421865695507841,0.2546638486312398,0.3766962706363294
35,beta,imagery,0.0105298626612103,29.43048571139377,0.4922310957361162,0.4388986495028047,0.2510019362012115,0.3740741118739832
35,beta,rest,0.0114340484457671,32.325998260843704,0.4626750919336888,0.4145587942916623,0.2461266390614215,0.3660302690787974
35,broadband,execution,0.020381531084656,556.3800937256945,0.561236543446725,0.5026763985379717,0.2524925936857752,0.3805788810729931
35,broadband,imagery,0.0184903480489418,387.459703260434,0.558604249156226,0.5004752647932055,0.2506266397743668,0.3782014038513328
35,broadband,rest,0.0208601500496031,543.3421541671481,0.5381968924399169,0.478814884762287,0.2451265905811357,0.367775193159174
35,mu,execution,0.0109066220238095,53.62545298929194,0.5732091405406379,0.5092317998806358,0.2544286974048879,0.3958397442300355
35,mu,imagery,0.0112123842592592,58.0890835225711,0.5757933789141612,0.5116460041011557,0.2523159171075838,0.3893952073669346
35,mu,rest,0.0091725053736772,50.66546569362758,0.5729699806079273,0.5012656188136343,0.241871378180902,0.3876692255656968
36,beta,execution,0.0130047768890542,509.7350307620053,0.6606344033293221,0.5864283310803413,0.3089839256958821,0.4729205257253234
36,beta,imagery,0.013303230406746,448.6540272562085,0.6913215352337879,0.603644659530244,0.3125223334100145,0.4853362656137522
36,beta,rest,0.0139376136739417,367.6761113785012,0.5962488023606562,0.5198073328311842,0.2782800398742427,0.4270687699836013
36,broadband,execution,0.0186902720940806,2972.41863819659,0.6831063405382942,0.6101590604929275,0.2818445821854911,0.4336110865796279
36,broadband,imagery,0.0206416868179563,2946.480316593957,0.711543698021158,0.6277267938372523,0.2924217827626917,0.4549782887706926
36,broadband,rest,0.0217143580522486,2827.851409320124,0.6393433478366601,0.5639508526164371,0.2644781144781142,0.4091546524601107
36,mu,execution,0.0158403113632605,469.10249566232005,0.7023046379981402,0.6294371850417997,0.2458372700932225,0.379690585353149
36,mu,imagery,0.0139228076430224,444.7202213239249,0.7354602138051307,0.6620890234320282,0.2723985890652557,0.4407892229712424
36,mu,rest,0.0166580894510582,387.1007515744013,0.706171777443353,0.6284052889038916,0.2414399092970521,0.3565936592809695
37,beta,execution,0.0128221777860449,15.474869547326398,0.6240910945568433,0.5610473684859878,0.3056576374511156,0.4525795852199955
37,beta,imagery,0.0116993634259259,20.76723327958485,0.5641546451389098,0.5109039041709428,0.2897510735373053,0.4260005200026638
37,beta,rest,0.0131283585482804,75.47166713256621,0.640415029077034,0.5643343763795393,0.3028419983130127,0.4540784840439161
37,broadband,execution,0.0171398912863756,81.82418852010476,0.6557047634757854,0.5956840402377412,0.2850598790939698,0.4245822363063835
37,broadband,imagery,0.0150750713045634,78.21487710643063,0.6179694504441356,0.558688712333981,0.2752893928462108,0.4037686488944517
37,broadband,rest,0.0195458209325396,493.67115144759606,0.6734420470070941,0.595506062490731,0.2799111242293058,0.4233841873108134
37,mu,execution,0.0127960792824074,8.290090771749133,0.6912373537286868,0.6200646069692552,0.2634060846560847,0.3859252984080389
37,mu,imagery,0.0117563941592261,8.91240772558505,0.6780538806115616,0.6008127277225167,0.2647230095742001,0.3863483647559902
37,mu,rest,0.0134611648478835,50.36087460828579,0.6783293031576861,0.6128396285801605,0.2586010330057949,0.3812323340732266
38,beta,execution,0.0097920541914682,204.2445461755925,0.4744584626500797,0.4253158551889155,0.2473402634000459,0.3733676966374283
38,beta,imagery,0.0090351174975198,187.9087010710924,0.4838885751532104,0.4375083497932203,0.2495526129131201,0.3703855973589027
38,beta,rest,0.0098500537367724,105.15947729427108,0.5271598325263601,0.465803140970902,0.2603989341308181,0.3880212278178035
38,broadband,execution,0.0107655914145171,750.804192073599,0.530146381998688,0.4697220301693397,0.2429036304604483,0.3664387100124929
38,broadband,imagery,0.0092592695932539,668.9763844500608,0.5329589042444405,0.4796304387473253,0.2420198194061828,0.3560653787395597
38,broadband,rest,0.011661396329365,781.6262580390559,0.5652129156099197,0.4962170767522067,0.2501514058332238,0.3706466217815785
38,mu,execution,0.0090531735697751,151.42565718434346,0.5942802501383719,0.51517450489841,0.2353932035777274,0.3568286893287231
38,mu,imagery,0.0086735284391534,138.11394024254577,0.5759448321120331,0.5181899604002436,0.2347754472159234,0.3475486273269418
38,mu,rest,0.0086422681051587,100.85094858106166,0.6009305911360044,0.5350698351687722,0.2174319727891157,0.3120999564813268
39,beta,execution,0.0103298094411375,340.94278057758027,0.5003507363396947,0.4391001092415417,0.2560166494133885,0.3945366171672201
39,beta,imagery,0.0099959464905753,331.83142968135,0.4727105813031899,0.4240985241108976,0.2521676826930449,0.384969814740367
39,beta,rest,0.0091855778769841,207.83716633469265,0.4884475775665286,0.4311708068767009,0.2513476727244842,0.3820547499330198
39,broadband,execution,0.0152128234540343,5704.87511543029,0.544250673450685,0.4773981473987418,0.2469707354934625,0.380747275949637
39,broadband,imagery,0.0114114505828373,3409.571434376828,0.5220822848467008,0.4616978297063549,0.2407031899077351,0.3699659327934445
39,broadband,rest,0.0135588210978835,3171.7295325243326,0.5241568925480085,0.4613547149164589,0.2422302024574749,0.3671347385934714
39,mu,execution,0.009715355282738,313.5109918824352,0.5349294062557935,0.4716423259033396,0.2207848324514991,0.3376760091781293
39,mu,imagery,0.0091331716063161,321.70168368367735,0.5491908947683785,0.4720622833463693,0.2245362496850592,0.3599350440755701
39,mu,rest,0.007918785135582,245.7963884810489,0.5180798651146622,0.4588307740651778,0.2289399092970521,0.3315585221688756
40,beta,execution,0.0108859333664021,92.02001867366468,0.5723760949026823,0.5032612866764841,0.2699960221608771,0.4046582543566691
40,beta,imagery,0.0104389958457341,89.04167208451994,0.5626886829235118,0.4910330570768265,0.2616683919944788,0.3944290516266458
40,beta,rest,0.0101480344742063,112.54848970239352,0.6028866660750392,0.5256202525265242,0.2807491756767117,0.4212112259658135
40,broadband,execution,0.0113907593419312,1095.0934024415924,0.5705604014755281,0.5004252936865845,0.2515255914119548,0.3722076579477867
40,broadband,imagery,0.0089769474413029,841.5673001072691,0.5705032594259041,0.4981975977650953,0.2476388888888886,0.3670015956443577
40,broadband,rest,0.0138778315145502,1614.8102539277925,0.6009856311157252,0.5260809595701162,0.2597550177095629,0.3920619776164871
40,mu,execution,0.0081121031746031,77.57861958831333,0.5886801449010627,0.5099828351711448,0.2255790186444949,0.3335075443643026
40,mu,imagery,0.0081343160962301,76.6247427917142,0.5865276460387948,0.5088989094317523,0.2260563114134543,0.3345444882743416
40,mu,rest,0.0089864934689153,92.38178660217116,0.6123759791203285,0.5254564302414806,0.2270628621819098,0.3424150246176472
41,beta,execution,0.0127230334408068,12.576453072094038,0.5569978549121236,0.4976262865136788,0.2742169408020856,0.4087664373530184
41,beta,imagery,0.0117691049727182,13.412442770423842,0.5558376662783588,0.4983449490327813,0.2730039394985046,0.4067257002351248
41,beta,rest,0.01374431630291,59.20833649808336,0.5649136945117557,0.4970369688627782,0.2728490913273521,0.4092483475428638
41,broadband,execution,0.0232782298900462,321.06297405818486,0.6187185944902462,0.556961479179625,0.2741729524684068,0.4118557159410515
41,broadband,imagery,0.0190792462384259,120.81591159586296,0.6078706742146848,0.5459687481640558,0.259073418164327,0.3882791898438923
41,broadband,rest,0.0227047681051587,637.0508785894724,0.6056774697313099,0.5405503391035628,0.2636975818793998,0.3914008221723718
41,mu,execution,0.0124695896370701,16.936790873488093,0.6110594423332188,0.5450816166423725,0.2484774187452759,0.3812229992024816
41,mu,imagery,0.0120602911086309,14.073898821496124,0.6305634761847616,0.5602661893253413,0.2433201058201058,0.3718969180126745
41,mu,rest,0.0130990100033068,56.91782075307972,0.5788521361512604,0.5253781227511456,0.240038422776518,0.3496941960930778
42,beta,execution,0.010481372974537,33.14339480469495,0.5207905452460506,0.4677658380193638,0.260840713902308,0.3882406037173327
42,beta,imagery,0.0098757853835978,42.01200542918412,0.5300573996474474,0.4705617642982548,0.2643253968253967,0.4007522815968696
42,beta,rest,0.0106180245535714,131.23925590720634,0.5233729736460512,0.4689970352057276,0.2725797484855455,0.4085190972375383
42,broadband,execution,0.0167563321552579,196.068550348794,0.5720715518180196,0.509571793407426,0.2544054998032268,0.3867975057525105
42,broadband,imagery,0.0143972025876322,184.2826921468759,0.5731491966148125,0.5066987258254686,0.2581589706589704,0.3982989298720397
42,broadband,rest,0.0162530485284391,675.5054689662669,0.5758633460589989,0.5088922072452564,0.2691957453321087,0.4089334881912768
42,mu,execution,0.0107638759713955,47.48147275216799,0.6014404756042702,0.5381865712446563,0.2561248110355253,0.4065133834626087
42,mu,imagery,0.009718277219742,68.78859567178195,0.6169165500699945,0.546156053624127,0.2668197278911565,0.4372588940656792
42,mu,rest,0.0103732638888888,150.61624007663104,0.6063707444643177,0.521037165620564,0.291216301335349,0.4555931615751247
43,beta,execution,0.0104787403893849,231.19493986136376,0.5383702370679339,0.4802096161445076,0.2639427095314775,0.4003744299480156
43,beta,imagery,0.0095844132357804,245.57803603084423,0.5216731588862622,0.4653140982280013,0.257480446284794,0.3963985955896013
43,beta,rest,0.0096991257440476,169.93174237654827,0.5085514367717273,0.4449098340170782,0.2545826623725173,0.3791275898647348
43,broadband,execution,0.0203294348338293,4819.094572479507,0.5743348288850025,0.5089950780775184,0.2538622152258514,0.3880223016442903
43,broadband,imagery,0.0171222124049272,3242.9544887419825,0.5396850119753837,0.4790763455387868,0.2459832633696267,0.3798182233836777
43,broadband,rest,0.0182228629298941,3906.2978806792944,0.5339196118703365,0.4643201093068764,0.242581114172023,0.3703468043892182
43,mu,execution,0.0104210792824074,207.18393173393517,0.5843849168400523,0.5089234224770056,0.2302489606953893,0.3472308925541242
43,mu,imagery,0.00919775390625,167.97736393080382,0.5344044341183039,0.4764128781461346,0.2247924540186445,0.3353029453294456
43,mu,rest,0.0102310164517195,197.12403648709457,0.5224457100086551,0.4558646841154334,0.2159391534391535,0.3250504846127295
44,beta,execution,0.0115602471891534,280.75616119726845,0.5234632216761336,0.4611933775007247,0.26345180584311,0.4070928760463491
44,beta,imagery,0.0114880229001322,256.009389946089,0.5114576513411763,0.455038368251336,0.2557333601717658,0.392014883989602
44,beta,rest,0.0104090711805555,208.51392624575703,0.4911594974475516,0.435034196161583,0.2493443754313318,0.3748075072492272
44,broadband,execution,0.0240655201099537,9026.3564974948,0.5799286246752611,0.5131246141409762,0.2667861788884514,0.4217299868949545
44,broadband,imagery,0.0238458400504298,5978.958499772251,0.5736502544304298,0.5077741749135565,0.2586467762035941,0.4118483301360049
44,broadband,rest,0.0238594886739417,5304.887982529946,0.5450947837528649,0.4817536826504221,0.2511675193493373,0.3799476319975062
44,mu,execution,0.0140978474289021,927.9522665318711,0.5862246820573845,0.496933905846184,0.2479116276140086,0.4492791851192755
44,mu,imagery,0.0159157882771164,989.11582951628,0.6354111341850538,0.5503087804758551,0.2792699672461577,0.4978638705000926
44,mu,rest,0.0138663607804232,328.4189348401708,0.5522649552395721,0.4749714136978291,0.2231449987402368,0.3588217829424897
45,beta,execution,0.0164820240162037,264.2581451344605,0.6116457438741958,0.556024420450945,0.2898478356721109,0.4390164210729939
45,beta,imagery,0.0160956488715277,278.8297858372879,0.6050349764278515,0.5379287164016456,0.2820956981826546,0.4315610557745951
45,beta,rest,0.0142639095568783,219.9451886363077,0.578665143268859,0.523596806091594,0.282302929223219,0.4197894113198819
45,broadband,execution,0.0279001477761243,2445.875113061657,0.6725843365948175,0.6120953843526568,0.2747703222703221,0.42201108176967
45,broadband,imagery,0.0273316514756944,2460.4911572760493,0.6691788277743277,0.5945455167101116,0.2690902531811621,0.4228539399125824
45,broadband,rest,0.0262442129629629,1836.472471545166,0.6264173576317623,0.5731529401664847,0.2621818837727926,0.3968485248048745
45,mu,execution,0.0151081090856481,262.3885821949492,0.7568112407376402,0.6889267726846964,0.267948790627362,0.4167000562993731
45,mu,imagery,0.0163572978670634,315.726453078718,0.7372750994142042,0.6593216024992151,0.272908950617284,0.4177789878629577
45,mu,rest,0.0132718460648148,206.6314109891203,0.6659039745277384,0.6154446047949412,0.2547587553539935,0.380133058215624
46,beta,execution,0.0211677259011243,259.09395714370464,0.7314070504899132,0.6491324888861201,0.3262883406180507,0.4979802744553185
46,beta,imagery,0.0130639390087632,170.42202661906205,0.67344724991378,0.6038166044294155,0.3056501131048231,0.4572571022347277
46,beta,rest,0.0121143353174603,167.59089184928567,0.6798371246908086,0.6028300145364333,0.3087704163791119,0.4637215495289124
46,broadband,execution,0.032103699053406,6971.279829412955,0.7881910256635868,0.6949802761318036,0.3086690771349861,0.4876010740774356
46,broadband,imagery,0.0138064313616071,1159.3286968852644,0.7006103218297484,0.6297246201401931,0.2867486827145916,0.4275315924716601
46,broadband,rest,0.0169298218419312,1508.5375850667283,0.6950315761337025,0.6201359791847164,0.2841865625956534,0.4260075825944234
46,mu,execution,0.0185743892609126,524.3734173802097,0.8622614092850533,0.7535474846250999,0.2999737024439405,0.4870187516796428
46,mu,imagery,0.0106018311838624,164.38678629249105,0.7145712076523567,0.6417583353375973,0.2525507054673722,0.376609583096415
46,mu,rest,0.0118918960813492,191.06184625110305,0.6945093931574282,0.6230680778829253,0.2470930964978584,0.3764928473623307
47,beta,execution,0.025220638537533,26.099142241509224,0.7779288525157487,0.7083979022141215,0.3568714055670577,0.5233929376550321
47,beta,imagery,0.0252114386987433,25.694286870639168,0.7731402931853022,0.7010578201358143,0.3484544417606011,0.5137987509921872
47,beta,rest,0.0268464265046296,105.46276093724912,0.7451464877632042,0.673617524079867,0.3380664826316999,0.4952332311930155
47,broadband,execution,0.0242245499545304,209.0767665947445,0.7701130678052663,0.6997390788049819,0.3237729568411386,0.4808840389065283
47,broadband,imagery,0.0243150783316798,238.1225079043279,0.7661526783739842,0.6930952543396334,0.3124458874458873,0.470964853161936
47,broadband,rest,0.0337478815310846,980.9046698925868,0.7431389340361954,0.6655022427702,0.3098484848484847,0.4637328338235627
47,mu,execution,0.0134213815517526,31.339427318405694,0.7757014544176589,0.70572069543427,0.2980991748551272,0.4644878176662527
47,mu,imagery,0.0140404317542989,29.841431478849245,0.7612378725384434,0.6832765628059891,0.2784859221466364,0.4457760557890766
47,mu,rest,0.0158078083664021,105.01196263488724,0.7424279271068573,0.6574543074816755,0.2933862433862434,0.4480477577781728
48,beta,execution,0.0107177579365079,544.3205025966714,0.4932091261292167,0.4379039269611297,0.2528599225519514,0.3871669343304842
48,beta,imagery,0.0089321185722552,610.2439423906495,0.5289660646802863,0.4738795903588162,0.2717608408097537,0.4083892017241347
48,beta,rest,0.0097371548445767,466.4770691705924,0.4725009975105759,0.4211294862629696,0.2490309408787668,0.3683428701107874
48,broadband,execution,0.0234305323040674,7345.283007682754,0.5465570080446641,0.4834690304165422,0.2471675084175081,0.395898101102451
48,broadband,imagery,0.0137726676173941,4046.5609701913454,0.5661405196779514,0.5022504415192974,0.2593422045126588,0.4008103256280583
48,broadband,rest,0.0120315600198412,3261.0632896878,0.516505341738293,0.4539997209446771,0.2417787179150813,0.3678467117096176
48,mu,execution,0.012319351438492,1534.8395444912012,0.5746168879452261,0.5053170675966863,0.2424096119929453,0.3987558727873551
48,mu,imagery,0.0110130647528108,1777.992273535057,0.566691385558658,0.5037190088462048,0.2444800327538422,0.3858425749532298
48,mu,rest,0.0097228422619047,1640.6092013213602,0.5654884442733362,0.4915356215163518,0.232986898463089,0.3855497960243601
49,beta,execution,0.0090794710028108,419.1144479932653,0.5280708126665561,0.4735738159688833,0.2771882907752472,0.417425445539234
49,beta,imagery,0.0096214890252976,477.0834582507951,0.5091788613868393,0.4581272268241074,0.2722177651253737,0.4187222643323675
49,beta,rest,0.0086189132771164,444.13471436393934,0.513937915942457,0.4558168793490735,0.279164749635764,0.4192474277751504
49,broadband,execution,0.0132890521660052,1959.855225216644,0.5614643318266094,0.497189317486545,0.2618345522322792,0.3966073483804982
49,broadband,imagery,0.0145776263847552,2429.17725875462,0.5438454995253281,0.4864373532803981,0.2577233919279371,0.3958084715887857
49,broadband,rest,0.0148075293485449,3205.985081431982,0.5560374325681834,0.4952969921135798,0.2638528138528136,0.4002142258424943
49,mu,execution,0.0097055870742394,172.75404820523795,0.5834186092135007,0.5109198465573912,0.2362137818090199,0.3496814766026549
49,mu,imagery,0.0097719287367724,190.1020954391182,0.5554305609832063,0.4973205634996985,0.2292937452758881,0.3360372713326119
49,mu,rest,0.0108789062499999,219.47109094808485,0.5969453502429264,0.5163224889770618,0.2314751826656589,0.3546513370503745
50,beta,execution,0.0114494280133928,80.8375021344545,0.6121403523122865,0.5414892689824015,0.2917728701786671,0.4396797352146043
50,beta,imagery,0.0113648029307209,76.48227882537073,0.6293010590346216,0.5609998977350205,0.3035905030289087,0.4519737576185688
50,beta,rest,0.0117503203538359,73.51354844990992,0.6599234476597802,0.5911933895597481,0.3206751782838739,0.471957964229741
50,broadband,execution,0.0204106987847222,714.1350841593267,0.6677576200498595,0.5966420167957449,0.2800042360837814,0.4199810991321014
50,broadband,imagery,0.0148853985821759,264.7362646134106,0.6613817646099787,0.5935478898109345,0.2782705846342208,0.4148050998334057
50,broadband,rest,0.0268284453538359,595.3213160183573,0.6921908681769942,0.62001994433058,0.2952659714023348,0.440110861419381
50,mu,execution,0.0123972568411044,63.69691093801098,0.6838525263775723,0.6079635637654236,0.2542180020156211,0.3812419137836026
50,mu,imagery,0.0128200412326388,51.81941207853555,0.7050262105053637,0.6407062902972385,0.2454489480977576,0.3656356516386512
50,mu,rest,0.0131123408564814,51.6036012274272,0.674623868929728,0.6048300728405628,0.2503212396069539,0.3808739833751978
51,beta,execution,0.0114137602306547,3.9990926120386057,0.5975854408446435,0.5269721507640224,0.2805433824093243,0.4211070630946706
51,beta,imagery,0.0104585141782407,3.94069399568533,0.5942096570003559,0.5262622505177098,0.2795450885668276,0.4228222849759722
51,beta,rest,0.0087169828869047,20.8435453429362,0.5699476616243956,0.4991391643083163,0.2724666436622957,0.4105347716996653
51,broadband,execution,0.0283192015955687,78.38078442910705,0.6240564378086931,0.5434130332881791,0.2613184059206784,0.4022206554223156
51,broadband,imagery,0.0315550646908068,94.18165274337044,0.6178653529873952,0.5353506716296627,0.2594435698981151,0.4131213784108743
51,broadband,rest,0.037034763558201,433.1862490128805,0.6036882099930035,0.5130301761689309,0.2565820543093268,0.3990380378327242
51,mu,execution,0.0106716373181216,3.652109626568978,0.5928136286831258,0.5270317099430073,0.2287836986646511,0.3369272866737151
51,mu,imagery,0.0113113555100859,3.608644269047228,0.5844012299891863,0.5243058101075152,0.2270735701688083,0.3442221979413078
51,mu,rest,0.0112598172949735,17.965594542406564,0.575308102031943,0.508034378729867,0.2267510707986899,0.3549940827688277
52,beta,execution,0.0153827453290343,186.0918786565629,0.6125373781660998,0.5395831102287735,0.2773208534621577,0.4217060041646638
52,beta,imagery,0.0130551241112764,220.12871215747683,0.561773782480883,0.4987895007700559,0.2622112951460776,0.3937317231076009
52,beta,rest,0.0113104538690476,209.2126795408012,0.5362535481953986,0.475792159515959,0.2567556169005443,0.3898091862624318
52,broadband,execution,0.0128629531456679,2399.8268841484887,0.591809931019609,0.5203944856354743,0.2584857230311773,0.3982663517004507
52,broadband,imagery,0.0123365859581679,2496.004131139728,0.559898409218956,0.490612637944322,0.2480113089772178,0.3820206026578744
52,broadband,rest,0.0108340050429894,2407.31083613431,0.5430941168806362,0.4810751857285984,0.2498874021601292,0.3868419888542237
52,mu,execution,0.0129679697833994,382.2630818772088,0.5449791233546263,0.4748535143171006,0.2318296485260771,0.3730478452816523
52,mu,imagery,0.0115674499834656,546.1446620172503,0.5297225596084462,0.4573846776624128,0.2296058515998992,0.3801006109906014
52,mu,rest,0.0092723317625661,392.9250042529558,0.5422889550632924,0.469346526516986,0.2441452506928698,0.4065681945446148
53,beta,execution,0.0168914594700727,532.9196776238946,0.5551921389079925,0.5025816054925011,0.2810721953837894,0.420167761834321
53,beta,imagery,0.0161333395337301,539.0414992245135,0.5551362181060508,0.5005218954470418,0.2770710164097844,0.4139304047742409
53,beta,rest,0.0178937768683862,339.9225087157078,0.6142501159403668,0.5497750680023897,0.3026455026455026,0.4542641177814226
53,broadband,execution,0.0259284190021494,4782.848338774491,0.6357685732025299,0.5744461589744938,0.274923395207486,0.4117918382083992
53,broadband,imagery,0.0245691085896164,4943.513428536629,0.6351289175492785,0.5690681056019657,0.2740954184704183,0.4102918948801161
53,broadband,rest,0.0236713583002645,5117.0403246334345,0.6713520010855883,0.597200376306677,0.2850867987231622,0.4319770422377868
53,mu,execution,0.016791359230324,273.01411092249583,0.7484875418052923,0.6656181116959046,0.2647014361300076,0.3979585506627814
53,mu,imagery,0.01643669911541,267.7559164123576,0.7465482654480363,0.6609954854829316,0.2632796359284454,0.3942971301214439
53,mu,rest,0.015783626818783,249.3331806330409,0.7299340333460874,0.6425423088829201,0.2590797430083145,0.4060124635492587
54,beta,execution,0.0106719344204695,200.78716018771223,0.5462955849279836,0.4883799439289809,0.2660099398052296,0.4019799301398004
54,beta,imagery,0.010281578104332,205.16006298903196,0.5450826883505739,0.4819867747143282,0.2608556667433478,0.396692777985152
54,beta,rest,0.0091790157903439,178.64823959801404,0.5235807958424658,0.4611833732190613,0.2615970784449044,0.3913589076847498
54,broadband,execution,0.0239089962590939,7089.316303666582,0.6091201695615688,0.5466732635348179,0.2698099774804318,0.410535283179906
54,broadband,imagery,0.0180324694113756,4481.448088177654,0.590335268904682,0.5186975371622112,0.2553047793956882,0.3990085099067358
54,broadband,rest,0.0234392567791005,4170.600995670863,0.5815593842549244,0.5180764801577541,0.2611007258734529,0.3929553458133131
54,mu,execution,0.0137322203621031,387.1820260557464,0.5614667966956353,0.4934799122850045,0.2353357268833459,0.3811927731237036
54,mu,imagery,0.0100617533688822,532.6418301595843,0.5481389759434239,0.4763046847604727,0.2429972915091963,0.3959092399081202
54,mu,rest,0.0089731626157407,264.3864131072288,0.5339453831294458,0.4789877829943779,0.2426083396321492,0.3542611235462766
55,beta,execution,0.0113950531167328,7.164608621743495,0.6191031888131988,0.5458365464648071,0.293839573268921,0.4466947211786317
55,beta,imagery,0.0114234896866732,7.975247876792453,0.6110219006979908,0.5434624391724684,0.2881515988037726,0.433737516565955
55,beta,rest,0.011457454943783,33.03314036293021,0.5957089036593357,0.5395207254160622,0.2863219845103902,0.4286878925097778
55,broadband,execution,0.0396266586061507,360.0097181590692,0.6844527370081982,0.6134629792762514,0.2906678800996981,0.4392446415487833
55,broadband,imagery,0.0335425063037367,324.31729806542114,0.6735703926595208,0.608195058661479,0.278052685950413,0.4179544879578946
55,broadband,rest,0.0324586123511904,1053.0718653572646,0.6699538169205882,0.6074961917754678,0.2877683764047399,0.4317443694982523
55,mu,execution,0.0137443705563822,16.210700610293106,0.6612314537617272,0.5781738735593651,0.2501585726883346,0.3942397414685606
55,mu,imagery,0.0137064990492724,17.35420104403703,0.6550915589528385,0.5890348276417257,0.2481267321743512,0.3851742053999272
55,mu,rest,0.0134195705191798,59.61339101991587,0.6724653904037338,0.601935882174578,0.2772329302091207,0.43260473865276
56,beta,execution,0.0136499126777447,612.2070560250833,0.6038431197005529,0.5351033387701198,0.3019796698872785,0.4712570277770306
56,beta,imagery,0.0130893063822751,590.1838151142451,0.6070343020876954,0.5359192883768319,0.2950273176903611,0.4464728772474959
56,beta,rest,0.0165223524305555,306.57809224027704,0.6133449717454462,0.5394425115259766,0.2924526493367072,0.439984316259946
56,broadband,execution,0.0148043903976521,3599.833624701998,0.6401562538512694,0.5678774002023568,0.2800220822948094,0.4372824279347603
56,broadband,imagery,0.0142977688905423,3859.543222417645,0.6409805669778986,0.5702625801952792,0.2768717204512657,0.4208711648684479
56,broadband,rest,0.014946056547619,1986.3330467809087,0.6347562835032903,0.5568182274885389,0.2747086667541211,0.4208347792114411
56,mu,execution,0.0120535559275793,807.9503810880748,0.6507989484634205,0.582992711308051,0.2454859536407156,0.3741604769121172
56,mu,imagery,0.0104178447420634,899.7507307495167,0.6530198394439515,0.5828360682961831,0.2509856072058453,0.3697881128830246
56,mu,rest,0.0119211412863756,710.8265200584596,0.640214342950897,0.5538746365179592,0.2638070042831947,0.4174254611360113
57,beta,execution,0.0141208664021164,315.3695612812825,0.5806362884693903,0.5205324131038612,0.2764893892339543,0.4265536949433568
57,beta,imagery,0.01269451161541,371.69989682241714,0.5479750931670242,0.4987220343651439,0.2730999827467218,0.4125356725626665
57,beta,rest,0.0133239810681216,179.35982254234185,0.688811975910956,0.6104854970002931,0.3067278199524575,0.4637899819656615
57,broadband,execution,0.0148468734499007,2188.225297993376,0.6756074783521077,0.58904854276889,0.2639903089334905,0.4213385970791985
57,broadband,imagery,0.0125240420386904,1085.5656336319166,0.5859303954758883,0.5251063753462912,0.2565567197953559,0.3854507254323713
57,broadband,rest,0.0112767133763227,1101.444854548046,0.6846779210435046,0.6002068665160574,0.2779931348113165,0.4145500299137762
57,mu,execution,0.0132258959573412,245.72025638133195,0.7563452918523403,0.6360865769507502,0.2452234504913077,0.39774047593643
57,mu,imagery,0.0107794415509259,179.156339047278,0.6354872966755301,0.5624668849368452,0.2421184492315445,0.3666422711459235
57,mu,rest,0.0085132998511904,158.46906687456217,0.6586995284755195,0.5900649587980169,0.2253086419753087,0.3233873070210279
58,beta,execution,0.0127136372561177,353.5597358399647,0.7143591604912292,0.6268247587115328,0.3424640556705773,0.5181137008152509
58,beta,imagery,0.0111953409184854,320.36421328930624,0.6176473996317586,0.5668035747461437,0.3096420424047235,0.4519017907480708
58,beta,rest,0.0102389736276455,455.35065998030825,0.5537066818378076,0.4955564551210573,0.2795634920634919,0.4025666492887629
58,broadband,execution,0.0145933598916997,674.9651672346181,0.7194206539189845,0.6320986987675558,0.3075626120512483,0.4646819813592754
58,broadband,imagery,0.0124917586392195,564.2315742548373,0.6345884058223609,0.5772800641765228,0.2819129061174514,0.4165767572650994
58,broadband,rest,0.0105358176256613,721.559079922955,0.583684963981261,0.5216639676725795,0.2636380034107304,0.3795242674085547
58,mu,execution,0.011696872933201,104.01854193280356,0.7684913582492416,0.6750700813919771,0.2601700680272109,0.3964643467889095
58,mu,imagery,0.0105396360367063,92.41920819188071,0.7089663551414755,0.6365376959887544,0.2440251007810532,0.3729383561441384
58,mu,rest,0.0094767898478835,82.57880227434431,0.6942983456314686,0.6117916947975893,0.242989417989418,0.3507657017802517
59,beta,execution,0.0159655051256613,221.1490031264872,0.6258780198139455,0.5490684836665072,0.2930952860210106,0.4443810823189716
59,beta,imagery,0.014198089761078,252.46226213701303,0.5940179780766617,0.5366891244201433,0.2832857430411777,0.4235097585621497
59,beta,rest,0.0123353277943121,242.23655726908444,0.5757112434996259,0.5125616333841511,0.270697224139253,0.4087613580318945
59,broadband,execution,0.0205634145585317,2169.8749205868376,0.6433192872555655,0.5721946917949365,0.2681825014211376,0.4073846194912941
59,broadband,imagery,0.0177211319857804,2865.8137524207964,0.6227023217171642,0.5647568796213626,0.263206879400061,0.3962646954651066
59,broadband,rest,0.0119816468253968,4267.671710965251,0.5919428074948664,0.5343275252540494,0.2564935064935063,0.3906369642103804
59,mu,execution,0.0135961242352843,217.73983235345116,0.626492267004578,0.5538051314953272,0.2356697215923406,0.3539011463469979
59,mu,imagery,0.0124863100405092,288.3049594666694,0.6179605796139029,0.566488552240486,0.2424193751574704,0.3705938274644591
59,mu,rest,0.0110802124669312,220.1368174482312,0.5902280511403691,0.536153961363964,0.2324672461577223,0.3608227460958246
60,beta,execution,0.0087252630001653,357.7179484297575,0.412630878382488,0.3721808417179661,0.234908317997086,0.348889662697157
60,beta,imagery,0.0090984054646164,384.4287438678431,0.4231622455551037,0.3838430755754516,0.2425278927996318,0.3591631031528701
60,beta,rest,0.0081381241732804,267.6443342543183,0.441391535421905,0.3947997690668943,0.2458697569204814,0.3584258441612977
60,broadband,execution,0.0214955796337632,4970.951831942646,0.4967788870605186,0.4378816445180921,0.234004165026892,0.358133779584314
60,broadband,imagery,0.0179880306506283,3276.4739200202644,0.4919665010847837,0.433866790571263,0.2370878427128424,0.3631135178064398
60,broadband,rest,0.0152945705191798,2370.286548739733,0.4977879330994776,0.4399712019782748,0.2377082513446147,0.3556856384662062
60,mu,execution,0.0088808412905092,251.4339722112542,0.5008246046253234,0.4394678406138556,0.2266039934492316,0.3499281067772815
60,mu,imagery,0.008700042886078,304.550248995702,0.4914920856471415,0.440585739548215,0.237880291005291,0.3601365840899438
60,mu,rest,0.006969814401455,250.2562471135112,0.4948033913522464,0.4312728162589943,0.2178162005542958,0.3249743128652922
61,beta,execution,0.0127863498263888,402.73121072644005,0.6278578632219642,0.5582191542031211,0.3006233705237328,0.4541369447129083
61,beta,imagery,0.0115419741030092,513.1394382431633,0.5977938487498696,0.5305797853454759,0.288537449198681,0.4385933132047794
61,beta,rest,0.0109349681712962,404.5403640458577,0.6075780912553934,0.5343743363593276,0.2899672187715665,0.4317231442034914
61,broadband,execution,0.0269609736689814,6582.075639774832,0.694328734479829,0.6298935909546342,0.29757480104071,0.4515787121308355
61,broadband,imagery,0.0252253275876322,6297.9899762347695,0.6657859295310996,0.603928688605537,0.2930930243998424,0.4441763160237265
61,broadband,rest,0.0265156353339947,4030.225933306665,0.6645984694816166,0.5915206343163928,0.2847397131488038,0.4351967492324241
61,mu,execution,0.0110570436507936,484.1469318450608,0.70487310591746,0.6494461760580954,0.2694142101284958,0.4117747403395427
61,mu,imagery,0.0107601040633267,609.6089111701468,0.656555904158271,0.6067279696531083,0.2650464537666919,0.4166458104459251
61,mu,rest,0.0108441323578042,477.4973177128724,0.670116763985353,0.6017272403561571,0.2781997984378936,0.4337379952001356
62,beta,execution,0.0218656193163029,48.18038114040984,0.6654369499320059,0.5687380749679852,0.2909674296449658,0.478279806917796
62,beta,imagery,0.0132414460358796,40.47355826222416,0.6104601638580793,0.5500679027812808,0.2828451614140018,0.4228216878772556
62,beta,rest,0.011396484375,40.15094541379861,0.6365512737851272,0.5719221550553619,0.2972778161183957,0.4474109820935332
62,broadband,execution,0.034877456907242,1018.5682585814804,0.6914811482183928,0.5904208086295611,0.2728512669989941,0.4697479827328986
62,broadband,imagery,0.0293739252645502,1119.6935346208788,0.6444348685539071,0.5787327568807601,0.2679608585858584,0.4100977321870415
62,broadband,rest,0.0255475983796296,509.9813388967109,0.6605089035523017,0.590852190084385,0.2751437535528442,0.4287459860367434
62,mu,execution,0.0172248134713955,78.7992458096277,0.649547423040276,0.5360033096517215,0.2414134542705971,0.4209192510631322
62,mu,imagery,0.0130206499049272,66.40013451113074,0.5795058088906406,0.5337971706177291,0.2393550012597632,0.3636215246303286
62,mu,rest,0.0104411065641534,52.69032562961149,0.5979264804300353,0.5313581316538384,0.2456916099773243,0.3691074527363936
63,beta,execution,0.0118680943080357,130.8693109851672,0.546125191619782,0.4844235502170078,0.2760709013879303,0.4257652390311217
63,beta,imagery,0.0107944697627314,164.97205979784763,0.5151530895631721,0.4586980395011627,0.271393154282647,0.4062239407945441
63,beta,rest,0.0123238570601851,133.20311027635594,0.6143939001511686,0.5435559271795846,0.2980532551184724,0.4449089189426981
63,broadband,execution,0.0180973643146494,436.28164253324,0.6149441979451826,0.5513874587688637,0.2637902564607108,0.4062862285230742
63,broadband,imagery,0.0157542214368386,415.12850488724325,0.576433237160076,0.5191041536851808,0.2573384548952728,0.3844378145190432
63,broadband,rest,0.0190143952546296,468.0906426858768,0.6499380919968246,0.5829110544886947,0.2794055271327997,0.4286386354408703
63,mu,execution,0.0122320911871693,53.506569912479335,0.7059960721536817,0.6373249642411113,0.2592672902494332,0.3834203138127875
63,mu,imagery,0.0114457697792658,55.07392373637148,0.6444738808025385,0.5791793496871954,0.2414436885865457,0.3554282951884128
63,mu,rest,0.0130793754133597,56.20471116020669,0.7100284636619317,0.6315364665996552,0.2550012597631646,0.3835083308498999
64,beta,execution,0.0125134884465939,15.765329415340688,0.6443331987083979,0.5687765863055539,0.2979721167855225,0.4504336675181141
64,beta,imagery,0.0132882745329034,14.078359280036535,0.6340820313626554,0.5601101016809367,0.2946512441530556,0.4470881737783709
64,beta,rest,0.0123296440972222,56.821285190240935,0.5584894696210433,0.4893896241622752,0.2686019093627788,0.4016133840208543
64,broadband,execution,0.0226258835565476,210.90406144453408,0.6637582351983002,0.5866443396106858,0.2754551467051465,0.41738947537786
64,broadband,imagery,0.0243061342592592,276.693898333655,0.6625095826512207,0.5883631903517694,0.2741607908085178,0.4184077188268634
64,broadband,rest,0.0270742910879629,1000.7215253951024,0.6141742476532445,0.5445708600654299,0.26134669202851,0.3915541396226171
64,mu,execution,0.0106374292121362,19.10531207552736,0.6599161168870363,0.5915227153667327,0.2472956034265558,0.3775016278860394
64,mu,imagery,0.0108787925760582,18.977342392973235,0.6434814447645806,0.5838320822625864,0.2420891597379693,0.3720725605385276
64,mu,rest,0.0112374441964285,63.30222331800898,0.6260768523442892,0.5652774550347243,0.2391565885613505,0.3608094395869398
65,beta,execution,0.0176783337466931,182.945771200212,0.6495969611897532,0.5842446543975498,0.2994103692201517,0.4458281350611069
65,beta,imagery,0.017282474578373,172.64304084083557,0.6621662720240374,0.5968981577304705,0.3018266908212559,0.449279157749512
65,beta,rest,0.0174075107473544,177.82779683102763,0.6485535372420228,0.5847989897229728,0.2937447281650179,0.4404414723259161
65,broadband,execution,0.0158416392815806,1422.6241738558103,0.6381992620975653,0.573178698897043,0.2737880700948881,0.4064991657545643
65,broadband,imagery,0.0126061507936507,1091.2450092004983,0.642398489757958,0.5804120664893627,0.2750951069132886,0.4131650493983644
65,broadband,rest,0.0143487516534391,1248.1430871459354,0.6290808518335926,0.5679593270999136,0.269240019240019,0.4078110562532122
65,mu,execution,0.010431904141865,271.9901296323806,0.6283994204874243,0.5731520558062627,0.2438611740992693,0.3645304375719848
65,mu,imagery,0.0097711976066468,274.4131090547261,0.6275311770900431,0.5655735847260037,0.2411788233812044,0.3578639556596857
65,mu,rest,0.0094299768518518,274.61410928047104,0.600252174983775,0.5363369624523395,0.2341868228772991,0.354945452946276
66,beta,execution,0.0128194341104497,98.53730573528746,0.5677531611210744,0.4857101279348758,0.2683806839966259,0.4232480704634994
66,beta,imagery,0.0127734865864748,97.44058173307036,0.5605544241491909,0.4725046743010433,0.2660493827160493,0.4284732467311484
66,beta,rest,0.0140344948743386,57.94634114414247,0.4959500306940358,0.4499644511404591,0.2591749098995474,0.4000931389640581
66,broadband,execution,0.0180716662533068,791.251510054665,0.6015182686945982,0.5134612520785596,0.2555828031396211,0.410466897384601
66,broadband,imagery,0.0213954587260251,790.2323862909033,0.5982583941264352,0.5142409036107694,0.254379400061218,0.4099873092438859
66,broadband,rest,0.0212782118055555,979.3357780778696,0.5514120247108412,0.4962803095082863,0.2483143119506753,0.3974468511461642
66,mu,execution,0.015188499813988,194.83691663198192,0.594017439944253,0.5125609975072523,0.236176776266062,0.3852365344151244
66,mu,imagery,0.0155383649553571,192.14928929364103,0.5933758727158731,0.5247110230298009,0.2425162194507433,0.3935794093745479
66,mu,rest,0.0167711950231481,101.06040229066632,0.5807459971966982,0.4862336059007956,0.2382306626354246,0.4520220056202612
67,beta,execution,0.0135221354166666,62.389133073084,0.4674872777992729,0.417805123961354,0.2592110459320603,0.3960362219768802
67,beta,imagery,0.0094947916666666,51.592599975116016,0.4473314265278121,0.4040537134172579,0.2520209819032282,0.3830689337025625
67,beta,rest,0.0107592385912698,50.99294576981527,0.4372242702046777,0.3926538809587325,0.2427526646729544,0.356059088180049
67,broadband,execution,0.0159039997726521,281.356842968074,0.5040047417089412,0.4537186990982843,0.2465427543836632,0.3748583458695819
67,broadband,imagery,0.0110392846808862,154.11932469335946,0.4901489181072694,0.4425147696332193,0.2394920252306613,0.3639765483353169
67,broadband,rest,0.0203557994378306,277.57423792007427,0.4794608114924805,0.4395432592102688,0.2412654685381955,0.3636994727478748
67,mu,execution,0.0096851696841931,11.653528972317895,0.4873109498098489,0.4497843440934358,0.2218721655328798,0.3284576691263959
67,mu,imagery,0.0075456452546296,8.935905451683661,0.5061690250416326,0.4569399966845127,0.2223647329302092,0.3281506349596399
67,mu,rest,0.0098884445271164,9.581038766504603,0.4940366086616612,0.4507717816166776,0.2249874023683548,0.3416442373062588
68,beta,execution,0.0165419818535052,234.42405365792192,0.6282673000425418,0.5684048357595862,0.2870236178207191,0.4308945651088692
68,beta,imagery,0.0165614355985449,198.573051274703,0.6469733824572943,0.5712447772656735,0.2880468809907214,0.4352514792091503
68,beta,rest,0.0186322958002645,186.1237348783376,0.6370011807288861,0.5700354637298858,0.2885189019246989,0.4337823917868694
68,broadband,execution,0.0193031813202711,3828.328666624317,0.6287625716415147,0.5674025246688034,0.2656352212602211,0.4028483557707165
68,broadband,imagery,0.0137898582175925,1979.1298444157587,0.6516353829789538,0.5723368363079926,0.2673391927937381,0.409812773189921
68,broadband,rest,0.0120157490079365,1224.7866280310154,0.6291595565006238,0.5622547041061978,0.2684015479470024,0.4010483737004046
68,mu,execution,0.0103519035218253,209.38360254547743,0.6489570383466662,0.5913590064344991,0.2400547996976569,0.3605181611805305
68,mu,imagery,0.0097722490906084,203.48364536981,0.6697821947490018,0.5912722550267191,0.2434522234819854,0.3718773910592869
68,mu,rest,0.0100268683862433,177.54939775593996,0.6141501202939837,0.5347330229266064,0.2403754094230285,0.3626812301291587
69,beta,execution,0.0131540462756283,141.19250801608595,0.5141219714135215,0.4578651438083382,0.2604562054290314,0.3886419455153377
69,beta,imagery,0.012059490224041,141.74389815133105,0.5128769759509795,0.4535702514967954,0.2568654148454872,0.3872063272011671
69,beta,rest,0.0081987330522486,126.67810983733658,0.4960686572340957,0.4352932097748146,0.2575761061268306,0.3857368257666253
69,broadband,execution,0.0163167395213293,6528.228020316119,0.6095459108355435,0.5517624852344094,0.2531782380077833,0.3810672637041341
69,broadband,imagery,0.0147133763227513,6200.005336319757,0.6161360666823307,0.5510750931518182,0.2573607558266647,0.3882450209412616
69,broadband,rest,0.0130074508101851,6397.280777645868,0.5898352982421576,0.5247766069837927,0.2538255935983207,0.3848906735792117
69,mu,execution,0.0132129448784722,92.282702857658,0.6310675449431765,0.5659170916792403,0.2384816704459562,0.3710829946000095
69,mu,imagery,0.0147371341765873,95.15017675684678,0.6627629655260546,0.578598821623628,0.2464054232804233,0.3902237252795655
69,mu,rest,0.0086946614583333,65.32033735888483,0.6014431947264579,0.5160119032084225,0.2456475182665659,0.395717966909231
70,beta,execution,0.044439060433201,275.59302113708605,0.8177291530107759,0.7561834934984646,0.3727020071313549,0.5387422937191798
70,beta,imagery,0.0463816085896164,290.78478582963464,0.8127999872519066,0.7478638213446521,0.3621267540832757,0.5296613944704274
70,beta,rest,0.0421545862268518,230.33123341364268,0.7911944482988443,0.7210667016132273,0.3631795874549497,0.5338764159113397
70,broadband,execution,0.0276420640087632,1707.8563344712506,0.7797540343420226,0.7176641557890557,0.3224189951462678,0.4695482845560456
70,broadband,imagery,0.0294215288111772,2326.646207079151,0.7776958663233493,0.7128082216223623,0.3157829376011193,0.4637058973461091
70,broadband,rest,0.0319999896660052,1804.827151709873,0.7494097216809651,0.6784955784797887,0.3096314880405789,0.4552701131985907
70,mu,execution,0.0147349097842261,390.3641601055794,0.7375109505412123,0.676911839225917,0.2727900604686319,0.4028971470109557
70,mu,imagery,0.0161325153976521,430.5534687624023,0.7380234045508818,0.6802327339163282,0.2627248677248677,0.3904474206059459
70,mu,rest,0.0153673218419312,280.2144850022876,0.717131482957419,0.6545491381946352,0.2496787603930461,0.3785975570873394
71,beta,execution,0.0267163886822089,210.89117043769943,0.711315447832878,0.6572044968262434,0.3356830860363468,0.4973107485803699
71,beta,imagery,0.0248386114211309,229.1880487318253,0.6767681549787397,0.62906464760772,0.3261771048999309,0.485459535047447
71,beta,rest,0.0245327484292328,183.5760472186708,0.7302871757864248,0.6678556015052878,0.3323853615520281,0.4899878323169828
71,broadband,execution,0.0227281022652116,852.7493061601215,0.717199089424755,0.6585806393879403,0.300674985788622,0.450617772728811
71,broadband,imagery,0.0226188977761243,955.9258011194904,0.6952847242415573,0.6408420426377427,0.2961021743408106,0.4499648568502987
71,broadband,rest,0.0444289434523809,2021.200075046042,0.7308947546580148,0.6599149198192831,0.2990686081595171,0.4555904466535934
71,mu,execution,0.0176620473710317,202.92757504460877,0.7725257403806002,0.7045464351770577,0.2609934807256236,0.40131437971428
71,mu,imagery,0.0176134414269179,215.70423543346584,0.732126935861896,0.6694075990259083,0.2554568216175359,0.3974836203665188
71,mu,rest,0.0180309606481481,198.57493333825363,0.7026024012621574,0.6237711020517428,0.2452412446460065,0.3769742235173644
72,beta,execution,0.0119519624255952,7.0329698943131165,0.5878214084153933,0.5224123903866716,0.2815624760371136,0.4235425542692027
72,beta,imagery,0.0126700148809523,7.230178680537081,0.5874897615226118,0.5230668921675787,0.2809081454643048,0.4209070989940021
72,beta,rest,0.0117804956183862,27.799519430711587,0.572297503579374,0.5068164063820497,0.2648186488766197,0.4040529774221972
72,broadband,execution,0.021545921688988,284.2562715517439,0.6117818192599627,0.5449324667589441,0.2642620742052558,0.3989247960587948
72,broadband,imagery,0.0157366174768518,133.06711197757863,0.597734209869084,0.5293977689253699,0.2613552735143642,0.4003035602811751
72,broadband,rest,0.0170536230985449,698.831955706912,0.5932120377947979,0.5204767373198694,0.2562661244479424,0.4093635200943279
72,mu,execution,0.0095050378224206,5.9709807380832505,0.5709541342803088,0.5099644740385241,0.2283150667674477,0.3345036739067775
72,mu,imagery,0.0092969447544642,6.9089492279142135,0.5523738067703343,0.4892226443387907,0.2351899092970522,0.3761461150028998
72,mu,rest,0.0085921482308201,37.5204095322711,0.5498435095505386,0.4878457851438896,0.2485166288737717,0.395890671886663
73,beta,execution,0.0131802481192129,28.44368171010234,0.6291367542214203,0.5802473613989221,0.3054319549881143,0.4639731403294119
73,beta,imagery,0.0121077990658068,27.100685899142963,0.6031972381194544,0.5377153288195967,0.289469078291542,0.4348661437323479
73,beta,rest,0.0121406353339947,123.86299777949893,0.5649679858604498,0.5035594390501803,0.284351276742581,0.4367016803605465
73,broadband,execution,0.0247053752273478,340.45438961880905,0.6597314736805225,0.5988503300681567,0.2849816891862344,0.4326924592711215
73,broadband,imagery,0.0208585870329034,244.23672845250567,0.6322428157353742,0.5656884722178199,0.2723347927325198,0.4095155605405508
73,broadband,rest,0.0273803323412698,903.5246843064308,0.611460543258219,0.5400320687207679,0.2676767676767675,0.4242189579202277
73,mu,execution,0.0129075494998346,23.24001649841014,0.6601039434989218,0.5838408037384178,0.250645313681028,0.384271334012543
73,mu,imagery,0.0131929227637235,24.68408954208328,0.6439585915838899,0.5844345615334452,0.2522145061728395,0.3783918527059782
73,mu,rest,0.0115237991898148,84.66124117079497,0.6140579090076863,0.5317606904763807,0.2406934996220711,0.3801846285315878
74,beta,execution,0.0130860072544642,39.1855036732649,0.5752585274022483,0.5098197412848136,0.27775501303581,0.4345853256037595
74,beta,imagery,0.0129766400049603,39.281908114500695,0.583583699352391,0.520048202610188,0.2821449658768498,0.4336288263995208
74,beta,rest,0.0118068989748677,161.894328796604,0.610756229685254,0.5330060248820879,0.3007553101755998,0.4649273201108196
74,broadband,execution,0.0137779147032076,189.3538249804605,0.6003631254438413,0.533828616077654,0.2610877169968076,0.4156587896283996
74,broadband,imagery,0.0132115988756613,132.75235535713082,0.6100089057910989,0.5451350898173474,0.261533544317635,0.4014838265007581
74,broadband,rest,0.012870628720238,475.2172930423206,0.6377634855728729,0.5571571056725199,0.2722905461541823,0.4179341303690927
74,mu,execution,0.0129888263682208,23.87066609342924,0.6262128651985235,0.5610464426450226,0.2349222096245906,0.407480757644812
74,mu,imagery,0.0116906027819113,25.056345559008545,0.613725217583262,0.557259334499817,0.2340920256991686,0.3519499489952333
74,mu,rest,0.0093581555886243,93.14157242494116,0.6258333982274341,0.5471093647932852,0.246907281431091,0.3786274604095043
75,beta,execution,0.0123199766451719,381.5752888023044,0.6279892922920893,0.5464414428884317,0.2795785407560768,0.4294980575006669
75,beta,imagery,0.0111385711185515,419.6966085621925,0.6028631167592463,0.5382009703531004,0.2825630703166933,0.4268269239860114
75,beta,rest,0.0099618675595238,334.63681927314923,0.5355650899709308,0.4696229339422025,0.2550983436853001,0.3851204434152822
75,broadband,execution,0.0181480680596891,6094.87790590041,0.6383125712847024,0.5577133305867374,0.2599497955747953,0.4109592161527063
75,broadband,imagery,0.0175777813946759,6450.619697262397,0.6211069215622054,0.5487845623072735,0.2652119408369406,0.4202827512666396
75,broadband,rest,0.0121182105654761,4229.810097164108,0.5642257462499943,0.4860623972203733,0.2418109668109665,0.3748451857654272
75,mu,execution,0.0118017578124999,719.3484676443337,0.5900981995586597,0.5013597075996581,0.2292250881834215,0.3945455842141581
75,mu,imagery,0.0111909231357473,882.6552680935911,0.5806682638854125,0.5008050939568597,0.2416517069790879,0.4124886098048486
75,mu,rest,0.0092684565145502,719.2791132584587,0.560958476729505,0.4674345027193511,0.2217277651801462,0.3794742093147489
76,beta,execution,0.0140893141327711,41.84048831228175,0.6751256143821456,0.6001556474452403,0.3400803235948162,0.5079693296923111
76,beta,imagery,0.0143345940806878,41.08044469745555,0.6626714947875192,0.5773243954562224,0.3239198968637374,0.4946877590370625
76,beta,rest,0.0136508969907407,207.39236615965,0.6695614824962058,0.6058716351070282,0.3450099685606931,0.5067313754720013
76,broadband,execution,0.0206393720031415,266.8497687188962,0.7155038454815499,0.640368623518693,0.3078724747474746,0.4652868817769773
76,broadband,imagery,0.0169281089823081,119.1268950732959,0.6929142894303807,0.6050623416836074,0.2924096211028028,0.4482819919778683
76,broadband,rest,0.0214646887400793,937.8727565183208,0.6982019813506495,0.6319118802108566,0.3028635926363198,0.4605241926648445
76,mu,execution,0.0142104673032407,16.097085050732595,0.7347947062326242,0.6662995345978847,0.2616021038044848,0.4007376232335132
76,mu,imagery,0.0158426881820436,16.492774261052066,0.740205335660695,0.6405031708938953,0.2580552406147644,0.3997138307488428
76,mu,rest,0.0135387731481481,80.1996586429612,0.7213502286744697,0.6581274639149248,0.2378275384227765,0.3723311969016821
77,beta,execution,0.0200368484416336,234.27205769562437,0.6295979388707603,0.559912950039642,0.2936158078368222,0.4506745716811715
77,beta,imagery,0.0169405123594576,263.8062977284533,0.6291075869647849,0.5617008495148287,0.2895979506939651,0.4352941127658686
77,beta,rest,0.0152803096064814,235.51231967195773,0.6185751190819232,0.5472589210378561,0.2818763898474042,0.4332483337834848
77,broadband,execution,0.0207523406498015,5348.595392168948,0.6487782405715384,0.5779334386935452,0.2695660610433336,0.4079193751820212
77,broadband,imagery,0.0169449482266865,4713.57452448708,0.6502215469022403,0.576787863122348,0.2680526039616947,0.4065591663011645
77,broadband,rest,0.0141621713789682,2607.6112437416546,0.6212095892654738,0.5489531775798031,0.2623551532642439,0.4005885896194956
77,mu,execution,0.0113239629836309,281.1204810732606,0.672995586014489,0.6045298728995501,0.2401484945830184,0.3522986177197217
77,mu,imagery,0.0120732783564814,359.3843097765244,0.6730099633661786,0.5951658453391804,0.2408978961955152,0.3717298574196427
77,mu,rest,0.0092976500496031,268.46113798470395,0.636975634919008,0.563420800635721,0.2335222978080121,0.3501959296773761
78,beta,execution,0.012919193328373,59.3895797422559,0.571681482657409,0.5111178109998435,0.2671550302890881,0.4086529973276834
78,beta,imagery,0.0110470816798941,47.47282042270467,0.5771681118902137,0.5129831815913294,0.2765728280039873,0.4201494082238479
78,beta,rest,0.010040302579365,42.0163365112372,0.633246579372045,0.555897984622206,0.2880137642818801,0.4302272342037736
78,broadband,execution,0.0182182307167658,1436.0736104639936,0.6148649077574454,0.5434882389716666,0.2556590799772615,0.3960661019396646
78,broadband,imagery,0.0170227761243386,944.8745810364766,0.6165217219144251,0.5442374957970308,0.2629352507761596,0.406868989427611
78,broadband,rest,0.0183385003306878,815.4502992353626,0.6472144293393706,0.5731821934815298,0.2673192968647512,0.3972002008270966
78,mu,execution,0.0109901155340608,101.35460185110236,0.6472836590272234,0.5561361589184785,0.2450508629377677,0.4097063364662872
78,mu,imagery,0.0103646995907738,113.20789604785143,0.6467957565587434,0.5564341499820106,0.2512611803980852,0.4214216523817975
78,mu,rest,0.008771908068783,52.414652412175805,0.5963379978875826,0.5394818403338659,0.2341710758377425,0.3482703371453382
79,beta,execution,0.0119876741278108,491.9361227111958,0.5565912041417528,0.5092864540866332,0.2790494881527489,0.425875004481513
79,beta,imagery,0.0121932302000661,982.02332434535,0.5414594861565043,0.4910214161569583,0.272657196534008,0.4156354613523891
79,beta,rest,0.010030536954365,756.8978419537822,0.5554305590324109,0.4923990491816721,0.2702754773406946,0.4073960744804097
79,broadband,execution,0.0160095873635912,3198.2684773992223,0.6052320495450363,0.5486964199649362,0.2654121572871571,0.4137081615797573
79,broadband,imagery,0.0172127821180555,3857.930993670535,0.5842805544693283,0.5251189571207616,0.2591527285845466,0.3910364809502112
79,broadband,rest,0.0106197296626984,2705.208427989329,0.5678133249843215,0.5038931798094013,0.2549329878875331,0.3796034229794719
79,mu,execution,0.0109753430886243,512.4440203741043,0.6742249909749495,0.6112284711304369,0.2686484315948602,0.4531475617252626
79,mu,imagery,0.0103667353877314,716.619374664588,0.6193201692283721,0.5602307586131741,0.255570987654321,0.3864747713761489
79,mu,rest,0.0090543878141534,514.1183905409855,0.5860766254806191,0.5191698617002106,0.2379440665154951,0.3519065720233177
80,beta,execution,0.0139901000330687,121.5015376162959,0.6368413454867031,0.561233784008991,0.2896788493980522,0.4359415330659146
80,beta,imagery,0.0136603448454034,118.73599316125532,0.6233458204995775,0.5521196158991739,0.2871673951384095,0.4312045150580904
80,beta,rest,0.0160013640873015,116.27975710981812,0.6495532865570418,0.5750452574732074,0.2859098228663445,0.429759763565036
80,broadband,execution,0.0140168857473544,834.2551464328247,0.6391279216912366,0.564810719446841,0.2670452905680177,0.4000270657673632
80,broadband,imagery,0.0137011563740079,834.4809650115794,0.6249384620641021,0.5542416177560636,0.2625708382526562,0.3942502264463311
80,broadband,rest,0.0103906249999999,700.6966022697699,0.6493229974630899,0.5715637173906856,0.2622223315405131,0.387072459594503
80,mu,execution,0.0096797210854828,103.21398813368664,0.6330112072783409,0.560429973478654,0.2299297682035777,0.3397966274235629
80,mu,imagery,0.009452740058697,104.18066179601148,0.6290663416317853,0.560650906205362,0.2312696837994457,0.3395905576599986
80,mu,rest,0.0085576843584656,98.11280599056518,0.6665502845202806,0.5855948490628786,0.2316137566137566,0.3371692244519282
81,beta,execution,0.0113296725157076,27.3388512171024,0.552314344557741,0.49138459018007,0.2797302258262402,0.4170693684707063
81,beta,imagery,0.0107642454117063,33.27143848027676,0.5420649501515331,0.4793524069628903,0.2661363200674794,0.4009093063609312
81,beta,rest,0.0117603443287037,117.7857309692795,0.525594986525311,0.473615188249068,0.2836400582777393,0.4156076029292447
81,broadband,execution,0.028631675760582,902.8789115450484,0.6128347894853816,0.5495391283177303,0.2852882176745812,0.4242950364608162
81,broadband,imagery,0.0299670268063822,698.4345635140626,0.608326978969981,0.5438802926070464,0.2752675018584107,0.417691978138706
81,broadband,rest,0.0426818266369047,3858.181070392373,0.6022270139855626,0.5453038025747161,0.298925947789584,0.438254296020112
81,mu,execution,0.0118960865162037,41.46733422250861,0.611884733345529,0.5355234630403432,0.2695373519778282,0.4136238787454409
81,mu,imagery,0.0116155159763558,47.71680111558993,0.6238527503338016,0.5505136997724926,0.2658336482741245,0.4188437176768773
81,mu,rest,0.0140897817460317,142.68283961574474,0.610763273353265,0.527597192398335,0.265230536659108,0.4101156206948544
82,beta,execution,0.0149697575644841,106.94458915866072,0.6040681170753702,0.5407548353102792,0.2804606146001073,0.4234187689384775
82,beta,imagery,0.0143662600239748,108.78000006000563,0.6026992628731724,0.5419315561181561,0.2811185396058583,0.4259451353521413
82,beta,rest,0.0148580109126984,86.59454590572074,0.599658595318243,0.5370578842724019,0.2803408480944712,0.4258988446441651
82,broadband,execution,0.0153470258763227,804.5821431316828,0.6202566415238543,0.5587201230891863,0.2625048646639554,0.4025309476748755
82,broadband,imagery,0.0147549499834656,710.3274358398974,0.6252682615222955,0.5610725717806461,0.2611328381214742,0.3969112728902805
82,broadband,rest,0.0143885892030423,557.3188361199813,0.6042664560328393,0.5442601664595406,0.2617795924614104,0.3943148216533442
82,mu,execution,0.0119656472180886,205.55600477718448,0.6269852960977259,0.5805468185513551,0.2424333900226757,0.3735012610004799
82,mu,imagery,0.0114765314980158,194.52362412761607,0.6200460938629,0.5635014111816792,0.2371261652809272,0.3566221669212994
82,mu,rest,0.0098003472222222,135.0326010067502,0.6374537419548993,0.5958732719780482,0.2557161753590325,0.3818640211957982
83,beta,execution,0.0098778909350198,344.28735182953585,0.5134332660239977,0.4573966361823009,0.268008732075761,0.3969669426660553
83,beta,imagery,0.0088522212921626,417.4771112016218,0.4944120006380652,0.4469310823847505,0.2636775841576565,0.4014646787946027
83,beta,rest,0.0083781312003968,346.67412655661235,0.4932138624808036,0.440780077498959,0.2671104593206042,0.4006977641312248
83,broadband,execution,0.013805423797123,3602.2329346713364,0.6038740391405518,0.5346043751620261,0.2730499529931346,0.4199561374832705
83,broadband,imagery,0.0123540762442129,2019.896630171124,0.5796371045492348,0.5222304905206452,0.2635403275176,0.4066704975091972
83,broadband,rest,0.0094190744874338,970.2600147089822,0.5672713415347896,0.5045886466237932,0.2606929686475139,0.3987447128003988
83,mu,execution,0.0110255921378968,322.96184013134246,0.7115499314651844,0.6208669055893987,0.3202070735701688,0.5165775175339765
83,mu,imagery,0.0103636713583002,297.7739350226575,0.6781807818664913,0.596306462665828,0.2940238410178886,0.4722226294280306
83,mu,rest,0.0094288401124338,155.9032515568376,0.633099624507965,0.542980565413278,0.2506424792139078,0.4272378128112989
84,beta,execution,0.0135490296378968,196.75191470557,0.489357318085717,0.4238311434471796,0.2469312648569893,0.3881739440733804
84,beta,imagery,0.0122133272362764,168.66727323435978,0.5146728710802507,0.4508360989899145,0.2611860190936276,0.3982399838708916
84,beta,rest,0.0102156704695767,179.03360262237706,0.4422008090790568,0.3932243697940833,0.2392770876466527,0.3530532483712897
84,broadband,execution,0.0120049525669642,3868.728897826831,0.4886165590415855,0.4243291325208373,0.2375123802964709,0.3692204626423154
84,broadband,imagery,0.009528408151455,2102.2762547464254,0.5077016322871317,0.442355422341275,0.2484261172329352,0.3804398671065717
84,broadband,rest,0.0073804356812169,2077.0220474381463,0.4382636010960134,0.3894614064894511,0.2300461323188593,0.3359566630932313
84,mu,execution,0.0092977301380621,233.44694032218396,0.5323443881891589,0.4605398515369458,0.2367480788611741,0.3724405395564916
84,mu,imagery,0.0089197203621031,296.7337322143879,0.578559265746576,0.4878809230569952,0.250646415973797,0.4161225608329902
84,mu,rest,0.0071273044808201,203.06704746812213,0.4770314068710456,0.4200021534607019,0.2224993701184177,0.3281067880417184
85,beta,execution,0.0082954644097222,66.75628282679735,0.4225017524036582,0.3746214187076273,0.2384275074764204,0.352615476076038
85,beta,imagery,0.0082974252852182,80.42051528065272,0.4224955775763744,0.3760703355623521,0.2364393547273981,0.3488066995291718
85,beta,rest,0.0083427372685185,103.36033213295654,0.4255766532854724,0.3743785355630451,0.2377223755846943,0.3566821896046277
85,broadband,execution,0.0175964781746031,1298.356298007601,0.4783845358541979,0.4237734436854604,0.2338269600769598,0.3446850760409005
85,broadband,imagery,0.0114269231564153,496.7611011508128,0.4637410986410174,0.409282294403648,0.2342806856443217,0.3492542495330143
85,broadband,rest,0.0151633804563492,972.6892842745152,0.4727313857618733,0.4109381804202496,0.2346238357601991,0.3584708877543509
85,mu,execution,0.0088112160011574,59.23168041803397,0.4875090062250194,0.4316802877066224,0.2232753842277652,0.3238996658559501
85,mu,imagery,0.0094496088583002,84.24454455928627,0.5147317747474822,0.4451844314605633,0.242785651297556,0.3753556049159484
85,mu,rest,0.0079864211309523,100.32148659928134,0.486461744325291,0.4197038113032358,0.2355631141345427,0.3708115464004877
86,beta,execution,0.0150101557333002,212.35772971148853,0.5541481661271314,0.4801514656763369,0.278470257265547,0.4497835004322006
86,beta,imagery,0.0157490906084656,204.5381676878791,0.5848989927164354,0.4798626075641705,0.2793580342765124,0.4865698506604384
86,beta,rest,0.0085267340443121,211.723821496999,0.4895319824495022,0.4325011032522525,0.2653995092400888,0.392635960482926
86,broadband,execution,0.0265117859209656,3256.2313883595166,0.584007425492999,0.5062549881809927,0.2615489581966853,0.4253288147857348
86,broadband,imagery,0.0407920774429563,6105.451302422096,0.6455203400093399,0.5361376970529969,0.2721847807075078,0.4814935668679388
86,broadband,rest,0.0214579716435185,2476.770907671298,0.5557210345191568,0.489629476093178,0.2574768245222788,0.3895197690932724
86,mu,execution,0.0130789233010912,196.28046701489467,0.5533604619600098,0.497185099688923,0.2312244897959184,0.3554767147356891
86,mu,imagery,0.0164169560185185,246.40685219318289,0.620930266537906,0.5499995890059766,0.2478258062484253,0.4085085914319676
86,mu,rest,0.0092516121031746,175.67151379880912,0.5586336001861237,0.5004542537238387,0.232624716553288,0.339138318328742
87,beta,execution,0.0134513863053902,331.8481289769551,0.5481629050995869,0.4944255415339067,0.270508396595353,0.4119774865917929
87,beta,imagery,0.012029888496197,364.3265857037412,0.5336645485763988,0.4764940925215729,0.2605564182194616,0.393158558284319
87,beta,rest,0.0125266100363756,266.2924391363192,0.5756863633492717,0.5060450237844748,0.2716892876313165,0.4056557282668137
87,broadband,execution,0.0137629639963624,1415.6097783992925,0.5996973125451419,0.5355700814093152,0.2551933567274474,0.3915637600324129
87,broadband,imagery,0.0130775514632936,1291.1252563678677,0.5821848113663928,0.5168570233705656,0.2485186551663822,0.3822027815387238
87,broadband,rest,0.0145622519841269,2627.6122529674803,0.612533371269895,0.5412332535115169,0.2561546197909832,0.3858389772935188
87,mu,execution,0.0103453543526785,324.6380406921493,0.632533041779859,0.5647094653007639,0.2291518644494835,0.3696144235768152
87,mu,imagery,0.0109865141369047,341.26735922462257,0.625209351739151,0.5529722775154908,0.2305837427563618,0.3901585069496421
87,mu,rest,0.0099862041170634,239.3464072457353,0.6338383445373342,0.566092420351843,0.2221718316956412,0.3233779063532924
89,beta,execution,0.0136811265087632,9.41681328597873,0.5750957110007364,0.5224568919938969,0.2808209205582392,0.4214621321738813
89,beta,imagery,0.0151689168940145,8.396162048537496,0.6071271985549397,0.5445869803697778,0.2893747124453645,0.4376545761321034
89,beta,rest,0.0128255208333333,9.37997912320003,0.5589990852554918,0.4977686732955463,0.2789136185875315,0.416144590939517
89,broadband,execution,0.0159078750206679,55.62416472804097,0.622277828838491,0.5614978879597843,0.2622613581704489,0.3951555912296506
89,broadband,imagery,0.0221091889880952,112.1743543364083,0.6531911416488645,0.5866780571382003,0.2725315383269927,0.4128894537286568
89,broadband,rest,0.0204967034556878,87.35921557647067,0.6229224824764895,0.5553286938185759,0.266788009969828,0.3992776631373504
89,mu,execution,0.0110896680720899,6.169382913749402,0.6681878474977692,0.5987549777875774,0.2359180524061477,0.3472975376164809
89,mu,imagery,0.0122090102099867,6.997394615142139,0.6707310853483481,0.60245428620466,0.2334687578735198,0.3424505249367836
89,mu,rest,0.010537781084656,6.902375231083033,0.6765460367805324,0.6103651003966907,0.23567649281935,0.3547045433351272
90,beta,execution,0.0144653785342261,223.49714528559792,0.566830785367703,0.5128141552953513,0.2758809236254887,0.4165035946246148
90,beta,imagery,0.0132954230737433,255.67200515883596,0.5579596167872024,0.5053260373646337,0.2784357027835288,0.4158843042028136
90,beta,rest,0.0131977513227513,291.2033397962336,0.5569377658313154,0.4922647867803602,0.2715886435089333,0.4021164113543717
90,broadband,execution,0.0247730138062169,3302.625850027633,0.6251575879758596,0.5654585286598124,0.2685746534610169,0.4025491451600431
90,broadband,imagery,0.0251861178282076,2928.198901272358,0.6161988378537318,0.5552990205981093,0.2650748283702827,0.4019857024534597
90,broadband,rest,0.027914806547619,5352.660895657691,0.6136134387277716,0.5491154108668231,0.2652684857230309,0.391227781392049
90,mu,execution,0.0120135323660714,240.68886923110156,0.6856236587871158,0.6110193917392817,0.246866654069035,0.3779971708337479
90,mu,imagery,0.0107000273850859,285.9242756868399,0.6778592344081149,0.6020160660090864,0.2471878936759889,0.3941899082154741
90,mu,rest,0.0137679811507936,310.01142429496235,0.638882786696332,0.582457217394375,0.2451562106324011,0.3547980961116672
91,beta,execution,0.0153134326430224,439.8486393711997,0.6186714313508127,0.5549671574023357,0.2968741373360938,0.4418528484183618
91,beta,imagery,0.0162937593005952,432.2729567324784,0.6707231577871603,0.6024334173229334,0.3139278046162103,0.4676044563651998
91,beta,rest,0.0130184048445767,474.3764824299667,0.6021002375940125,0.5378184688456833,0.2904541446208112,0.4302496852323509
91,broadband,execution,0.0375013279183201,10448.368044952194,0.6778656795610462,0.6153640573604313,0.3117895677554768,0.4575337612019277
91,broadband,imagery,0.0405610325727513,8458.765577303911,0.7095824269881145,0.6428462484809169,0.3173943165420437,0.470841808301612
91,broadband,rest,0.0384479890046296,6320.997053700166,0.6658014500976155,0.5982076005380019,0.2956578774760592,0.4378271274749408
91,mu,execution,0.016839859250992,420.9146757023289,0.681850083077458,0.6077287654355426,0.2637367724867725,0.4058480707755037
91,mu,imagery,0.0160423047908399,387.2473617905417,0.6747110117583583,0.6183773789024178,0.2593938964474679,0.4006579495457045
91,mu,rest,0.0140073164682539,281.55660992452937,0.6674091957179604,0.5952151647343932,0.2547304106827917,0.3756115435044884
93,beta,execution,0.0119421063781415,40.388237498848014,0.5789294493813006,0.5072677559878888,0.2693751917030901,0.4124754006173637
93,beta,imagery,0.0123065372850529,40.91323685624246,0.5586074764793547,0.494308127208371,0.261182903918411,0.3940885229587185
93,beta,rest,0.011108734292328,34.61361202402429,0.5374543833855009,0.475123061640735,0.2546238785369219,0.3811416590022491
93,broadband,execution,0.0158567372478505,774.8800306543928,0.5943279970441537,0.5162187933601979,0.2562970341947612,0.4061680581802543
93,broadband,imagery,0.0131609623015873,464.3048853975065,0.5727808370369459,0.5060309720481759,0.2478764102059554,0.3776709436806517
93,broadband,rest,0.0145343501984126,503.7028928304433,0.540504391899066,0.4763195705436401,0.2411375661375658,0.3643988778310942
93,mu,execution,0.0099111844824735,50.428871044439504,0.5790799048270097,0.507196603383967,0.233695987654321,0.3672773366911255
93,mu,imagery,0.0110745985243055,52.45642388078308,0.5579300624029879,0.493189408216484,0.2322141912320484,0.3551322457820414
93,mu,rest,0.008642113095238,46.19730368177583,0.5044032031238351,0.4513682445281082,0.2221938775510204,0.3231297237684504
94,beta,execution,0.0080097242890211,251.13023127273868,0.455796953798496,0.4059283600019284,0.2497782953761213,0.372832205041869
94,beta,imagery,0.0074800347222222,389.7337780318664,0.4410538344325531,0.3930157015863746,0.2472804520358867,0.3713412115854225
94,beta,rest,0.0088937975363756,203.21401172333745,0.4353327684437388,0.3905857630920098,0.2429539529177209,0.364732247199121
94,broadband,execution,0.0185076807415674,3689.008695988335,0.5317414835776326,0.4750805942300655,0.248598430189339,0.3716419203734128
94,broadband,imagery,0.0154728293444113,2489.8754007033776,0.5152284182796498,0.455048426102032,0.2473358312562855,0.3768459523317273
94,broadband,rest,0.0240566612929894,3135.62369033137,0.5108348274939615,0.4509698163751365,0.2386292579474395,0.3743307315423725
94,mu,execution,0.0078902168072089,313.48392979328275,0.5643279181971664,0.5034901221471235,0.2631864134542706,0.401779526357562
94,mu,imagery,0.0072622380332341,532.2833710090915,0.5480947697972508,0.4815326499959272,0.271209057697153,0.4190706032779851
94,mu,rest,0.0081805452215608,254.7052465285535,0.5146510328179464,0.4560160367460812,0.2421201814058957,0.3637520607626128
95,beta,execution,0.0146156761532738,488.26953559940256,0.6804547330678649,0.602038477603074,0.3093940265317076,0.4674410708736579
95,beta,imagery,0.0121980303406084,588.8073343084263,0.6325507016749066,0.56832853524717,0.2933328540756076,0.4394166157339074
95,beta,rest,0.0137792452050264,593.409051122827,0.6450506471703356,0.5740358686796274,0.3056236101525955,0.4517427568484918
95,broadband,execution,0.0194071593915343,4072.923391699061,0.7454760592668863,0.6646377831822756,0.2911611515588787,0.4408163345295601
95,broadband,imagery,0.0198644283234127,5056.57800021535,0.695028606929024,0.6283383234237186,0.2752385871704051,0.4150795783629675
95,broadband,rest,0.0184153852513227,4348.874730213873,0.6953222409110157,0.6228960978635246,0.2906937338755519,0.4336486369594277
95,mu,execution,0.0131522274925595,533.6890927879289,0.8496973924385139,0.766362362045795,0.2888877865961199,0.4390706180312821
95,mu,imagery,0.0119526754712301,501.0468929100608,0.7718108405886672,0.7109672297356099,0.2735013542454019,0.420924218059166
95,mu,rest,0.0130096726190476,494.3855265379088,0.7951919121158869,0.7229493200983661,0.2867031997984379,0.4226562061062396
96,beta,execution,0.0160047898065476,491.304691066253,0.6411625444590234,0.5796790052898009,0.3092656813127827,0.4826313477532687
96,beta,imagery,0.0136249948330026,416.2609765492133,0.6286238783315825,0.5499102228052701,0.2906158461774403,0.462658189654125
96,beta,rest,0.0126877686838624,319.2526426895041,0.5785029517332294,0.4923059780213755,0.2827793114024997,0.4319623940110091
96,broadband,execution,0.0245480969948743,8076.315095144198,0.6559789756586004,0.5946322625421964,0.2967970287288468,0.4524298875899212
96,broadband,imagery,0.0255904017857142,5869.784488572078,0.6424452132069771,0.5684974252438837,0.281258581485854,0.4389646813299984
96,broadband,rest,0.0343433263062169,9820.755632943996,0.6276762086915465,0.5522024631422713,0.2987789146880056,0.4397915595344209
96,mu,execution,0.0151985160383597,458.0269147256878,0.6165219700116349,0.551531886386447,0.2446625409423029,0.3739146687028726
96,mu,imagery,0.0145116696635251,394.9231479565669,0.6154602137680831,0.548731754458881,0.2421319916855631,0.3749626948045022
96,mu,rest,0.0138768497850529,447.4142854852366,0.5972623860655893,0.5253761877438181,0.2475214159737969,0.3768193108476573
97,beta,execution,0.012348976417824,190.36099090871997,0.5703935930236078,0.498976200575694,0.2737437696495666,0.4238093482682726
97,beta,imagery,0.0163290628100198,186.581514655315,0.6409937000174908,0.5503385281505537,0.2909018671880989,0.4506905362178005
97,beta,rest,0.0107058118386243,130.00438577803496,0.5639069338217715,0.4953694568790582,0.2771988344452111,0.4178300184281308
97,broadband,execution,0.0228151739211309,6660.203708250307,0.6212192892150344,0.5463328959215275,0.2649049750754294,0.408910936778641
97,broadband,imagery,0.0249800088872354,3607.602064383172,0.6715822075210239,0.5801482068726415,0.278143720757357,0.4324267821240278
97,broadband,rest,0.0210936983300264,3527.4800562068795,0.6072898152889668,0.5357213430932308,0.2646114827933007,0.3977193983804028
97,mu,execution,0.0115188672908399,225.5798381658872,0.6292412398739056,0.5390153765883541,0.2421064814814815,0.3834137787861649
97,mu,imagery,0.012386245969742,202.09786226980117,0.6785538696276566,0.5790381725509299,0.2547924540186445,0.4027879309024566
97,mu,rest,0.0098608527612433,162.0694724612908,0.6042630160930805,0.5283200805667634,0.2381960191484001,0.3688546982860043
98,beta,execution,0.011462898375496,33.65555873973526,0.5126470706294817,0.4644586149118422,0.2618015297906601,0.3950756694681969
98,beta,imagery,0.0105401785714285,36.25954834983549,0.4896491470851815,0.4429862656756878,0.2486619124300282,0.3754342646015421
98,beta,rest,0.0094569485780423,150.03641956057345,0.4820008914616744,0.4338719590237458,0.2565993788819874,0.3744468107212794
98,broadband,execution,0.0140810598544973,172.14458566337015,0.5734023841025264,0.5145954251477979,0.2694495004154092,0.4155123083681317
98,broadband,imagery,0.0140834883432539,186.02006657235532,0.5658502714496287,0.5071456616054137,0.2532272126022123,0.390115380842768
98,broadband,rest,0.0111650028935185,438.0219822652932,0.5224236667937481,0.4690476418212869,0.2439470462197732,0.3611103385502701
98,mu,execution,0.0180813233713624,63.04862496328265,0.6725711283198865,0.5963338511605489,0.3529867409926933,0.5661917579387571
98,mu,imagery,0.0198949161913029,91.40552734042912,0.6810147412620794,0.596079664094961,0.3001056626354245,0.5057092127438311
98,mu,rest,0.0096091683201058,129.4748763718844,0.5255240481279073,0.455778046206699,0.2170131015369111,0.346504439445112
99,beta,execution,0.0179246083416005,745.7361000231572,0.5931853641458595,0.5332614833842094,0.2880553638524652,0.4410758532517729
99,beta,imagery,0.0174728138434193,957.7262644134248,0.6155620548369268,0.5560495407627156,0.2961841020627251,0.4528632527644925
99,beta,rest,0.0182977327215608,574.2047873684728,0.6449074930861287,0.582002160961135,0.3096282877079978,0.4573703789860202
99,broadband,execution,0.019202083850033,2127.9302225741744,0.6355891402157672,0.5775455463891683,0.2752566793475882,0.4210006286842636
99,broadband,imagery,0.0205898928364748,2681.1410710139357,0.6606463813692808,0.5991273410850441,0.2802520879793605,0.4285338132362601
99,broadband,rest,0.0230819072420634,1461.3714203547163,0.6764960000785318,0.6103835438529999,0.2910648694739602,0.4374196639289742
99,mu,execution,0.0118213174809854,581.5241963449307,0.7179478069408443,0.6626514379297134,0.2798178067523306,0.4222530319559256
99,mu,imagery,0.013024261636078,580.7149841322547,0.7100971366898455,0.6551506497423202,0.2758289241622575,0.4182595056597405
99,mu,rest,0.0142485635747354,500.89178970145207,0.7346259967615368,0.6563530823914534,0.2722127739984883,0.4221082779695816
101,beta,execution,0.0126263408358134,184.0917488034801,0.6020601546137835,0.5366585095573215,0.2761374702860209,0.4142179708439235
101,beta,imagery,0.0123169591187169,210.53952449166664,0.62238594410323,0.5495226904343877,0.2785184226669733,0.4209468816755115
101,beta,rest,0.0136295572916666,197.54131590030929,0.5914673683372217,0.5283539801398833,0.2753000153362471,0.4097139514462325
101,broadband,execution,0.0123475503265542,1310.910108666546,0.613231939644292,0.5410293614355038,0.2561236827145916,0.3877177542973427
101,broadband,imagery,0.0110447875330687,1080.6621870984388,0.6122587629696683,0.5388639189632658,0.2564224769338404,0.3795302888536759
101,broadband,rest,0.0093465815145502,1043.0040955608958,0.5819368904195941,0.5134524870045711,0.2553106825834096,0.3768181908881201
101,mu,execution,0.0098677145337301,149.43668248068658,0.6502258722688176,0.5742392627154874,0.2319737339380197,0.3409545589503556
101,mu,imagery,0.0094998269055886,159.57826742652648,0.6542847930963832,0.5680927790572252,0.2265455719324767,0.3302186074124592
101,mu,rest,0.0092656146660052,156.6683487902115,0.6480878934329052,0.5656133387352633,0.235213529856387,0.3507527021169281
102,beta,execution,0.0224700985863095,17.457019381504228,0.6822063134624069,0.5967708720174665,0.3098104056437388,0.4757744758490857
102,beta,imagery,0.0223074053406084,17.591255408634204,0.6798603206277767,0.6021107816210145,0.3117963538072232,0.4735657233074865
102,beta,rest,0.0192846808862433,63.05202266333291,0.6371706546404288,0.5702972118104298,0.295686680469289,0.4421005217521253
102,broadband,execution,0.0230766007357804,107.05037223066708,0.6846386033501319,0.6079650928937268,0.2845041868905503,0.4360196879106762
102,broadband,imagery,0.0217087983630952,95.06156921209508,0.690391910100068,0.615316720338779,0.2865179391315754,0.4353299996658206
102,broadband,rest,0.0188238880621693,338.07502764106346,0.6526141581895204,0.5864169085034561,0.2763533604442694,0.4137422933575005
102,mu,execution,0.0137626668940145,19.37657635262633,0.6939135582015702,0.6193268542663328,0.2550362181909801,0.3820532984267509
102,mu,imagery,0.0146576554232804,21.573034320182053,0.7169978331473642,0.6297419528928428,0.2628665910808768,0.4105598404447856
102,mu,rest,0.0140584697420634,59.77713335035948,0.6515646868644807,0.5788683061146138,0.2432319223985891,0.3665306667616091
103,beta,execution,0.0171479621362433,404.826731308988,0.6121087416697887,0.5500335469814728,0.2887299670270684,0.4298504358301045
103,beta,imagery,0.0181241448619378,389.4597779557608,0.63655982480455,0.5777091599138546,0.2967871999846637,0.4436556558866428
103,beta,rest,0.015261966765873,353.9976417914914,0.6625719545774735,0.5913589694704979,0.3077668507016332,0.4580683337480091
103,broadband,execution,0.0195600224247685,4014.294840330576,0.6481936521469445,0.5870230995788208,0.2774960918710917,0.428669646660924
103,broadband,imagery,0.0171288571635251,2941.927408530492,0.6557137907107283,0.5929820143889579,0.2821299849140756,0.4286128068736187
103,broadband,rest,0.0151592468584656,3306.5479468308927,0.6544996940018483,0.5870357748052256,0.28047520661157,0.4217263365046587
103,mu,execution,0.0122700401992394,722.4880640722827,0.7042936794077895,0.6323120428500173,0.304222726127488,0.4866876343246799
103,mu,imagery,0.0115303793609457,714.641061837758,0.6708164413578784,0.6123647082784596,0.2937211829176115,0.4563794220602192
103,mu,rest,0.0118843522652116,459.5276350411305,0.6438172042601569,0.5881675597460213,0.2488000755857899,0.3773196024782256
104,beta,execution,0.0116556377108134,107.66473302910758,0.6809365628277969,0.5930741926524337,0.2961177248677248,0.4556316211153283
104,beta,imagery,0.0098158585482804,80.25862965370882,0.6553694343750249,0.567895316010784,0.2915245188252434,0.4479772530132136
104,beta,rest,0.0179232287533068,119.55026603081596,0.642186852267187,0.5653198708588316,0.2933143547273981,0.4433065196765681
104,broadband,execution,0.0165257135623346,1993.2335009819292,0.7196680166772635,0.6247629743441483,0.2811677379859196,0.4340674986441629
104,broadband,imagery,0.0126439602967923,680.1518656580208,0.6506137723532954,0.5689645311408904,0.2681653111198564,0.4114327471835881
104,broadband,rest,0.0259393601190476,2086.5452852881267,0.6728798785347505,0.5910138219815165,0.274197603743058,0.4236073588573544
104,mu,execution,0.0116693250868055,195.38563348867305,0.7652916852985923,0.6430174560857723,0.2608467183169564,0.4229737677346413
104,mu,imagery,0.0089423388930224,109.08937258990429,0.6452565161149068,0.573376152981054,0.2397549760644999,0.3758143023283306
104,mu,rest,0.0182512297453703,204.11485993567368,0.6627364074360825,0.5839731462703801,0.2402651801461325,0.3602611383789941
105,beta,execution,0.0156951419890873,58.03644588704888,0.594243106232771,0.5174978027280158,0.2756632447665055,0.4215735651020417
105,beta,imagery,0.0113413215112433,58.74698199371221,0.5701135406390818,0.5032461147947029,0.2676095103903074,0.4035643538067842
105,beta,rest,0.0097735305059523,75.72839431024467,0.5681755956860134,0.4983225250197819,0.2766754850088182,0.419384578991131
105,broadband,execution,0.0257578383349867,1383.8053005463698,0.6301489718252152,0.5545476513863398,0.261456064978792,0.4041254987129372
105,broadband,imagery,0.0190736090443121,979.3572675668267,0.6049195130818291,0.5331916814413027,0.2524749114521839,0.3887099883782553
105,broadband,rest,0.0153899532903439,724.9154283895423,0.5999974499597661,0.5299962090609925,0.2603163671345487,0.3929837741762744
105,mu,execution,0.0161763599537037,114.29543930833384,0.6171041473342797,0.5458401309623253,0.2463188145628622,0.3773348106099757
105,mu,imagery,0.0107294766865079,119.89292192252114,0.6151083778520758,0.5391459411567706,0.2396438019652305,0.3903853615177465
105,mu,rest,0.0093298921130952,95.90267817327909,0.5763673886720767,0.5045996854500943,0.2378810783572689,0.3647776913238417
106,beta,execution,0.0092686399429563,190.50764176400696,0.4731434593538373,0.4171504948427141,0.2467521662449197,0.3701436578757146
106,beta,imagery,0.0091679299975198,183.85564239503395,0.4766645965257597,0.4196834966978084,0.2469900697799247,0.3721423673362994
106,beta,rest,0.0088941592261904,183.99928889955828,0.4600516670892474,0.4067484000479704,0.2488823709838201,0.3671845955785242
106,broadband,execution,0.0150271370701058,2140.5253193918725,0.523834298836228,0.4585906073840549,0.2407304101622281,0.372084582065268
106,broadband,imagery,0.01445849609375,1997.7492094377424,0.521517030324947,0.4557244290251274,0.2408894136166861,0.3716540098780297
106,broadband,rest,0.0183897052744709,2305.7891041996286,0.5107391273366937,0.4540226201533388,0.2421678910315271,0.3613684686818607
106,mu,execution,0.0102773334160052,318.9005488254918,0.5346335964445802,0.450686650071938,0.2268060279667423,0.3927145493563635
106,mu,imagery,0.0116725957961309,377.2528631680504,0.5416060355850497,0.4645380287065065,0.2274266187956664,0.3730699020069241
106,mu,rest,0.0109349165013227,322.00204519137225,0.5184804220094761,0.4632280646072662,0.2401706979087932,0.3664835142704041
107,beta,execution,0.0434210353629298,388.23882507605146,0.7493626446709728,0.7048028573229475,0.3826403266620657,0.5567058957594812
107,beta,imagery,0.0465437437996031,319.7704212679377,0.7636442205509018,0.7214221576837223,0.3718160992255195,0.5354804106029251
107,beta,rest,0.0506611173115079,233.52285902392865,0.8247419636513548,0.7655863075905487,0.4080160647189632,0.5846245388689304
107,broadband,execution,0.0220085074611441,2677.8151553277285,0.7411519174099361,0.6887999673213725,0.3312015719970265,0.4962333733769998
107,broadband,imagery,0.0210967571924603,1683.5867868690189,0.7543150441329882,0.7031426975772178,0.3232404674450128,0.4783129623848675
107,broadband,rest,0.0214988942625661,1588.5024864667257,0.8064131383031093,0.7442157879006576,0.3447297651843106,0.5049793021517204
107,mu,execution,0.0188638806216931,453.97107392118494,0.7690622684600166,0.7123961629282275,0.2918545288485765,0.4493720423342495
107,mu,imagery,0.0184828791542658,394.780702139387,0.7663073235895865,0.7077853084002271,0.2762951940035273,0.4334269399881204
107,mu,rest,0.0155815972222222,372.57717903885936,0.7980185373316341,0.7339968573946521,0.2666729654824893,0.4252610860166993
108,beta,execution,0.0139883820064484,260.2180451008612,0.5425823205557032,0.4923648440058502,0.2699743117859058,0.420061399786258
108,beta,imagery,0.012520187458664,373.8031020358129,0.5154991445544387,0.4613738695490642,0.2638538072233723,0.4075430412336949
108,beta,rest,0.0161920262896825,139.0088328851257,0.5919401150317143,0.5230591869592721,0.2876686987194232,0.4326993725309647
108,broadband,execution,0.0274572611813822,4047.2710392902654,0.6096294800699635,0.544346872254914,0.2630281713236256,0.4191126139652745
108,broadband,imagery,0.0229962797619047,3879.768334822505,0.5792795333116905,0.5153316843995477,0.2547075735712097,0.4039676096487354
108,broadband,rest,0.0487563037367724,4865.387239369965,0.6539425488033329,0.5929999169507808,0.2923367877913331,0.4278219823122436
108,mu,execution,0.0115753761574074,226.15528399590943,0.6310873884091809,0.5566142257421938,0.238140589569161,0.3720362355968088
108,mu,imagery,0.0116554671999007,263.0612136671691,0.5713194638667953,0.5076120966314644,0.2307448349710255,0.3669090630913708
108,mu,rest,0.0146769593253968,237.13733949076664,0.6455273264305857,0.5778769035852804,0.2638636936255984,0.3869641309639229
109,beta,execution,0.0106607866236772,317.0986463691087,0.5130708379033962,0.4507106748075821,0.2579203090253814,0.3938396574139522
109,beta,imagery,0.00951580067791,296.5795436662792,0.5038454641209029,0.440031682569565,0.2549023272755156,0.3862790515266604
109,beta,rest,0.0130594308035714,328.78143527381263,0.4672873240685294,0.417644880260633,0.2464371980676327,0.3622374749090185
109,broadband,execution,0.0130122276992394,2106.064986444705,0.5273248459399142,0.4626490923982814,0.2438370173597444,0.3699901216059236
109,broadband,imagery,0.012742771370701,1900.288497400395,0.5224592438142218,0.4586326779622204,0.2446423652105467,0.3676479389770392
109,broadband,rest,0.0135267857142857,2350.8222039940088,0.5022505743362721,0.4437280473868085,0.2388593729502817,0.3523591838177948
109,mu,execution,0.0090606398809523,308.0821761366146,0.5458426121280378,0.475913280861328,0.2218381519274377,0.3282007905626263
109,mu,imagery,0.0084893973214285,291.4332556934036,0.5553075940688963,0.4876468218487743,0.2295258566389519,0.3430369094572561
109,mu,rest,0.0108111669146825,329.82049191342344,0.5483453852199447,0.4867006995181608,0.2271919879062736,0.3296641472090664
