subject,band,reference,condition,rsec_d3,rsec_d2,rsec_d4,rsec_d5,power_uv2,normalized_power,linear_q_coincidence,plv,wpli
1,beta,native,execution,0.015103701636904719,,,,246.7822845419825,0.13072652957968905,0.02055746734457668,0.4780698868791051,0.33054636023639083
1,beta,native,imagery,0.015267426559744213,,,,222.26215164824507,0.12600073228680764,0.0208209325396825,0.47592459193089304,0.32564262574505537
1,beta,native,rest,0.014843594990079314,,,,229.865397021134,0.12750804355064668,0.02018771701388882,0.46511825998794837,0.33034454130737684
1,broadband,average,execution,0.011999800209435568,,,,,,,,
1,broadband,average,imagery,0.010374280065035227,,,,,,,,
1,broadband,average,rest,0.01309342964616398,,,,,,,,
1,broadband,native,execution,0.014859664351851803,0.12142571235670191,0.00172284915123452,0.0003530264825837133,2152.1725859820735,0.13937163762089022,0.020021632495590785,0.5752654735232601,0.27184605653644905
1,broadband,native,imagery,0.013798673115079313,0.1168643559854497,0.001595293209876491,0.0003437258873456333,1611.4780022610603,0.14411453686185807,0.018566089340828873,0.58576792760667,0.2506649162998109
1,broadband,native,rest,0.014090195105820035,0.11340696304563487,0.0016023892195766733,0.00030330274470894667,1969.1186002708841,0.14802281170049933,0.018918547453703652,0.5795939008301996,0.25933565799596864
1,broadband,no_frontopolar,execution,0.014391829842137167,,,,,,,,
1,broadband,no_frontopolar,imagery,0.01367336445051604,,,,,,,,
1,broadband,no_frontopolar,rest,0.013576331967213065,,,,,,,,
1,mu,native,execution,0.012403997189153384,,,,230.07453775185536,0.17662782895738646,0.016544880539021114,0.5676825885797709,0.29560319919209727
1,mu,native,imagery,0.012044081376763622,,,,219.51216283262733,0.1756413303498985,0.016056478725749505,0.5653997628247922,0.30035879191697534
1,mu,native,rest,0.011958240327380907,,,,221.3123090051034,0.17651739644154588,0.0158896536044973,0.5515649472529985,0.3106801591210838
2,beta,native,execution,0.010904138420414409,,,,112.04999690322772,0.1532053704337017,0.014670672811948799,0.4191879941975825,0.2991138800078467
2,beta,native,imagery,0.00937000523589061,,,,87.27047007011386,0.15943642554596077,0.012545245673500838,0.39040230603517645,0.30097291465229087
2,beta,native,rest,0.00897383432539678,,,,100.53968158678616,0.1602754678780943,0.011975136408730106,0.33692935582414096,0.26269740289930343
2,broadband,average,execution,0.014760492449294485,,,,,,,,
2,broadband,average,imagery,0.011051570078262735,,,,,,,,
2,broadband,average,rest,0.018984788359788316,,,,,,,,
2,broadband,native,execution,0.016727051642416172,0.12775519799933857,0.001892877810846511,0.00033048115079360886,640.6515685743832,0.12945062213453895,0.02274493289792764,0.48857928267086,0.2376086187773834
2,broadband,native,imagery,0.012236552028218642,0.10283911003637562,0.00135526895943558,0.0002337894069664311,332.7915024734998,0.14109649790187934,0.01659234802138443,0.44396940769051174,0.23504698542941793
2,broadband,native,rest,0.01941297743055552,0.13840561962632272,0.00221839864417984,0.00036427331349201997,895.6785450727947,0.12756048183086885,0.026264984292327993,0.4599371222052898,0.2979208585759256
2,broadband,no_frontopolar,execution,0.01587325440194288,,,,,,,,
2,broadband,no_frontopolar,imagery,0.01191662871888277,,,,,,,,
2,broadband,no_frontopolar,rest,0.01808088570127499,,,,,,,,
2,mu,native,execution,0.010089544064153388,,,,83.63308538252086,0.1862556491756276,0.013405464616402064,0.4913564698656623,0.2883662384106936
2,mu,native,imagery,0.008768911210317415,,,,83.99882284654697,0.20160562715630878,0.011520578428130463,0.45134611559874327,0.3190056733291569
2,mu,native,rest,0.010026300016534335,,,,82.5828293096161,0.18776856117260488,0.013329251405423233,0.439686402058216,0.3339389943370736
3,beta,native,execution,0.018688409391534346,,,,203.41358320345896,0.11469746727766206,0.025518559854497302,0.5452144061702943,0.39552168412440086
3,beta,native,imagery,0.019560064621913526,,,,290.2751791321781,0.12687621272560942,0.02646892567791,0.645175735639891,0.49618520523150245
3,beta,native,rest,0.018272621114417943,,,,256.4036692249522,0.12154822572076118,0.0247420118220899,0.6461384541579878,0.4717370859082232
3,broadband,average,execution,0.02620546048280419,,,,,,,,
3,broadband,average,imagery,0.02445712081128743,,,,,,,,
3,broadband,average,rest,0.03625098172949732,,,,,,,,
3,broadband,native,execution,0.026809723600088133,0.18182520736882712,0.003243100336199247,0.0006172495039682,4345.260697085541,0.1082650856011525,0.036260661237874726,0.6179134455253098,0.33673092555648465
3,broadband,native,imagery,0.023337639164462045,0.16323908730158726,0.0027937093529541,0.0005222973159170644,3495.6527677411095,0.1146096863189592,0.03144324570105815,0.6386891565628774,0.331314575591659
3,broadband,native,rest,0.027048507771163986,0.16722594246031744,0.003383918237433827,0.0005778253141533933,3774.973590756692,0.10549381142567181,0.036250878389550205,0.6009718524094335,0.3315480402332875
3,broadband,no_frontopolar,execution,0.025353161050394615,,,,,,,,
3,broadband,no_frontopolar,imagery,0.021877580449301708,,,,,,,,
3,broadband,no_frontopolar,rest,0.02449180327868849,,,,,,,,
3,mu,native,execution,0.014645836777998193,,,,288.61805345207216,0.1668733833263415,0.019568641837521994,0.5694330508048443,0.34922271690291196
3,mu,native,imagery,0.014172815393518463,,,,277.43949405558857,0.16947615168347333,0.01893478904872129,0.5998386852573304,0.3421935721491639
3,mu,native,rest,0.01703977554563487,,,,315.9836264782577,0.15120815621267605,0.022841693535052852,0.6049729286191154,0.36488337258790643
4,beta,native,execution,0.014336161403218648,,,,57.798642461927265,0.12830951557939432,0.019416697668650743,0.4925541961033356,0.36576703211454553
4,beta,native,imagery,0.013234213100749516,,,,56.95716623131696,0.13704062133138536,0.017875881834215117,0.49774735408418447,0.3611162735819061
4,beta,native,rest,0.012445384837962915,,,,93.35799712596987,0.14152086330571675,0.01673301091269837,0.47694333218303975,0.34017833249216867
4,broadband,average,execution,0.011222287670855318,,,,,,,,
4,broadband,average,imagery,0.009091039048721293,,,,,,,,
4,broadband,average,rest,0.01921518477182536,,,,,,,,
4,broadband,native,execution,0.013892247437169263,0.1115612771439594,0.0016137393904320447,0.00032043995260136,531.1763798542626,0.1493430169097895,0.018607373649691308,0.5746808114041488,0.2794225526902361
4,broadband,native,imagery,0.01254562458664016,0.1063614865795855,0.0014422467482362801,0.0003027688216489822,606.1676305140152,0.14425548692059864,0.016832182815255673,0.5404038248855442,0.27093298786647724
4,broadband,native,rest,0.023376167741402065,0.16117967716600526,0.002816478587962913,0.0005292555390211133,1172.3191639513138,0.1217286359486875,0.0314782262731481,0.5852272311706094,0.31295614688241996
4,broadband,no_frontopolar,execution,0.013780054644808698,,,,,,,,
4,broadband,no_frontopolar,imagery,0.012510947935640507,,,,,,,,
4,broadband,no_frontopolar,rest,0.02274294171220396,,,,,,,,
4,mu,native,execution,0.010905412946428519,,,,65.22932379913054,0.18849396806496133,0.014408740492724816,0.5806802078332444,0.31966690915312224
4,mu,native,imagery,0.01063893366953258,,,,43.56430833192209,0.18954506623885217,0.014054938960537871,0.5791762423145376,0.315034404621823
4,mu,native,rest,0.009840546461640147,,,,125.84780508720986,0.1962053468402052,0.0129132047784391,0.6154611624328946,0.31795557769935456
5,beta,native,execution,0.008303330302028173,,,,106.2598113508403,0.16074419431297204,0.011149743027998186,0.2816581326270625,0.2220226122147689
5,beta,native,imagery,0.007906212108686021,,,,80.53185586756639,0.16590619969484907,0.010529255539021115,0.29989550812430993,0.2276199264101429
5,beta,native,rest,0.008151661706349154,,,,85.7949166111559,0.16042833116226357,0.010931816302910001,0.2784585238812495,0.21635473666982988
5,broadband,average,execution,0.00989717675264546,,,,,,,,
5,broadband,average,imagery,0.009308638530643693,,,,,,,,
5,broadband,average,rest,0.009428633432539633,,,,,,,,
5,broadband,native,execution,0.012680345430996418,0.10657421186067013,0.0013893539186507421,0.0002332038139329333,555.9904467566024,0.13184444790268254,0.017259579613095193,0.373423566379566,0.2086081025142729
5,broadband,native,imagery,0.013210358796296244,0.10855315462411813,0.001476452270723062,0.00026880442570541903,516.1759076441224,0.13759792084247233,0.01791277419532623,0.39381778238228754,0.22847421910678334
5,broadband,native,rest,0.010525483630952332,0.0910086495535714,0.0011373077876983665,0.00018642526455022,547.6260574480833,0.14285379752603514,0.014253833912036988,0.3422871625741567,0.2119454325864998
5,broadband,no_frontopolar,execution,0.012235371129325998,,,,,,,,
5,broadband,no_frontopolar,imagery,0.01288160291438975,,,,,,,,
5,broadband,no_frontopolar,rest,0.009934710837887014,,,,,,,,
5,mu,native,execution,0.008184592702821819,,,,58.03898159636808,0.19258041990706506,0.010826444003527289,0.40383341865508676,0.2787434422696792
5,mu,native,imagery,0.007895258074294486,,,,57.58827150813907,0.20031840529305459,0.010382616154100485,0.42980015471487226,0.28581591541735424
5,mu,native,rest,0.007066540591931167,,,,58.6941829166341,0.20625587043437568,0.009289227843915292,0.3928274714621386,0.2521676763888967
6,beta,native,execution,0.012102778466710706,,,,137.37452746169382,0.1546679355400396,0.016160387042548453,0.40650840061729177,0.33330161314298534
6,beta,native,imagery,0.011477761243386193,,,,121.67428469969133,0.15586255632681867,0.01533566537147262,0.38279767330799525,0.3052630888770247
6,beta,native,rest,0.011017071759259226,,,,66.21818875092671,0.15401409580219777,0.014756272734788294,0.3689141486235655,0.2945234852936614
6,broadband,average,execution,0.015515201306216881,,,,,,,,
6,broadband,average,imagery,0.013805080191798899,,,,,,,,
6,broadband,average,rest,0.024528821511243352,,,,,,,,
6,broadband,native,execution,0.01781859705687825,0.12844394152336858,0.0021030368165784355,0.0003415557484567422,547.1398117649009,0.1315732569654358,0.023763416969797134,0.4863964697785656,0.25138599668699224
6,broadband,native,imagery,0.014903463266093424,0.11258594438932976,0.0017631517305995955,0.0003321862599205867,378.4672246578469,0.13850424978049158,0.01983627507716044,0.46235923841200444,0.23106641020403598
6,broadband,native,rest,0.023025380291005242,0.14790436921296293,0.00288178943452376,0.0004717468584655533,748.0985713409988,0.12027400749369913,0.03056196263227507,0.5219636928556477,0.2523602207057979
6,broadband,no_frontopolar,execution,0.017684710837887023,,,,,,,,
6,broadband,no_frontopolar,imagery,0.01488289313904063,,,,,,,,
6,broadband,no_frontopolar,rest,0.021978654371584652,,,,,,,,
6,mu,native,execution,0.011185860339506127,,,,31.31922919382968,0.18372615546729335,0.01475334476962077,0.505230598100307,0.2789268518799946
6,mu,native,imagery,0.011543295993165727,,,,26.499587546752693,0.1822528344455027,0.015254767416225709,0.4973057658607648,0.2879825080680329
6,mu,native,rest,0.010830439814814788,,,,29.79535997607334,0.18088820264538302,0.014319713128306827,0.5037004182269774,0.28159061406588104
7,beta,native,execution,0.010462670166446161,,,,105.14910666656056,0.15951657062629654,0.013931929976851803,0.35765261632518647,0.24522948067056022
7,beta,native,imagery,0.010910889963624291,,,,101.06372541855825,0.15737461121655041,0.014538208223104013,0.39265059936871044,0.26126208697934544
7,beta,native,rest,0.009944609788359739,,,,120.92602705245733,0.16795338529630593,0.01315104166666662,0.3998892218036799,0.27059778808824636
7,broadband,average,execution,0.021018174052028174,,,,,,,,
7,broadband,average,imagery,0.013169763420414416,,,,,,,,
7,broadband,average,rest,0.020186218584656034,,,,,,,,
7,broadband,native,execution,0.02454535590277773,0.14826817749669308,0.003102334104938222,0.00042863687720453333,1097.0746853587996,0.12025553069590278,0.032306099812610185,0.47192112195561403,0.24259580652962726
7,broadband,native,imagery,0.01713281594466486,0.12149789530974422,0.0020081190751763222,0.0003277770888447533,603.2742138091294,0.13643433854579246,0.022712449707892372,0.4472973582449162,0.219508058637444
7,broadband,native,rest,0.021811755952380905,0.13463634672619043,0.0027600549768518,0.00038938492063487335,969.2227204713031,0.12289188922164308,0.028747984871031695,0.4368680409765249,0.25735020404200903
7,broadband,no_frontopolar,execution,0.023203912416514823,,,,,,,,
7,broadband,no_frontopolar,imagery,0.016984669095324777,,,,,,,,
7,broadband,no_frontopolar,rest,0.020175034153005412,,,,,,,,
7,mu,native,execution,0.014299544615299777,,,,212.35214686963366,0.1820937117084428,0.018651551477072256,0.4735032283052948,0.3196222018156019
7,mu,native,imagery,0.0140103994433421,,,,265.4240825958208,0.19430705220707697,0.018184816606040523,0.4842438903853855,0.3235649715492981
7,mu,native,rest,0.012405702298280372,,,,226.81488645687995,0.1888443011987457,0.016239924355158687,0.468850489701058,0.33587635404545835
8,beta,native,execution,0.010586574763007003,,,,66.59029610987723,0.15462821735083032,0.0141407972332451,0.40981948894555537,0.3008236788320823
8,beta,native,imagery,0.009918671461640162,,,,64.20167454173104,0.16243433052487047,0.013145650766093432,0.42579623776218883,0.31370705268059607
8,beta,native,rest,0.010210710152116354,,,,64.19005015009654,0.1565224799628728,0.01363549933862428,0.40551360553850613,0.29924912302348255
8,broadband,average,execution,0.022904231426366783,,,,,,,,
8,broadband,average,imagery,0.015345120976631344,,,,,,,,
8,broadband,average,rest,0.02345026248346556,,,,,,,,
8,broadband,native,execution,0.02624881159060842,0.16344552606922394,0.0034082720182980137,0.0005895716214726178,979.6514830299493,0.116329088223458,0.0346768732087742,0.6161596537927321,0.3006768927502906
8,broadband,native,imagery,0.019691891947751276,0.13414233010912696,0.00246607005070542,0.00044363839285709554,543.1474317199302,0.13052240630943115,0.026115227485670144,0.5493722284374344,0.2641309999117524
8,broadband,native,rest,0.028698071676587254,0.17637199280753965,0.0037776951058200534,0.0006021618716930733,918.9216186976984,0.10594002747841508,0.037925915591931175,0.5438446150183137,0.32853353082577214
8,broadband,no_frontopolar,execution,0.02526466681845775,,,,,,,,
8,broadband,no_frontopolar,imagery,0.019184179568913124,,,,,,,,
8,broadband,no_frontopolar,rest,0.027425204918032728,,,,,,,,
8,mu,native,execution,0.012623887373236282,,,,92.06521591660925,0.20714989519658084,0.016309196566357976,0.7068247442208642,0.3620422898345386
8,mu,native,imagery,0.011693500606260976,,,,70.12771824655002,0.2035199907226371,0.015183652309303299,0.6389614141021867,0.339075306839369
8,mu,native,rest,0.012346075148809468,,,,63.418263860819756,0.18009655701112787,0.016271701388888834,0.570649265676794,0.3169882732707471
9,beta,native,execution,0.008840405230379147,,,,756.1429123924769,0.16387545231627013,0.011815941220238038,0.35272860285715674,0.2579825507140127
9,beta,native,imagery,0.009436073908730103,,,,744.9744542950173,0.15669516649558762,0.012632499035493776,0.35577901069673196,0.25661455350384493
9,beta,native,rest,0.007842623594576674,,,,780.4397884660524,0.1686135512840347,0.010444878472222167,0.30463826056591,0.2275160664979047
9,broadband,average,execution,0.013438722856040525,,,,,,,,
9,broadband,average,imagery,0.015015414875440867,,,,,,,,
9,broadband,average,rest,0.01851350653108461,,,,,,,,
9,broadband,native,execution,0.012927637924382663,0.11138775214947086,0.0014323605599646711,0.0002580398478835511,8487.112324019352,0.15446405938892965,0.0173817274305555,0.5718088903079691,0.2287603942063332
9,broadband,native,imagery,0.014501057512125177,0.12042923969356258,0.0016281553130510955,0.00030962370480594,4036.6870519612107,0.12757365825210754,0.019760475225969968,0.4796708663969816,0.23057940716468894
9,broadband,native,rest,0.01528495990410048,0.12426080935846556,0.001738332919973487,0.00033962673611107335,7399.011706366625,0.1327530578963329,0.020811166914682492,0.5007346099962953,0.2165632440612924
9,broadband,no_frontopolar,execution,0.012740247419550656,,,,,,,,
9,broadband,no_frontopolar,imagery,0.014107202489374582,,,,,,,,
9,broadband,no_frontopolar,rest,0.0146042235883424,,,,,,,,
9,mu,native,execution,0.00857988522376538,,,,235.05025636183908,0.1959683987579098,0.011316189236111062,0.46939432616684684,0.279590824681863
9,mu,native,imagery,0.008147097525352684,,,,227.34344537418644,0.20359090326149784,0.010677634479717773,0.48260723816544554,0.2658924250273192
9,mu,native,rest,0.0070558449074073605,,,,249.7858299471157,0.20995987005389372,0.009162946428571368,0.43331966348998535,0.26142235513836787
10,beta,native,execution,0.019240761408730114,,,,217.9308708525103,0.10754038746007101,0.026389939511684248,0.47496257678362735,0.3610992500906645
10,beta,native,imagery,0.022057257220017584,,,,205.69849748026036,0.10078048502519986,0.030309313684964673,0.48531993116284067,0.3654703404536475
10,beta,native,rest,0.015904069527116354,,,,223.53496354253772,0.1128141101415503,0.021794601521163973,0.40305948850438494,0.31131677759639814
10,broadband,average,execution,0.011941792052469088,,,,,,,,
10,broadband,average,imagery,0.01005041267085533,,,,,,,,
10,broadband,average,rest,0.00908487309854492,,,,,,,,
10,broadband,native,execution,0.014915364583333283,0.11920679701278654,0.00171027612433858,0.0003273465057318733,2940.1272031172866,0.14017189308463965,0.020185219631834173,0.5237317342771117,0.3652738285043159
10,broadband,native,imagery,0.012754543513007009,0.10702384397045853,0.00143558132164898,0.0002765721450616711,2685.988854984839,0.14643423430884908,0.017245663166887075,0.5134455922853869,0.37721553823009
10,broadband,native,rest,0.011602079199735401,0.09764545097552907,0.0013084904100528533,0.00024284887566133334,2754.1208441234267,0.1403343055839349,0.015684988839285655,0.43119442319493567,0.26693844872935996
10,broadband,no_frontopolar,execution,0.014538630843958667,,,,,,,,
10,broadband,no_frontopolar,imagery,0.012639609896781975,,,,,,,,
10,broadband,no_frontopolar,rest,0.011123121584699414,,,,,,,,
10,mu,native,execution,0.011294401730599597,,,,237.83789454674755,0.1785723493404703,0.015060522762345633,0.5435740306187726,0.3008621389155241
10,mu,native,imagery,0.012268019042107533,,,,225.78101198451878,0.17649751814230066,0.016409918568121646,0.5559343124055417,0.31792655391005314
10,mu,native,rest,0.009155092592592532,,,,207.7806874093052,0.18733791226316374,0.012171223958333281,0.49939890777996115,0.290197340262741
11,beta,native,execution,0.013564728698192188,,,,45.7234318580188,0.1515264847158356,0.018104710923721297,0.5973677556704001,0.44610172247226015
11,beta,native,imagery,0.01267281883818337,,,,37.77387819517829,0.15351196559308722,0.016944840580908234,0.5519529306456448,0.3951875319135545
11,beta,native,rest,0.010425450562169267,,,,30.147332075432935,0.15294842701234532,0.0139506345072751,0.42162086059680204,0.293713810330346
11,broadband,average,execution,0.011870608052248623,,,,,,,,
11,broadband,average,imagery,0.010465649801587254,,,,,,,,
11,broadband,average,rest,0.015084583746693074,,,,,,,,
11,broadband,native,execution,0.016733923748897664,0.12948125068893293,0.0019686087687389377,0.00040760719797173107,473.3555667988909,0.14096937821984454,0.02240420386904757,0.6041448964303442,0.2885962322785366
11,broadband,native,imagery,0.01492793761022923,0.11880521797839501,0.0017725039958112288,0.0003865775187389155,327.2400030338853,0.1473718393996559,0.019908268573633106,0.5832921569851389,0.26481357751193174
11,broadband,native,rest,0.016176680307539628,0.12046926669973541,0.0018808387070105334,0.0003337880291004867,632.997589837306,0.14252092221943002,0.02160383597883593,0.5582379125608851,0.31038890704220956
11,broadband,no_frontopolar,execution,0.016657540224650838,,,,,,,,
11,broadband,no_frontopolar,imagery,0.014975390862173603,,,,,,,,
11,broadband,no_frontopolar,rest,0.015641222677595566,,,,,,,,
11,mu,native,execution,0.0112339650848765,,,,26.588951301039682,0.1873810813019364,0.014820119598765386,0.5529782860226347,0.29349244102915667
11,mu,native,imagery,0.011166535769400309,,,,28.30658343987345,0.19013798422343417,0.014731591710758331,0.5356861553759512,0.2959416981211242
11,mu,native,rest,0.010110108713624295,,,,23.626356492046547,0.18971823228535495,0.013390273644179848,0.4774991703092381,0.29156426100435123
12,beta,native,execution,0.011226162918871204,,,,78.06302476281351,0.1591502344254541,0.014954168733465554,0.4394381639423953,0.3234180347103906
12,beta,native,imagery,0.013024588018077553,,,,61.58846706328216,0.1501578124506132,0.017474113343253918,0.46657037417285496,0.3420919324654422
12,beta,native,rest,0.00968713831018514,,,,103.04328462499157,0.16936771462571076,0.012801959325396774,0.4214113690137058,0.3420968329090358
12,broadband,average,execution,0.024644906718474368,,,,,,,,
12,broadband,average,imagery,0.019394393463403832,,,,,,,,
12,broadband,average,rest,0.01819795800264546,,,,,,,,
12,broadband,native,execution,0.02598000716490295,0.16972552910052904,0.0031744481646824845,0.00049458498677244,2064.659325969634,0.15097019387756652,0.034226793292548456,0.6714707784863222,0.41137197790124536
12,broadband,native,imagery,0.022926018931878255,0.1576145006613756,0.002760296103395009,0.0004839237488976578,2318.155191590984,0.1634108025158123,0.030084790426587255,0.6901614502741652,0.37643023908027956
12,broadband,native,rest,0.01935867228835974,0.13542782738095233,0.0023897879464285137,0.0004140831679893733,738.5667779691232,0.1420113655260198,0.02568163029100525,0.5698253663753188,0.3044710210303663
12,broadband,no_frontopolar,execution,0.026113672586520902,,,,,,,,
12,broadband,no_frontopolar,imagery,0.023222791438979914,,,,,,,,
12,broadband,no_frontopolar,rest,0.019673383424407966,,,,,,,,
12,mu,native,execution,0.013069282545193957,,,,44.54498981094051,0.17922673992236102,0.017246507109788308,0.5651491717504933,0.33001982112501266
12,mu,native,imagery,0.013731708829365023,,,,50.65364834821334,0.17657311692455976,0.018146873622133988,0.560295910532792,0.33318234850575307
12,mu,native,rest,0.01093946345899466,,,,39.01790822457267,0.19112086268776388,0.014272951802248619,0.5545419033477155,0.3409728702345211
13,beta,native,execution,0.009809992283950564,,,,957.6176230681624,0.15462101460292207,0.013190448633156921,0.33648546559999387,0.24475314158685005
13,beta,native,imagery,0.010520333856922349,,,,1134.0278442655429,0.15344877224827064,0.014135561342592544,0.33917477236235477,0.25146670061103005
13,beta,native,rest,0.009952411954365026,,,,359.40741028997934,0.15515159542643103,0.013371672453703659,0.3711003036296561,0.24923179952682048
13,broadband,average,execution,0.016020774774029932,,,,,,,,
13,broadband,average,imagery,0.012259390156525527,,,,,,,,
13,broadband,average,rest,0.017359147652116356,,,,,,,,
13,broadband,native,execution,0.016769042107583725,0.1321654713679453,0.0018973730985449243,0.0003069368661816089,4164.77271968385,0.12296656529026359,0.022826261436287427,0.4577241819174401,0.23815901883167312
13,broadband,native,imagery,0.016115365272266265,0.12649102320326275,0.0018447730654761402,0.00033997120260136223,2820.3827033455527,0.12277272381519846,0.021870349702380897,0.4085170440817949,0.20306842172634912
13,broadband,native,rest,0.01694842303240736,0.12638418692129624,0.0020379670965607936,0.00036339492394174664,2201.7668679652265,0.12309194310983781,0.022921110284391488,0.4655019654362619,0.23665372349178906
13,broadband,no_frontopolar,execution,0.01630477762598659,,,,,,,,
13,broadband,no_frontopolar,imagery,0.016205411353976882,,,,,,,,
13,broadband,no_frontopolar,rest,0.015951673497267713,,,,,,,,
13,mu,native,execution,0.011836850336199247,,,,294.54048396153826,0.17219940497440156,0.0158650586970899,0.4710837264058886,0.30541270106046847
13,mu,native,imagery,0.012297212577160445,,,,274.39933285472097,0.17285069815551082,0.01645113398368601,0.47534183952707365,0.3077075951167246
13,mu,native,rest,0.011681547619047558,,,,225.43379776728537,0.17233629833212535,0.015674964864417943,0.48553059335907395,0.2949155746649946
14,beta,native,execution,0.009668537119708942,,,,99.03445155532306,0.15920938037753068,0.012940090388007003,0.3930876750291329,0.24501034717580525
14,beta,native,imagery,0.009779231426366795,,,,109.86921155633485,0.15756705682952,0.013109343998015822,0.3893763606697338,0.2451721994372726
14,beta,native,rest,0.010026351686507893,,,,80.06284212868641,0.15132311189241807,0.013483641286375619,0.3803721501100827,0.25261639699217775
14,broadband,average,execution,0.010785745287698371,,,,,,,,
14,broadband,average,imagery,0.010783592372133987,,,,,,,,
14,broadband,average,rest,0.012898530505952334,,,,,,,,
14,broadband,native,execution,0.01229225225970013,0.10298897018298055,0.0014111242008376956,0.00025881489748672665,598.7662705248417,0.14217886136931082,0.01652359250992058,0.47417587901486236,0.20782556648388292
14,broadband,native,imagery,0.013343030065035226,0.10993219177138444,0.0015250220458553378,0.00026966559193116444,733.3669573160124,0.14210090992306373,0.017943690062830635,0.5017130862339746,0.21407558679423175
14,broadband,native,rest,0.0135785073578042,0.10534706721230155,0.0016057477678570868,0.00024408895502638667,576.7432895478893,0.1393257961058686,0.01817207134589942,0.4588353519298938,0.2175373724844814
14,broadband,no_frontopolar,execution,0.012024172738312034,,,,,,,,
14,broadband,no_frontopolar,imagery,0.013013926836672692,,,,,,,,
14,broadband,no_frontopolar,rest,0.012794398907103781,,,,,,,,
14,mu,native,execution,0.010120614941578435,,,,159.55487271962176,0.1980005133096147,0.01325374435074951,0.5469934010087687,0.29798387743484583
14,mu,native,imagery,0.012015576774691311,,,,217.05780408924636,0.19146357577744702,0.015837708057760094,0.5456761326240492,0.3234521107120386
14,mu,native,rest,0.01104058159722218,,,,135.2749601700165,0.18118182247677547,0.014578838045634868,0.5300995013539247,0.30016856755258764
15,beta,native,execution,0.01838541666666662,,,,596.0609106366653,0.11594445539895094,0.02497556010251318,0.5149907513998716,0.3978419371509116
15,beta,native,imagery,0.019105506641313882,,,,486.7911038458325,0.11138994354603195,0.02598615589175481,0.5005591531353846,0.38743823063486477
15,beta,native,rest,0.01645983176256611,,,,554.3854131486303,0.12332712732319163,0.022310164517195728,0.5149882641866876,0.38874797805818445
15,broadband,average,execution,0.01395733438051141,,,,,,,,
15,broadband,average,imagery,0.009940407297178083,,,,,,,,
15,broadband,average,rest,0.009160311259920572,,,,,,,,
15,broadband,native,execution,0.020014450369268036,0.15034758391203698,0.0024076829805995932,0.00049585951278654,3179.6926722738317,0.1074814871118662,0.0271746858465608,0.4995678160701224,0.29019800010717456
15,broadband,native,imagery,0.015042438271604897,0.12534763558201054,0.0017180955136683845,0.0003524581128747333,1377.1092473968736,0.12072105186743382,0.020396911513447923,0.49549068467280216,0.2521296737884002
15,broadband,native,rest,0.015738363921957613,0.12844251198743384,0.00184864831349202,0.0003835462136242733,1468.2885190953832,0.11694650076648182,0.02131097056878302,0.474972048932215,0.2641308710778003
15,broadband,no_frontopolar,execution,0.01949814055859133,,,,,,,,
15,broadband,no_frontopolar,imagery,0.015255749089253135,,,,,,,,
15,broadband,no_frontopolar,rest,0.015907729963570073,,,,,,,,
15,mu,native,execution,0.01161451444003522,,,,422.24801156649403,0.1826662178303737,0.015337026014109292,0.5286574541416466,0.3227288747714003
15,mu,native,imagery,0.011052655147707187,,,,393.9817154302063,0.18959512755505223,0.014566661155202774,0.5335027390288941,0.3252323097431992
15,mu,native,rest,0.011687076306216886,,,,420.8175316991599,0.18667593618343906,0.01549479166666662,0.5551218047813944,0.3348641744445039
16,beta,native,execution,0.01527507371582887,,,,85.10574871978551,0.1295712931723681,0.02075067859898584,0.5204135561085637,0.39111147252374845
16,beta,native,imagery,0.014819964588844749,,,,88.62063288889247,0.1320611473177761,0.020073285245811243,0.5066737032141583,0.3743619207915908
16,beta,native,rest,0.011579706101190433,,,,31.700090359353922,0.14645750693052237,0.01556216931216926,0.44742930610858417,0.32913629935630834
16,broadband,average,execution,0.03897493661816574,,,,,,,,
16,broadband,average,imagery,0.023662229938271558,,,,,,,,
16,broadband,average,rest,0.028367280505952327,,,,,,,,
16,broadband,native,execution,0.03674196704144616,0.23088598503637564,0.0044294429287918425,0.0007242063492062932,1425.3212406031348,0.0974053040649005,0.0495556554508377,0.6777209850296906,0.412007743203788
16,broadband,native,imagery,0.02561061852402993,0.18046825052358903,0.0030240713183420976,0.0005577945877424511,725.8663805909795,0.10676864452894957,0.034720499889770676,0.6419063819591639,0.3123431900933792
16,broadband,native,rest,0.03027534928902113,0.20435397032076716,0.0035408399470898935,0.0006118758267195267,317.6174329799491,0.09836004885719875,0.041126560433201016,0.6045936983092548,0.3687903701891125
16,broadband,no_frontopolar,execution,0.03491198011536122,,,,,,,,
16,broadband,no_frontopolar,imagery,0.024628149666059456,,,,,,,,
16,broadband,no_frontopolar,rest,0.02899231557377045,,,,,,,,
16,mu,native,execution,0.017568652171516704,,,,89.23578937845033,0.15543547773497296,0.023611438354276846,0.6311289205509266,0.3793904557827394
16,mu,native,imagery,0.01558132164902993,,,,99.69346201974147,0.17184517342332728,0.02074718226410929,0.640060774750708,0.35073339394951336
16,mu,native,rest,0.01571206390542323,,,,22.296810518844676,0.15896914398463396,0.021107390873015833,0.5764930982704811,0.36225433754245073
17,beta,native,execution,0.00983148699294528,,,,463.32558036773037,0.1583433993693052,0.013162650187389723,0.3825914547979452,0.27377635168893705
17,beta,native,imagery,0.008591958774250393,,,,559.2443524614887,0.16644682505277975,0.011429845954585493,0.3695760043195809,0.25055047968788957
17,beta,native,rest,0.010097501240079321,,,,335.27934786703383,0.15360075438045612,0.013581710896163978,0.36808778337978043,0.2585761456493975
17,broadband,average,execution,0.01654432939263664,,,,,,,,
17,broadband,average,imagery,0.01729617917768955,,,,,,,,
17,broadband,average,rest,0.011522559110449672,,,,,,,,
17,broadband,native,execution,0.0211383756338183,0.15539382853835976,0.0024586640211639687,0.00044954599316573556,3679.0054540295237,0.11592883684856173,0.02872171930114633,0.5300706482038364,0.24646184555052436
17,broadband,native,imagery,0.01976335152116397,0.14498871872244262,0.002311439043209831,0.00043590512014986444,3552.3638112545304,0.12109317691280085,0.02678020282186944,0.5016970845108641,0.2499965183477467
17,broadband,native,rest,0.016229228670634872,0.12432084986772482,0.00183583416005286,0.00031585854828038,1497.9178230322877,0.13923436959515562,0.02190419353505286,0.4987843474103535,0.20724662357440707
17,broadband,no_frontopolar,execution,0.020408678658166316,,,,,,,,
17,broadband,no_frontopolar,imagery,0.018931371432908274,,,,,,,,
17,broadband,no_frontopolar,rest,0.016316769125683007,,,,,,,,
17,mu,native,execution,0.01098183283730153,,,,240.3883465529814,0.18158296537080468,0.014616057649911767,0.5233286032506983,0.3364562095604671
17,mu,native,imagery,0.01069461667768954,,,,301.9478839455953,0.18749476445790536,0.01415364583333329,0.5126948027252751,0.3299770505172677
17,mu,native,rest,0.010189680472883546,,,,160.776564595415,0.18956448628717576,0.013463645006613706,0.5070867719958411,0.2902477037596507
18,beta,native,execution,0.02063476562499995,,,,16.41607920451092,0.11222030739035134,0.028075792961860628,0.5842529597979679,0.43060754454010247
18,beta,native,imagery,0.01843722442680771,,,,15.654064258619782,0.11888046713948155,0.025075937637786545,0.5331355194720376,0.38936096059798514
18,beta,native,rest,0.02082635788690472,,,,74.82512378226053,0.11262564963318195,0.028319279100529053,0.5615401847209802,0.40990852089514257
18,broadband,average,execution,0.02813364610890648,,,,,,,,
18,broadband,average,imagery,0.02442291528880066,,,,,,,,
18,broadband,average,rest,0.038856956845238044,,,,,,,,
18,broadband,native,execution,0.030066206459435578,0.2026655850418871,0.0035654693011463335,0.0006500943838182934,475.6273717536906,0.13493627154567725,0.04029500110229273,0.7191496920138291,0.43309605051575023
18,broadband,native,imagery,0.027856057787698365,0.18816414861662253,0.003382902061287429,0.0006856605489417489,186.3848748696232,0.1104664967589424,0.03752163249559078,0.6237148098399451,0.34225039495127824
18,broadband,native,rest,0.04660414599867721,0.2836292989417989,0.005665250909391493,0.0009183821097883,2404.6776619383822,0.0984882728093716,0.06274191881613751,0.7160000071970092,0.5041726719466927
18,broadband,no_frontopolar,execution,0.029512105343047927,,,,,,,,
18,broadband,no_frontopolar,imagery,0.027022540983606506,,,,,,,,
18,broadband,no_frontopolar,rest,0.04677060564663018,,,,,,,,
18,mu,native,execution,0.014561339147927642,,,,11.294068521176998,0.17627543818382058,0.019394014550264498,0.6385191638065189,0.358480416978792
18,mu,native,imagery,0.016301101603835938,,,,9.926579553222581,0.16048290929265394,0.021769472690696606,0.6275443247556124,0.3573156930736496
18,mu,native,rest,0.018693834738756562,,,,69.34882240980784,0.15107351944094813,0.025076678240740693,0.6351029073817613,0.37457372843377107
19,beta,native,execution,0.011477227320326229,,,,295.8978548177745,0.16360088793696928,0.015305817350088133,0.41294732008984847,0.2887845811511698
19,beta,native,imagery,0.009585159005731871,,,,391.9140486396209,0.16312347814070247,0.012788921268738922,0.4026638412902559,0.28798841438697076
19,beta,native,rest,0.010468801669973493,,,,190.83325283055837,0.1589459301511703,0.013992332175925886,0.43206100640270256,0.27959986823454813
19,broadband,average,execution,0.016099967620149865,,,,,,,,
19,broadband,average,imagery,0.009998484347442632,,,,,,,,
19,broadband,average,rest,0.019560495205026406,,,,,,,,
19,broadband,native,execution,0.021970313877865917,0.15066094507826275,0.0026449514991181157,0.0004591393849205867,1920.1452200663396,0.12243879321436982,0.029506672315917064,0.5209551132551429,0.2736117056747736
19,broadband,native,imagery,0.012767891589506126,0.108266369047619,0.0014457086364637868,0.00028366815476185334,1105.9235224664353,0.13945486100233506,0.017230368854717758,0.4772804804950775,0.20902031858392445
19,broadband,native,rest,0.023659680886243328,0.15819516782407403,0.002928189070767147,0.0005756035052909467,1088.7642943300953,0.11436895030459579,0.031788866154100495,0.523008060357276,0.23853588893784325
19,broadband,no_frontopolar,execution,0.021488122343655075,,,,,,,,
19,broadband,no_frontopolar,imagery,0.012819121888281666,,,,,,,,
19,broadband,no_frontopolar,rest,0.02259699453551909,,,,,,,,
19,mu,native,execution,0.01198541873346556,,,,147.82351084663358,0.19509836958641325,0.015842272238756564,0.5495716580390345,0.3154766804666385
19,mu,native,imagery,0.009708254106040506,,,,156.84660234567872,0.20327277106986055,0.012714981536596068,0.5488016682608157,0.30484299998141456
19,mu,native,rest,0.010160021908068726,,,,111.1852804560382,0.1933937931875743,0.01339507895171954,0.5427871755401813,0.31748723643280097
20,beta,native,execution,0.019791391093474383,,,,9.24822283972619,0.10878160547599859,0.02704278962742499,0.4929807207442275,0.34460425307515274
20,beta,native,imagery,0.016537956762566086,,,,9.201714663281816,0.11467434220318193,0.022650514632936457,0.4847273475182515,0.32883340779922315
20,beta,native,rest,0.013309151785714254,,,,62.78059118503147,0.13218114970821793,0.018097046544312115,0.4338359310759902,0.3090405343657047
20,broadband,average,execution,0.018011205494929405,,,,,,,,
20,broadband,average,imagery,0.01300805362654316,,,,,,,,
20,broadband,average,rest,0.013072761656745981,,,,,,,,
20,broadband,native,execution,0.02254858699845674,0.1545694168871252,0.002633084628527291,0.0004538690476189956,186.28136885412798,0.12175285024363414,0.0304964967757936,0.541685209731913,0.3342197665910632
20,broadband,native,imagery,0.015439263668430282,0.11752642057980596,0.0018026620370369824,0.0003355103615519822,100.93634344978788,0.1320260602467473,0.020840739362874734,0.479770436063451,0.27677066870080463
20,broadband,native,rest,0.01420624586640208,0.11213546833664018,0.00164434523809518,0.00030206266534386667,395.16541022497415,0.12822619490516113,0.01916532324735444,0.45392905593851585,0.22881958753766646
20,broadband,no_frontopolar,execution,0.021481955828779552,,,,,,,,
20,broadband,no_frontopolar,imagery,0.014704291894353322,,,,,,,,
20,broadband,no_frontopolar,rest,0.013793089708560973,,,,,,,,
20,mu,native,execution,0.01124395461309519,,,,9.948390718273822,0.17795765405505415,0.01498758198302464,0.5511713676171903,0.2935653192427866
20,mu,native,imagery,0.009491567460317415,,,,10.212659168616854,0.18933728648520834,0.012547553598985845,0.5298906219598758,0.2859122752627549
20,mu,native,rest,0.01022863963293644,,,,39.755913253840994,0.17557174910764806,0.013653273809523768,0.4977781934262409,0.2796532153384326
21,beta,native,execution,0.03107878293099643,,,,83.51773636513734,0.09013957514551887,0.042613846175044046,0.611944853900665,0.4763307841452731
21,beta,native,imagery,0.028769100666887072,,,,113.9427930035242,0.09340791283365402,0.039345169201939985,0.6086722661200975,0.48701042496960223
21,beta,native,rest,0.03203729538690471,,,,69.44028493046837,0.08983460208885298,0.04384868964947086,0.5900937225005563,0.5019546197086454
21,broadband,average,execution,0.01745632164902993,,,,,,,,
21,broadband,average,imagery,0.01906119102733681,,,,,,,,
21,broadband,average,rest,0.02326332051917984,,,,,,,,
21,broadband,native,execution,0.03255561411485886,0.22435543430335095,0.0038844797178130045,0.0008167300485008355,764.7405962670141,0.09815218526520456,0.044399526014109306,0.6879963300998105,0.3133883470931646
21,broadband,native,imagery,0.03278258308531741,0.22530531787367722,0.0038420069995590334,0.0007342131007495045,767.9411745203986,0.09812500876229989,0.044750037891313876,0.6800353976723473,0.3251432221709905
21,broadband,native,rest,0.03488146908068778,0.23993711764219572,0.0042083126653438595,0.0008918754133597533,969.501010063872,0.10458439556350875,0.047235708085317414,0.7877937153964452,0.3120578749643587
21,broadband,no_frontopolar,execution,0.03262477231329686,,,,,,,,
21,broadband,no_frontopolar,imagery,0.03256329690346079,,,,,,,,
21,broadband,no_frontopolar,rest,0.03496061020036425,,,,,,,,
21,mu,native,execution,0.022436325369268033,,,,76.91049961955436,0.1422543269157344,0.030347170552248625,0.6433656832815617,0.3951809384492818
21,mu,native,imagery,0.021261109044312113,,,,90.47490909702972,0.14453765296801693,0.028746159198633107,0.6277191674755934,0.39101227643094977
21,mu,native,rest,0.02384837962962957,,,,71.36939247308338,0.1443885413895299,0.032203414351851804,0.6871224228007164,0.4218104573169661
22,beta,native,execution,0.01112538924713399,,,,251.4644499440042,0.14614809703194132,0.01503002025462958,0.40426063684420555,0.2805587417299914
22,beta,native,imagery,0.010191678378527287,,,,238.39332833821925,0.15437484645631,0.013688926091269793,0.4107495552390569,0.28252360986300035
22,beta,native,rest,0.009911644345238039,,,,208.6518802044176,0.15502352426583765,0.013319330770502593,0.4040338868417884,0.2820749873898432
22,broadband,average,execution,0.01719166804453258,,,,,,,,
22,broadband,average,imagery,0.017472924933862388,,,,,,,,
22,broadband,average,rest,0.024570054150132227,,,,,,,,
22,broadband,native,execution,0.017920679701278603,0.14007952008928568,0.0020641465498235844,0.00035426656194879777,10880.097352751125,0.15274911389612428,0.024024935929232754,0.6167658583904245,0.36941114847927686
22,broadband,native,imagery,0.017844087577160442,0.1318912243716931,0.0020880180776013577,0.0003327374063050622,6662.05195135549,0.14168356316990835,0.023855561755952326,0.5521454964178225,0.33454352389693465
22,broadband,native,rest,0.025639105902777733,0.1788312768683862,0.0031071738591269336,0.0005986483134920134,9277.184982666111,0.13010428160679893,0.03454008556547616,0.6120997127742311,0.42951768397129797
22,broadband,no_frontopolar,execution,0.017187898451730372,,,,,,,,
22,broadband,no_frontopolar,imagery,0.01682974726775951,,,,,,,,
22,broadband,no_frontopolar,rest,0.02408048724954458,,,,,,,,
22,mu,native,execution,0.00998060653659607,,,,315.4928440407607,0.18600163382900192,0.01325679287918866,0.46116766068254555,0.3327425083824497
22,mu,native,imagery,0.010575224592151619,,,,248.2038307629372,0.1791783818010404,0.014068648726851802,0.4914764949237335,0.3196980049480042
22,mu,native,rest,0.009778077463624274,,,,220.97409153988139,0.19020373967273674,0.01294394841269836,0.4878381668298155,0.32221963335386444
23,beta,native,execution,0.015819037973985848,,,,414.7707847132437,0.13067397984845264,0.021493038332231002,0.4430042361773406,0.3076688967561387
23,beta,native,imagery,0.012592661485890604,,,,419.3731991807568,0.14363407489414698,0.017001608658509658,0.43110613596756986,0.288549786600478
23,beta,native,rest,0.012273943865740693,,,,453.07617914901033,0.1451012575608016,0.01659799727182534,0.42122627099597226,0.278539835015687
23,broadband,average,execution,0.017491336667768913,,,,,,,,
23,broadband,average,imagery,0.019888582313712475,,,,,,,,
23,broadband,average,rest,0.015029141865079318,,,,,,,,
23,broadband,native,execution,0.022285139026675442,0.15900042713844795,0.002611968832671909,0.00042524388227507776,5486.565473337114,0.14031628668579446,0.02985957823522923,0.6348701508638659,0.2947175145050118
23,broadband,native,imagery,0.023049286265432043,0.1673467813051146,0.002701736800044044,0.0004888496197089444,4311.050759420456,0.12387680732951488,0.031175629684744226,0.6000503055475197,0.27421590225418474
23,broadband,native,rest,0.019411272321428533,0.14909293361441794,0.0022405650628306334,0.00041217137896820666,3570.4948464615386,0.12836680158097258,0.02626606936177244,0.5712196138257257,0.24185769135539356
23,broadband,no_frontopolar,execution,0.022041742562234318,,,,,,,,
23,broadband,no_frontopolar,imagery,0.022514571948998124,,,,,,,,
23,broadband,no_frontopolar,rest,0.01906631375227681,,,,,,,,
23,mu,native,execution,0.014983017802028169,,,,280.0139607700015,0.15888743695570956,0.020168736910273318,0.5298379456634074,0.30779694771950405
23,mu,native,imagery,0.01563893366953258,,,,332.7925259076094,0.1639048477513696,0.021007202794312112,0.5342455591436581,0.3408912999460853
23,mu,native,rest,0.013102781911375606,,,,311.22439675320845,0.1730246981117293,0.017481295469576667,0.5193521837952058,0.303262688661937
24,beta,native,execution,0.01129817363866838,,,,423.20230452839394,0.14807262573308885,0.015198774388227464,0.4149068053305865,0.31741924321459103
24,beta,native,imagery,0.010279706790123404,,,,667.2358693513855,0.15730304228550882,0.01372614569554669,0.4045888256402589,0.31707145132628367
24,beta,native,rest,0.013151661706349146,,,,194.2465351486713,0.12997408859805817,0.01786323991402111,0.3983534889922931,0.3001974156596464
24,broadband,average,execution,0.020777839781745973,,,,,,,,
24,broadband,average,imagery,0.01242936714616397,,,,,,,,
24,broadband,average,rest,0.04403651000330685,,,,,,,,
24,broadband,native,execution,0.02121071359678126,0.15868463748346556,0.002415743496472609,0.0004215925374779044,1021.5065375878721,0.10523674726096366,0.028977313436948808,0.42229972467672017,0.2525841367069607
24,broadband,native,imagery,0.013360081156305067,0.11165068342151672,0.0014848055831128246,0.00026136394951494445,1009.1831341282924,0.12842651034137617,0.01810300581459431,0.3891727871739503,0.23097025847822097
24,broadband,native,rest,0.040911096643518476,0.2548250454695767,0.0047796275628306465,0.0007141307043650333,989.122156720147,0.0740342153571138,0.055876219411375626,0.4420095762400183,0.30781203813298463
24,broadband,no_frontopolar,execution,0.02124631906496656,,,,,,,,
24,broadband,no_frontopolar,imagery,0.013585780965391576,,,,,,,,
24,broadband,no_frontopolar,rest,0.03981471994535515,,,,,,,,
24,mu,native,execution,0.010234581679894134,,,,72.7253219217837,0.1835303601659839,0.013565762097663088,0.45711454031176285,0.275829444250817
24,mu,native,imagery,0.009406708140432053,,,,100.9659219737503,0.19072281145003614,0.012398812968474377,0.4475515868241548,0.2805063855727129
24,mu,native,rest,0.014343429646163967,,,,67.35834257745911,0.15811834200125882,0.019329013723544928,0.4848711846016366,0.3265104251224624
25,beta,native,execution,0.010681303047839456,,,,38.77957826495499,0.15800205883895607,0.014377927965167498,0.43810380446932984,0.36205285321263947
25,beta,native,imagery,0.010038804150132223,,,,43.451987049141785,0.15906339862409855,0.013433435295414409,0.42810069110767696,0.3628443981531312
25,beta,native,rest,0.01006303736772482,,,,175.79508407378833,0.16064329983288012,0.013455222800925887,0.44305775624642735,0.3504649964300429
25,broadband,average,execution,0.01001820505401229,,,,,,,,
25,broadband,average,imagery,0.008542183366402067,,,,,,,,
25,broadband,average,rest,0.013774078207671913,,,,,,,,
25,broadband,native,execution,0.012439804480820056,0.10665025283840383,0.0014000323798500467,0.0002762276785713778,114.20771297685597,0.1440914948691026,0.016774364114858855,0.49210604196158414,0.2525082273060588
25,broadband,native,imagery,0.010838414214065206,0.09643317005621689,0.0012226493606701378,0.00024780919312163775,111.358311136229,0.14995000542851444,0.014514336695326226,0.47123595314181504,0.25514297105582984
25,broadband,native,rest,0.015686228918650753,0.12545939773478834,0.0017669064153438667,0.00032557250330682004,685.7456092705743,0.12836799633414664,0.0213055452215608,0.5050598298239424,0.29022567267459703
25,broadband,no_frontopolar,execution,0.012490892531876092,,,,,,,,
25,broadband,no_frontopolar,imagery,0.010961464025500862,,,,,,,,
25,broadband,no_frontopolar,rest,0.015255009107468093,,,,,,,,
25,mu,native,execution,0.012903318590167495,,,,29.30464084243941,0.18206423551045553,0.01715586075286591,0.5664185866387411,0.3387648769444411
25,mu,native,imagery,0.01109836585096997,,,,36.625148311266116,0.19786470438619047,0.014610201719576672,0.5630678734877471,0.331536503449865
25,mu,native,rest,0.011617270171957612,,,,156.88178968409483,0.18269177861010782,0.015446893601190427,0.5387224984013703,0.36065361819968456
26,beta,native,execution,0.010438505842151629,,,,25.863555678328996,0.16491592504511737,0.013882223462301536,0.5296694896890171,0.34416862765190925
26,beta,native,imagery,0.01060307470789236,,,,28.059073461018357,0.1645286945111092,0.014108331266534347,0.5055832620888684,0.3355563982853727
26,beta,native,rest,0.010513702876984086,,,,93.75252167077859,0.16204042307483132,0.013956163194444406,0.5258491971948402,0.3601156829043521
26,broadband,average,execution,0.03147300760582005,,,,,,,,
26,broadband,average,imagery,0.02690369405864192,,,,,,,,
26,broadband,average,rest,0.03493541253306874,,,,,,,,
26,broadband,native,execution,0.031471423059964684,0.19977134314373896,0.0037576127094355845,0.0006352478780863688,253.9591063564188,0.09957458329927821,0.042551979993386196,0.5806115495529398,0.37874591591217754
26,broadband,native,imagery,0.028388051835317413,0.1865059902722663,0.0033688478284831934,0.0005976665839946578,180.57456080817323,0.09978314296956575,0.03841758983686062,0.5685701200547296,0.3405544223792106
26,broadband,native,rest,0.03208400504298937,0.19834888599537034,0.0038643973214285135,0.0006774450231481,842.1182506121118,0.09087222058060393,0.04332625454695761,0.5729313910881992,0.3611138546960346
26,broadband,no_frontopolar,execution,0.029826142228293825,,,,,,,,
26,broadband,no_frontopolar,imagery,0.027080923649058834,,,,,,,,
26,broadband,no_frontopolar,rest,0.030131375227686656,,,,,,,,
26,mu,native,execution,0.01122494006283064,,,,16.535368461628508,0.1832907176265594,0.01487855833884475,0.5792276126046904,0.3209971355683525
26,mu,native,imagery,0.011329554535934698,,,,16.82501719400957,0.18855088494443809,0.014946142664241577,0.5817099555318692,0.3212662447741557
26,mu,native,rest,0.011723916997354446,,,,59.83070111578387,0.17976241458210473,0.0156896391369047,0.5882171533264192,0.3511513865008879
27,beta,native,execution,0.011691519923941754,,,,180.254609208811,0.1494342886658377,0.015732249641754795,0.43769941106418103,0.2958797487792138
27,beta,native,imagery,0.010543912588183362,,,,165.9075837960956,0.15368788838527458,0.014150528411596067,0.4493985366746635,0.296294853671069
27,beta,native,rest,0.00940336681547614,,,,207.02193680857988,0.1670254235992757,0.012477575231481427,0.5255257201534532,0.38262886856152023
27,broadband,average,execution,0.02277001005842146,,,,,,,,
27,broadband,average,imagery,0.01845565338403875,,,,,,,,
27,broadband,average,rest,0.015182705026454987,,,,,,,,
27,broadband,native,execution,0.018746520888447922,0.13279420882936505,0.00224571483686062,0.0004060054287918378,2793.1940168539654,0.126304709499076,0.02527255911044969,0.5032857293903283,0.29016708013296094
27,broadband,native,imagery,0.015668333884479673,0.11920131999559078,0.0017945154045413956,0.00031227609678125776,2048.06271029469,0.13390743394232144,0.021187513778659562,0.4885857130383187,0.26328761267981937
27,broadband,native,rest,0.013417865410052859,0.10369223296957668,0.00157123222552906,0.0003202504960316933,1774.003598021399,0.14272784844948747,0.018100198412698366,0.4197320456770607,0.2508178523537777
27,broadband,no_frontopolar,execution,0.017339993169398858,,,,,,,,
27,broadband,no_frontopolar,imagery,0.014737932604735835,,,,,,,,
27,broadband,no_frontopolar,rest,0.012779883879781373,,,,,,,,
27,mu,native,execution,0.012501739555775968,,,,197.66117721414736,0.17105417587858204,0.016809603036816535,0.4974665257914525,0.3164044757588283
27,mu,native,imagery,0.011834008487654264,,,,213.13502307316594,0.1818047883029005,0.01582969921186063,0.5014847607691162,0.3355501379976895
27,mu,native,rest,0.00876167741402112,,,,149.34520933221393,0.19202965188628607,0.011623987268518455,0.4281134285595769,0.28556748335673227
28,beta,native,execution,0.01630902433311282,,,,195.26764520693513,0.10893681429376675,0.022343663883377374,0.3931715850665282,0.27602020344985106
28,beta,native,imagery,0.015359123539462033,,,,217.0364995686721,0.1139477941610678,0.020998281112213354,0.39139152780068426,0.2804898276405211
28,beta,native,rest,0.013345889136904706,,,,177.83494647291528,0.121949368796031,0.018193979414682492,0.36747781457372397,0.27365412422607027
28,broadband,average,execution,0.015345310433201005,,,,,,,,
28,broadband,average,imagery,0.013574253196648975,,,,,,,,
28,broadband,average,rest,0.017065093832671907,,,,,,,,
28,broadband,native,execution,0.017071776482583723,0.13397838128306874,0.0019626322751322245,0.00038535466269836225,7476.751500680898,0.14802542125463714,0.023035748732363266,0.6120661494038406,0.28844697724458307
28,broadband,native,imagery,0.015061349481922351,0.12094153025793647,0.0017013544422398112,0.00032980944113751554,3712.1485940625607,0.1387579075855034,0.020362154844576666,0.5573740714398566,0.23908007748027418
28,broadband,native,rest,0.01676013764880946,0.12420820932539679,0.0019802517361110663,0.0004203352347883134,3119.981742980324,0.13051415246330858,0.022712880291005256,0.5067465984340404,0.23406239738903625
28,broadband,no_frontopolar,execution,0.016395112325440147,,,,,,,,
28,broadband,no_frontopolar,imagery,0.014519827717061274,,,,,,,,
28,broadband,no_frontopolar,rest,0.015725125227686647,,,,,,,,
28,mu,native,execution,0.010139853395061684,,,,482.7186596542898,0.19094316009436726,0.013475219080687781,0.5050132873348137,0.3268846533661574
28,mu,native,imagery,0.010488074570105772,,,,486.37109103999546,0.1885591404570108,0.013898723407186902,0.5169055061240097,0.32600676876759116
28,mu,native,rest,0.008361493468915272,,,,344.5480377061019,0.20364147648213382,0.011069103422619013,0.462773343862893,0.31501603764552116
29,beta,native,execution,0.01034133184523804,,,,22.232599192474098,0.154037679810896,0.01388255070546733,0.38135946748438704,0.25386827267908996
29,beta,native,imagery,0.010420989721119876,,,,25.96771018707384,0.1532210438916583,0.013982325424382666,0.3769902171704609,0.24182541991917866
29,beta,native,rest,0.012569496114417949,,,,90.55887118859691,0.15289953035173703,0.016931320271163987,0.3787452402288943,0.2556039195806434
29,broadband,average,execution,0.013836185515872962,,,,,,,,
29,broadband,average,imagery,0.012200434716710711,,,,,,,,
29,broadband,average,rest,0.016531136326058148,,,,,,,,
29,broadband,native,execution,0.015002152915564322,0.11864240589175482,0.0017215401785713844,0.00029916914682535115,212.80932468599175,0.15399421225667662,0.02003294821979712,0.6174000019010645,0.2587854360289897
29,broadband,native,imagery,0.01311556161816574,0.10639970513668426,0.0015188733190034758,0.00030237268518514443,240.7125827648061,0.16152461638084678,0.017370187803130467,0.6128428464889477,0.2429323632745442
29,broadband,native,rest,0.020052703373015828,0.1393596540178571,0.002423683449074013,0.0004733486276454467,674.2041139088526,0.13877710433429663,0.026942997685185134,0.5568820701148,0.27730052148381984
29,broadband,no_frontopolar,execution,0.014977269277474144,,,,,,,,
29,broadband,no_frontopolar,imagery,0.013090790072859692,,,,,,,,
29,broadband,no_frontopolar,rest,0.019440573770491753,,,,,,,,
29,mu,native,execution,0.012010099757495543,,,,43.57060750013159,0.19016975322170943,0.015902967234347396,0.47052202723127423,0.32202758526482855
29,mu,native,imagery,0.012106533151454976,,,,82.31825478219874,0.19730281352331655,0.015914937444885313,0.4665364706864816,0.3487727568026745
29,mu,native,rest,0.0101834284060846,,,,122.07821105711842,0.20061375317161823,0.013376012731481446,0.4601620597760867,0.303873346091378
30,beta,native,execution,0.026334342620149855,,,,15.76220198000317,0.1020440183782642,0.03580484595458549,0.6064950864724873,0.4639693711450935
30,beta,native,imagery,0.028012273341049332,,,,14.475404895350971,0.09856543867485226,0.0380453249007936,0.5792906716420293,0.4384113305345626
30,beta,native,rest,0.022505683697089898,,,,62.77740560846193,0.10919304367616739,0.030573950066137504,0.5641707865445647,0.41344259912252146
30,broadband,average,execution,0.015939704585537867,,,,,,,,
30,broadband,average,imagery,0.016420097552909997,,,,,,,,
30,broadband,average,rest,0.017688750413359742,,,,,,,,
30,broadband,native,execution,0.03885838638117279,0.23747151262125218,0.004844404486331518,0.0009447337962962489,334.4662678246528,0.12187028702832789,0.051769128224206304,0.7288070959320212,0.35791627835660705
30,broadband,native,imagery,0.02420386904761899,0.16772981081900348,0.0029414854772927177,0.00062956418099642,148.3226148285113,0.12735891135467806,0.032372237378747754,0.6491062151369271,0.3478285187375055
30,broadband,native,rest,0.03522197420634916,0.2252526661706349,0.004373708250661326,0.0008072399966930733,1612.7039417400663,0.12408456414289734,0.04681862805886238,0.7141858913400096,0.4022048737963156
30,broadband,no_frontopolar,execution,0.039765368852458974,,,,,,,,
30,broadband,no_frontopolar,imagery,0.02418034684274433,,,,,,,,
30,broadband,no_frontopolar,rest,0.035394125683060065,,,,,,,,
30,mu,native,execution,0.014284439759700117,,,,17.001321691181573,0.1852630179200419,0.018676611414241567,0.6094931355899246,0.33910830286287613
30,mu,native,imagery,0.01459130773258372,,,,20.311472147576282,0.19126140550074808,0.019050409226190432,0.6112064584642225,0.36374398233839406
30,mu,native,rest,0.014491412450396774,,,,80.42862234104442,0.18360301580594834,0.019012690145502602,0.6061583399963486,0.369879214491469
31,beta,native,execution,0.017404651675484963,,,,143.06087967017012,0.11926389850264428,0.02369393807870366,0.5317247391144955,0.34931248394600156
31,beta,native,imagery,0.017214454502865913,,,,141.99065718442927,0.12035021346672718,0.023404413993606654,0.516385466396088,0.34862751265685216
31,beta,native,rest,0.01430168030753964,,,,133.12231537280306,0.1267851238004376,0.019351231812169266,0.481906694071132,0.33946791790284986
31,broadband,average,execution,0.013745900848765388,,,,,,,,
31,broadband,average,imagery,0.012000110229276845,,,,,,,,
31,broadband,average,rest,0.014376240079365027,,,,,,,,
31,broadband,native,execution,0.016963338431437342,0.13221116484788356,0.0019482507991622022,0.00036832079475303774,1172.9238107263,0.12961261307965297,0.02298774732693999,0.5289195974021019,0.26209153608893165
31,broadband,native,imagery,0.015307195216049334,0.12271623883928567,0.0017391424162256977,0.0003236262676366289,1056.6253684526043,0.1369508758511903,0.020698336915784783,0.5311592359123765,0.2517401317379083
31,broadband,native,rest,0.01920485077711635,0.14260742187499995,0.0022221188822750936,0.00038695643187824664,765.4359527678105,0.11768016056740292,0.026233052248677214,0.487034789708759,0.23131570128581597
31,broadband,no_frontopolar,execution,0.01640981709168179,,,,,,,,
31,broadband,no_frontopolar,imagery,0.01493203551912564,,,,,,,,
31,broadband,no_frontopolar,rest,0.018026411657559145,,,,,,,,
31,mu,native,execution,0.010177107445987606,,,,326.2002476613198,0.20395227741786975,0.013287105930335042,0.5635199725356032,0.39838307406432466
31,mu,native,imagery,0.009203249007936455,,,,387.8901123892446,0.22247702535840036,0.01184692598104051,0.5671437253222067,0.3836902079797143
31,mu,native,rest,0.009477926587301533,,,,221.48385552499892,0.2071162090406651,0.012389839616402073,0.4932979030289285,0.316762989935161
32,beta,native,execution,0.010310381531084604,,,,266.5513119774263,0.1489507296531059,0.013860556520061679,0.31495805651836484,0.23197391732300443
32,beta,native,imagery,0.009052562141754802,,,,291.63566052879986,0.1570760192985328,0.012146646274250387,0.3024567468634274,0.22712996550617306
32,beta,native,rest,0.00901382688492058,,,,219.5123263633418,0.1563423737775486,0.012076564566798894,0.2846569231676466,0.2095782005912505
32,broadband,average,execution,0.015180069857804184,,,,,,,,
32,broadband,average,imagery,0.012908089451058145,,,,,,,,
32,broadband,average,rest,0.011493520585317414,,,,,,,,
32,broadband,native,execution,0.02853248663470013,0.204617469962522,0.003329096395502602,0.0005974426807759577,6671.375711000159,0.13095731794913248,0.03840704916225745,0.7263053315662779,0.30563443442806737
32,broadband,native,imagery,0.013733155588624294,0.11229996830908284,0.0015843219521604422,0.00031315448633151554,4701.444614125999,0.1595190048339919,0.018252590388007004,0.6114290684382788,0.33525532607434533
32,broadband,native,rest,0.013124948330026413,0.10594602554563487,0.0014929522156084333,0.0002609333664020533,1754.0367897524957,0.1526360236762214,0.017637028769841228,0.5230142362023512,0.26624128389567786
32,broadband,no_frontopolar,execution,0.028696114146933783,,,,,,,,
32,broadband,no_frontopolar,imagery,0.013474973436551269,,,,,,,,
32,broadband,no_frontopolar,rest,0.012749316939890667,,,,,,,,
32,mu,native,execution,0.016102378885581966,,,,288.18388233854904,0.17113067388893752,0.021491419339726585,0.6010049562161945,0.31998161599136343
32,mu,native,imagery,0.009616626019620768,,,,181.9567065212394,0.18614991404970438,0.012802734374999954,0.4315401026854173,0.29905425157066473
32,mu,native,rest,0.008758628885581966,,,,127.57928227729086,0.19295750112503107,0.01159980572089942,0.4283982876222095,0.28565556406368464
33,beta,native,execution,0.01050417837852728,,,,58.01134867453406,0.14438535217247014,0.014216269841269792,0.34620867152777723,0.24020187282368127
33,beta,native,imagery,0.009653552827380897,,,,66.63829575360501,0.1537779472329235,0.013030443948412653,0.33219761980969503,0.2389876250065145
33,beta,native,rest,0.008665726273148107,,,,91.5621564096813,0.16211688440096353,0.011583943039021128,0.3308372953700994,0.254977891388881
33,broadband,average,execution,0.02654181478725745,,,,,,,,
33,broadband,average,imagery,0.020651747822971734,,,,,,,,
33,broadband,average,rest,0.01683025380291,,,,,,,,
33,broadband,native,execution,0.024303729883156915,0.16256331294091708,0.0028450693066577955,0.00042398657958549115,984.458388510631,0.11094268990337154,0.032806471836419715,0.49443968877273237,0.2666060470745306
33,broadband,native,imagery,0.021448016561948807,0.14944735518628743,0.0025002755731921913,0.00040543705908284,820.8805421115632,0.11656582740481591,0.02899577684082887,0.4687036515953082,0.276331795777949
33,broadband,native,rest,0.0181059854497354,0.13108703290343912,0.0020886553406084265,0.00036690848214281996,500.2177473247267,0.11270379492412061,0.024575169477513193,0.3882555488397767,0.23610188195502596
33,broadband,no_frontopolar,execution,0.021897066636308395,,,,,,,,
33,broadband,no_frontopolar,imagery,0.019589044474802624,,,,,,,,
33,broadband,no_frontopolar,rest,0.01657411202185787,,,,,,,,
33,mu,native,execution,0.011151585923721292,,,,44.96741052039415,0.16685209886240482,0.015034549988977018,0.4535110647548492,0.28736459325299174
33,mu,native,imagery,0.009498956266534336,,,,47.265395366563055,0.1802750452545508,0.012703510802469085,0.4110402945293006,0.30669712855301207
33,mu,native,rest,0.007655733300264513,,,,71.41097615155948,0.20479359834765937,0.010142505787036987,0.40444971820815934,0.33977338060390855
34,beta,native,execution,0.010231171461640157,,,,11.48795197801632,0.15084330407061206,0.013740320491622526,0.40324027485548875,0.2622732783060562
34,beta,native,imagery,0.010948867394179843,,,,11.723760049911267,0.14677653429725154,0.014776079557980543,0.3976354406167717,0.2596960023590012
34,beta,native,rest,0.009417059358465561,,,,53.17517639081775,0.15368816163352034,0.012619926008597826,0.4047631406548574,0.2605047671919325
34,broadband,average,execution,0.010120718281525522,,,,,,,,
34,broadband,average,imagery,0.009754705412257451,,,,,,,,
34,broadband,average,rest,0.008246837797619007,,,,,,,,
34,broadband,native,execution,0.012452566964285669,0.10187694623567016,0.0013756441523368088,0.00022435102513222222,221.96936054769654,0.15217774687782573,0.01678834945436503,0.45097513918548315,0.28790788517590166
34,broadband,native,imagery,0.016231433256172788,0.1244517815806878,0.0018469604276895532,0.00031143215388002,218.42757911506553,0.14210431410168584,0.02189720086529977,0.4571568299518547,0.28516318951250924
34,broadband,native,rest,0.009920789930555507,0.08420743427579362,0.0010888413525131735,0.00017371445105815334,898.8231370256423,0.15636903840962899,0.013340567129629574,0.394365076160775,0.26136996669703255
34,broadband,no_frontopolar,execution,0.011936380540376395,,,,,,,,
34,broadband,no_frontopolar,imagery,0.015836862477231286,,,,,,,,
34,broadband,no_frontopolar,rest,0.009375512295081913,,,,,,,,
34,mu,native,execution,0.008642061425264488,,,,28.995729981245468,0.19984293566629657,0.011383480764991134,0.4477311848535379,0.2909026032630649
34,mu,native,imagery,0.008805424658289183,,,,36.91311322141241,0.20343980745667495,0.011620163690476139,0.4478345832134325,0.32178837082668876
34,mu,native,rest,0.00825376157407402,,,,154.10310235535286,0.20446263321465719,0.010912233382936454,0.4147805439319797,0.27970324925570966
35,beta,native,execution,0.010830474261463805,,,,30.762006070791145,0.15572301947236752,0.014542841297398534,0.3962938610127493,0.2619681172942913
35,beta,native,imagery,0.010425485008818286,,,,29.262903207123887,0.15924958601242953,0.013926332396384423,0.39681396855337203,0.25653960593557945
35,beta,native,rest,0.011434048445767148,,,,32.3259982608437,0.15967609478748343,0.01527850115740736,0.3658866927440843,0.270666932117682
35,broadband,average,execution,0.017628124311066973,,,,,,,,
35,broadband,average,imagery,0.015060987792107534,,,,,,,,
35,broadband,average,rest,0.01923538773148144,,,,,,,,
35,broadband,native,execution,0.019915450699955862,0.13882993344907404,0.0023334332286154735,0.0003895399305554978,543.4011843241101,0.14244727563909687,0.026573832947530816,0.5600019774735031,0.2707105787456028
35,broadband,native,imagery,0.018365799300044037,0.1324301938657407,0.002124944885361502,0.00036630566578478666,385.9921044962485,0.1379548188909638,0.024548490547839464,0.5520879592039937,0.25053640668224275
35,broadband,native,rest,0.02086015004960313,0.1422486772486772,0.00252836681547614,0.0004223503637565667,543.3421541671481,0.1340737447859711,0.027959552744708942,0.5393412481093379,0.2707261654689734
35,broadband,no_frontopolar,execution,0.019470362780813558,,,,,,,,
35,broadband,no_frontopolar,imagery,0.017991006375227644,,,,,,,,
35,broadband,no_frontopolar,rest,0.020123690801457136,,,,,,,,
35,mu,native,execution,0.010929663387345634,,,,53.92720278331279,0.19600394383573544,0.014324914572310356,0.48164884211509923,0.32778651307282025
35,mu,native,imagery,0.010927183228615476,,,,56.67864305575452,0.20071708603852226,0.014259190365961155,0.48317138679081845,0.33608843967117646
35,mu,native,rest,0.009172505373677194,,,,50.66546569362758,0.20524087350556988,0.011918816137566087,0.45328177889048665,0.33091663577327657
36,beta,native,execution,0.01292565724206344,,,,508.29428550850577,0.15159368275357674,0.017312765239197496,0.559142615540542,0.37029002729229404
36,beta,native,imagery,0.013514178240740684,,,,461.61997530124864,0.15374613278743574,0.01809241347001759,0.5898840953917062,0.4021721171990927
36,beta,native,rest,0.013937613673941753,,,,367.67611137850116,0.139140386512097,0.0188317418981481,0.5183783341033729,0.3422814679628286
36,broadband,average,execution,0.02033239293981476,,,,,,,,
36,broadband,average,imagery,0.016683752204585487,,,,,,,,
36,broadband,average,rest,0.02815693204365074,,,,,,,,
36,broadband,native,execution,0.018755356453924114,0.1389667210923721,0.0021750130897265824,0.00038483796296292,3054.038010829321,0.12441011398328237,0.02529892802028213,0.5793764818426425,0.2751242876062173
36,broadband,native,imagery,0.02094404486331565,0.152473613866843,0.002507009893077551,0.0005118944279100066,3071.890308600567,0.1270163652131805,0.02820436507936504,0.6153876092123878,0.3145605290090782
36,broadband,native,rest,0.02171435805224864,0.14864200975529096,0.0025822585978835465,0.0004173383763227066,2827.851409320124,0.11728782202605581,0.02910719452711634,0.5898148992821144,0.2951602660966107
36,broadband,no_frontopolar,execution,0.01770154068002424,,,,,,,,
36,broadband,no_frontopolar,imagery,0.02045114222829382,,,,,,,,
36,broadband,no_frontopolar,rest,0.020102288251366077,,,,,,,,
36,mu,native,execution,0.01578746762014987,,,,461.73075528392405,0.1685245680099996,0.021043302882495542,0.608475465620132,0.33401728907317835
36,mu,native,imagery,0.013933083939594302,,,,459.4927826675831,0.18772187235464738,0.01834456294091705,0.6407993010053423,0.3758776396066549
36,mu,native,rest,0.016658089451058147,,,,387.1007515744012,0.16667279656132597,0.022284019510581957,0.6190601861036382,0.3482678047513242
37,beta,native,execution,0.012971626295193958,,,,15.459373458521032,0.1566928648753801,0.017281591021825353,0.5357269366639595,0.3897933698131639
37,beta,native,imagery,0.01166268807870365,,,,20.770611429456945,0.1630483513288935,0.015462704613095192,0.4624684767220567,0.3351765742308051
37,beta,native,rest,0.013128358548280374,,,,75.47166713256621,0.15497005140913117,0.01746682787698408,0.5411403933897369,0.3815064903785249
37,broadband,average,execution,0.014296013833774202,,,,,,,,
37,broadband,average,imagery,0.01114350818452376,,,,,,,,
37,broadband,average,rest,0.016557333002645468,,,,,,,,
37,broadband,native,execution,0.017265935019841226,0.13073641768628744,0.002018280836640162,0.00041468598434739556,83.08742585290422,0.13908159573591794,0.02307680913800701,0.6040350899211084,0.2953800345723199
37,broadband,native,imagery,0.01526313795193998,0.1200627617945326,0.0017586219962521443,0.0003456032297177622,79.11226180388874,0.1442949236488152,0.020365685626102237,0.5750098189522395,0.27340475177660506
37,broadband,native,rest,0.019545820932539634,0.14018358341600523,0.0022809709821428065,0.0004017857142856667,493.67115144759595,0.12814342724562766,0.02620019014550259,0.5807809070792067,0.28713045407217985
37,broadband,no_frontopolar,execution,0.01705196948998174,,,,,,,,
37,broadband,no_frontopolar,imagery,0.015265843199757085,,,,,,,,
37,broadband,no_frontopolar,rest,0.01887852914389794,,,,,,,,
37,mu,native,execution,0.012932512125220412,,,,8.267071769022703,0.18698819906225325,0.016870194692460268,0.5873441112463733,0.3240634643061282
37,mu,native,imagery,0.012136622299382673,,,,8.929246411143968,0.19572224034647817,0.015761701526675435,0.5748204284108701,0.3247015373799867
37,mu,native,rest,0.013461164847883554,,,,50.36087460828579,0.18427493146446045,0.017670045882936455,0.5832886662449634,0.3245003709027507
38,beta,native,execution,0.009932966820987607,,,,205.97984665371462,0.15106109590426856,0.013366522679673672,0.37159436110639227,0.23905368181036074
38,beta,native,imagery,0.008973438188932937,,,,187.5353436413144,0.16056404287595585,0.012027219742063455,0.37822703755325005,0.2499327514581705
38,beta,native,rest,0.009850053736772427,,,,105.15947729427107,0.15600899964532258,0.013229270006613714,0.4110282210972755,0.275878247280047
38,broadband,average,execution,0.008088055968915297,,,,,,,,
38,broadband,average,imagery,0.007711364638447922,,,,,,,,
38,broadband,average,rest,0.01126240079365074,,,,,,,,
38,broadband,native,execution,0.010854518022486721,0.09552198729607579,0.0012083367779981843,0.00023189484126979557,748.4534215350155,0.15071156554922135,0.014573998291446158,0.45679399834218753,0.17818371318896742
38,broadband,native,imagery,0.009174554949294492,0.08375492587081125,0.0009954909336419243,0.00017101038910929554,661.9223017769326,0.16237048918924646,0.012189411789021108,0.4547276037532089,0.18599791739840615
38,broadband,native,rest,0.011661396329365026,0.09291940517526451,0.0013487413194443868,0.00021541211970894667,781.6262580390559,0.16058003134225998,0.015474692046957634,0.47697816326141595,0.22087656645512024
38,broadband,no_frontopolar,execution,0.011079272920461397,,,,,,,,
38,broadband,no_frontopolar,imagery,0.00929578400121428,,,,,,,,
38,broadband,no_frontopolar,rest,0.011368795537340567,,,,,,,,
38,mu,native,execution,0.00914992559523804,,,,152.4651577001303,0.19678806521000974,0.01206633391203699,0.48797796409100047,0.28624431612704826
38,mu,native,imagery,0.008482194527116356,,,,136.01348057730945,0.20194200229069798,0.011131520750661332,0.4884162854317984,0.2809860466824356
38,mu,native,rest,0.008642268105158673,,,,100.85094858106164,0.2048377068425063,0.011362485532407367,0.5102718885488013,0.2738303569192265
39,beta,native,execution,0.010495325589726573,,,,344.28413990472757,0.14664056133592906,0.014204368524029943,0.39196601222531513,0.2622076673789661
39,beta,native,imagery,0.010055286871693074,,,,335.23764458905845,0.15036236113666981,0.013594215029761858,0.3605006385061562,0.24765628755235103
39,beta,native,rest,0.009185577876984072,,,,207.83716633469268,0.15611527753578106,0.01234607514880948,0.364897510027193,0.25310999225426173
39,broadband,average,execution,0.011873759920634873,,,,,,,,
39,broadband,average,imagery,0.010000413359788303,,,,,,,,
39,broadband,average,rest,0.011666925016534341,,,,,,,,
39,broadband,native,execution,0.015261742862654276,0.12427469135802464,0.0016968074845678555,0.0003047839506172311,5549.263833496047,0.1384463355275959,0.0206865217151675,0.5138518781052859,0.30283285197947984
39,broadband,native,imagery,0.01148750964506168,0.09942825451940031,0.0012785907186948357,0.0002303102954144178,3425.132215305877,0.15154557586991177,0.015490313602292716,0.4700972411970118,0.2530875161781686
39,broadband,native,rest,0.013558821097883554,0.11181098090277772,0.0015204406415343333,0.0002870267030422733,3171.7295325243326,0.14063270100282702,0.018419053819444395,0.5064979890966117,0.23569637119058087
39,broadband,no_frontopolar,execution,0.01479992030965386,,,,,,,,
39,broadband,no_frontopolar,imagery,0.011161164238008451,,,,,,,,
39,broadband,no_frontopolar,rest,0.01287727686703092,,,,,,,,
39,mu,native,execution,0.009700228036816525,,,,313.89980673883144,0.18422690466038827,0.012937386326058155,0.4586888847492668,0.2705804307776564
39,mu,native,imagery,0.009338021522266269,,,,329.01785847916284,0.1883035220003753,0.012399260774911767,0.4393565767175054,0.2854923706987988
39,mu,native,rest,0.007918785135581967,,,,245.7963884810489,0.20399088948911154,0.010401217344576674,0.47066718235797567,0.28282298445739557
40,beta,native,execution,0.010890738673941748,,,,92.685655384258,0.14043238038370162,0.014724013447971732,0.42898904079010186,0.29018530586073493
40,beta,native,imagery,0.010515339092813002,,,,89.19505522146626,0.14323313146729155,0.01421137841710753,0.4326602650357172,0.2874126974615608
40,beta,native,rest,0.010148034474206306,,,,112.5484897023935,0.15081619993475362,0.013621961805555515,0.4828078710091518,0.32754463927399324
40,broadband,average,execution,0.009020509534832407,,,,,,,,
40,broadband,average,imagery,0.007439408344356211,,,,,,,,
40,broadband,average,rest,0.0113388723544973,,,,,,,,
40,broadband,native,execution,0.011092182677469087,0.0932800443672839,0.0012502239032186444,0.00022863963293646443,1088.348598282035,0.15087677308878836,0.014888961226851795,0.4695117513226892,0.27157185053689137
40,broadband,native,imagery,0.008978364059744216,0.0814065255731922,0.00099619708994704,0.00018790647045850223,839.2150554243885,0.16126345963480956,0.011982266865079323,0.4862518507518902,0.26031040245105624
40,broadband,native,rest,0.01387783151455022,0.10679408482142853,0.0016136532738094801,0.0003151868386242867,1614.8102539277925,0.1438390180288385,0.018687789351851797,0.4723236412530024,0.2996621090396524
40,broadband,no_frontopolar,execution,0.010700364298724906,,,,,,,,
40,broadband,no_frontopolar,imagery,0.008918431238615611,,,,,,,,
40,broadband,no_frontopolar,rest,0.01309414845173036,,,,,,,,
40,mu,native,execution,0.008130976493606648,,,,77.9637400961567,0.19506305269285112,0.010729442239858852,0.4898793755105032,0.2619375824997428
40,mu,native,imagery,0.008107914462081079,,,,76.65474359406738,0.1971645251467714,0.010685023285934691,0.4794874766755307,0.26132337761791985
40,mu,native,rest,0.008986493468915287,,,,92.38178660217115,0.19150427227568992,0.011939122437169273,0.48458178900173654,0.28065142528569037
41,beta,native,execution,0.012810157627865908,,,,12.860755199973415,0.1454448965640943,0.017297367587081076,0.4699690047932575,0.31608526867863224
41,beta,native,imagery,0.011688023589065212,,,,13.509718568300698,0.15500367982289717,0.01574036182760136,0.4631203006241246,0.3050982183925505
41,beta,native,rest,0.013744316302910013,,,,59.208336498083355,0.13525393829518698,0.01859152819113752,0.46037530567567053,0.318037334930492
41,broadband,average,execution,0.019206211419753025,,,,,,,,
41,broadband,average,imagery,0.015231481481481427,,,,,,,,
41,broadband,average,rest,0.019661148313492013,,,,,,,,
41,broadband,native,execution,0.023236882716049338,0.1690110539296737,0.002687303654100471,0.0004784639550264089,320.28431337868057,0.13674514930600745,0.031176818094135746,0.6416783945742179,0.3207846348208182
41,broadband,native,imagery,0.01902271412037032,0.1420567921902557,0.0021716200947971246,0.0003915033895502133,122.76134398428876,0.12967929308886803,0.025685040509259204,0.5693562646240181,0.24652188407101552
41,broadband,native,rest,0.02270476810515868,0.1581734147652116,0.002710245122354433,0.0004742270171957133,637.0508785894723,0.11316447428283359,0.03059487640542324,0.5444082696292405,0.26520245791372044
41,broadband,no_frontopolar,execution,0.022352477990285325,,,,,,,,
41,broadband,no_frontopolar,imagery,0.018138186854887623,,,,,,,,
41,broadband,no_frontopolar,rest,0.021231500455373347,,,,,,,,
41,mu,native,execution,0.012262352568342108,,,,17.258432432570714,0.18324280586995853,0.01629670965608461,0.5411995974155818,0.3309842305696318
41,mu,native,imagery,0.012146611827601368,,,,14.168153659673623,0.18387298729379037,0.016079644097222175,0.5308954064952651,0.31070651353603507
41,mu,native,rest,0.013099010003306827,,,,56.91782075307972,0.1735126711624399,0.017530743634259202,0.5195010694986926,0.28223412268559683
42,beta,native,execution,0.010413204778439104,,,,33.38600623881909,0.16448940620370023,0.013847914599867674,0.452161192210399,0.32428151383804216
42,beta,native,imagery,0.009876164296737157,,,,42.44547558386188,0.17151505524336366,0.013091896770282142,0.46976740485112356,0.3546890110989289
42,beta,native,rest,0.01061802455357138,,,,131.23925590720634,0.16432763466994862,0.014114531663359747,0.413717831487542,0.3668767466972281
42,broadband,average,execution,0.014088317763447926,,,,,,,,
42,broadband,average,imagery,0.01131525917658725,,,,,,,,
42,broadband,average,rest,0.012718357308201,,,,,,,,
42,broadband,native,execution,0.01668802358906521,0.12276196676587298,0.0019568624614196956,0.0003375943838182845,196.60566674618886,0.13790453789771703,0.022279300319664862,0.52377479215813,0.2728314063048205
42,broadband,native,imagery,0.014265786899250397,0.11045045882936504,0.0016521990740740245,0.00029863522376538887,178.97399321890964,0.146989031232559,0.01900576636904757,0.5094268801250519,0.26484176665738385
42,broadband,native,rest,0.016253048528439087,0.11850575603505287,0.0019189194775131734,0.00031658192791002,675.5054689662669,0.1410779299997051,0.02160326760912693,0.540829755522998,0.2913164249625756
42,broadband,no_frontopolar,execution,0.01615317622950815,,,,,,,,
42,broadband,no_frontopolar,imagery,0.013951142228293821,,,,,,,,
42,broadband,no_frontopolar,rest,0.015866290983606507,,,,,,,,
42,mu,native,execution,0.01065384906856256,,,,46.796073110308384,0.19507934553328177,0.01395295965608461,0.5195746237068072,0.3562796392411029
42,mu,native,imagery,0.009760044642857093,,,,68.43952688541845,0.2126668171290356,0.012568497161596073,0.5397266608456494,0.39924045656946655
42,mu,native,rest,0.010373263888888847,,,,150.61624007663102,0.20367737360500685,0.013550192212301533,0.485845149981672,0.4289184615390017
43,beta,native,execution,0.010513100060626054,,,,231.71897638169685,0.1486369435601499,0.014156332671957619,0.4457191517517236,0.29115419559153677
43,beta,native,imagery,0.009597043099647207,,,,246.62191397700823,0.15743517271655283,0.012898272156084606,0.41606220437318564,0.275119104866322
43,beta,native,rest,0.009699125744047573,,,,169.9317423765483,0.1524654565238069,0.01303168402777774,0.39791267626732296,0.26791132531939416
43,broadband,average,execution,0.0236641072806437,,,,,,,,
43,broadband,average,imagery,0.01730689208553787,,,,,,,,
43,broadband,average,rest,0.018177341683201013,,,,,,,,
43,broadband,native,execution,0.020375382357804186,0.14004688188932976,0.002378058862433809,0.0003954475308641511,4789.440631091951,0.12278361792415053,0.027541284308862383,0.5066255056371672,0.3669382418574982
43,broadband,native,imagery,0.0174057367449294,0.12832563450727508,0.0019821635251322223,0.00032774264219571556,3432.5019066983978,0.12832986168907767,0.023579850777116353,0.4715208360309636,0.33214412141877236
43,broadband,native,rest,0.01822286292989412,0.1258652653769841,0.0021125268683862,0.00036690848214279844,3906.2978806792944,0.12926399413903356,0.024601056134259214,0.42512240540519486,0.3430558420121285
43,broadband,no_frontopolar,execution,0.01843740513054033,,,,,,,,
43,broadband,no_frontopolar,imagery,0.016240152550091022,,,,,,,,
43,broadband,no_frontopolar,rest,0.01620651183970852,,,,,,,,
43,mu,native,execution,0.010541931905864147,,,,207.83617280805842,0.17828298257322786,0.014119044174382665,0.49427056040094125,0.283235835515933
43,mu,native,imagery,0.009284887566137517,,,,170.91117120456803,0.18637268622809738,0.012359388778659566,0.4525374660910163,0.2786685085930615
43,mu,native,rest,0.01023101645171954,,,,197.1240364870946,0.1748908589552666,0.01369833002645498,0.4318614861199254,0.2930795380681939
44,beta,native,execution,0.01157297178130507,,,,285.0295204010136,0.147520654206332,0.015615613288139282,0.41361907209765647,0.27003055608083304
44,beta,native,imagery,0.011571886711860617,,,,257.42020707134213,0.14767862969525478,0.015616560570987608,0.4112196452112679,0.26796991329208175
44,beta,native,rest,0.010409071180555495,,,,208.51392624575706,0.15210007971820796,0.013983806630290967,0.3701769879469332,0.23769634580477533
44,broadband,average,execution,0.021943944968033462,,,,,,,,
44,broadband,average,imagery,0.02192091738315692,,,,,,,,
44,broadband,average,rest,0.024597025876322693,,,,,,,,
44,broadband,native,execution,0.023695539847883543,0.15688786582341266,0.0029865761408729603,0.00046354855599642223,9225.32545753579,0.14136281452326102,0.03143218832671953,0.584731659565416,0.38770064366703844
44,broadband,native,imagery,0.023445663855820056,0.15458407393628745,0.003023399608686018,0.0004981502149470378,6180.797843997902,0.13138826873997433,0.0311448171571869,0.5634775655240915,0.35116548259071445
44,broadband,native,rest,0.023859488673941737,0.15222630415013225,0.0031191096230158265,0.00044033151455021333,5304.8879825299455,0.12775000332029132,0.031562603339947044,0.5343693810278459,0.3446660786109782
44,broadband,no_frontopolar,execution,0.022588437310261028,,,,,,,,
44,broadband,no_frontopolar,imagery,0.02237723891924707,,,,,,,,
44,broadband,no_frontopolar,rest,0.02237107240437154,,,,,,,,
44,mu,native,execution,0.013869030395723054,,,,995.4489124219643,0.1887796697542889,0.018364697007275086,0.519517873436584,0.40880418527437856
44,mu,native,imagery,0.015660790068342097,,,,1025.6234397651715,0.1829403287034008,0.02083930982693999,0.5497117640455227,0.44008609184576514
44,mu,native,rest,0.013866360780423225,,,,328.4189348401708,0.17911935143788033,0.018582795965608412,0.47754794753411267,0.35154458543792483
45,beta,native,execution,0.019174227706128703,,,,267.0419093049399,0.125472332587354,0.025720365547839463,0.4901005257748058,0.35510893133845306
45,beta,native,imagery,0.01543828193893293,,,,276.1434819462525,0.13122456515631445,0.02083960262345674,0.4776340298907407,0.3436467849940727
45,beta,native,rest,0.014263909556878266,,,,219.94518863630765,0.1286602806917397,0.019318111359126946,0.4686449208200793,0.3327818386317603
45,broadband,average,execution,0.021789796213624292,,,,,,,,
45,broadband,average,imagery,0.019827439511684256,,,,,,,,
45,broadband,average,rest,0.02278826678240736,,,,,,,,
45,broadband,native,execution,0.03205911733906522,0.2002313264715608,0.003963396990740688,0.0006547619047618578,2597.511412955369,0.1076348967099218,0.0429095189869929,0.6323335831277677,0.31123746090173393
45,broadband,native,imagery,0.026686921296296247,0.17815999779541442,0.0032339030809082447,0.0005812872023809089,2389.250347972538,0.11151858496384523,0.035862457975088136,0.6044707115671188,0.2952243785784014
45,broadband,native,rest,0.026244212962962907,0.17104977885251318,0.0033152488425925463,0.0005947213955026001,1836.4724715451662,0.10602909420536201,0.03499576306216929,0.5705978361590641,0.2877026099528184
45,broadband,no_frontopolar,execution,0.03153145871281113,,,,,,,,
45,broadband,no_frontopolar,imagery,0.02607018442622946,,,,,,,,
45,broadband,no_frontopolar,rest,0.02464441029143892,,,,,,,,
45,mu,native,execution,0.01591107942019395,,,,270.0562126420555,0.1809593243886088,0.02101571111662252,0.6469005683274573,0.35486195005531457
45,mu,native,imagery,0.016057133212081076,,,,305.35272694852887,0.17877389809793362,0.02118343185074951,0.6301821645991207,0.38045039580758466
45,mu,native,rest,0.013271846064814767,,,,206.63141098912033,0.1838601575773654,0.017510850694444396,0.600531918018831,0.35006392095176175
46,beta,native,execution,0.020303457754629578,,,,259.73416750686636,0.13296020289702293,0.02740565062830683,0.6466445470584026,0.43394664686548545
46,beta,native,imagery,0.013260306437389718,,,,169.43596058066097,0.14395580753477882,0.017827794312169264,0.5600927137482546,0.37262687905357933
46,beta,native,rest,0.012114335317460267,,,,167.59089184928567,0.15004382787099704,0.016279296874999946,0.5648455917514392,0.37162746251338863
46,broadband,average,execution,0.025205009231701894,,,,,,,,
46,broadband,average,imagery,0.010124748539462028,,,,,,,,
46,broadband,average,rest,0.02021189856150787,,,,,,,,
46,broadband,native,execution,0.030805776014109304,0.20813116595017636,0.0037099557705026023,0.00068274980709872,6858.4196040856705,0.13817011173807314,0.0409156091545414,0.7788511739416648,0.34772430063443516
46,broadband,native,imagery,0.01419639412477949,0.11710260623346556,0.001672384810405591,0.00036582341269836445,1175.8528804680175,0.1534838829284543,0.018872888420414416,0.6501485421222923,0.26014427789411126
46,broadband,native,rest,0.016929821841931165,0.12504231770833327,0.0020528997189153,0.0003989438657406866,1508.5375850667283,0.1346897017756038,0.022617755869708926,0.6308657804913904,0.25517413332294253
46,broadband,no_frontopolar,execution,0.03087133803885849,,,,,,,,
46,broadband,no_frontopolar,imagery,0.014382665452337542,,,,,,,,
46,broadband,no_frontopolar,rest,0.01620002276867026,,,,,,,,
46,mu,native,execution,0.018171106839726586,,,,516.9455860482072,0.19184702624592356,0.023784498319003478,0.7687336667753013,0.42950511278457043
46,mu,native,imagery,0.010713148974867675,,,,164.51641794498516,0.20098559969730473,0.013996861910273313,0.6416431958458649,0.3094408702941192
46,mu,native,rest,0.01189189608134916,,,,191.06184625110305,0.181615146846887,0.015739293981481425,0.6338022494754257,0.3115705750782029
47,beta,native,execution,0.02550603849757491,,,,25.923800445818596,0.09883948994824476,0.034901878720238054,0.5960470892540317,0.43776246812162195
47,beta,native,imagery,0.025137356013007008,,,,26.16510847012972,0.09761716546843127,0.03441208181768073,0.5752315144220813,0.4233832433514424
47,beta,native,rest,0.02684642650462958,,,,105.46276093724912,0.09548921066553437,0.036808139054232754,0.5527592908292551,0.41772601652275754
47,broadband,average,execution,0.018669446511243328,,,,,,,,
47,broadband,average,imagery,0.018627662725969968,,,,,,,,
47,broadband,average,rest,0.02133933738425923,,,,,,,,
47,broadband,native,execution,0.024603880759479668,0.17982940297067895,0.0028959297839505713,0.0005780147707230555,207.6725385664595,0.10563042023344023,0.033450400270061686,0.6291531265417145,0.3405688489038578
47,broadband,native,imagery,0.024104989941578437,0.1784368455136684,0.002825761959876489,0.0005734505897265934,240.10668981096467,0.11205874517801269,0.032763757991622525,0.6306975618806425,0.3332372769579318
47,broadband,native,rest,0.033747881531084614,0.20474113343253963,0.00430441881613752,0.0007654389880951932,980.9046698925868,0.09977205179826343,0.04500671709656081,0.5960187983281392,0.3261926921187006
47,broadband,no_frontopolar,execution,0.02404764344262291,,,,,,,,
47,broadband,no_frontopolar,imagery,0.023541040528233106,,,,,,,,
47,broadband,no_frontopolar,rest,0.033423838797814166,,,,,,,,
47,mu,native,execution,0.013411578896604891,,,,30.803219823121314,0.1953042950117891,0.0175853071263227,0.6704664429325591,0.40940458087201137
47,mu,native,imagery,0.01402407476300701,,,,30.77326047850614,0.18773965101065207,0.018442908123897657,0.6593506684454034,0.4002885452102183
47,mu,native,rest,0.015807808366402068,,,,105.01196263488724,0.17651111155786253,0.021040478257275085,0.6358020896350743,0.386443092228506
48,beta,native,execution,0.010615785521384435,,,,540.1843142300834,0.14872239988506927,0.014296599426807714,0.39369089767247,0.2569081824696913
48,beta,native,imagery,0.0089258329199735,,,,612.3322888168188,0.1681288684954661,0.011885730131172783,0.42269464077049534,0.28197418670533175
48,beta,native,rest,0.009737154844576665,,,,466.4770691705925,0.15770541088355722,0.013107742228835912,0.3712252142730288,0.23864521037877395
48,broadband,average,execution,0.019787154155643697,,,,,,,,
48,broadband,average,imagery,0.011226386822089892,,,,,,,,
48,broadband,average,rest,0.009925285218253914,,,,,,,,
48,broadband,native,execution,0.02320689690806874,0.160792186811067,0.002626849785052858,0.0003862502755731444,7344.07247704853,0.12089916658164496,0.03145976286926803,0.49389630960114345,0.3183121877925003
48,broadband,native,imagery,0.013537929205246862,0.11047352086089061,0.0015187872023808998,0.0002656697806436844,3972.1538326097466,0.1415095712751572,0.018267006310626055,0.46427020347014447,0.250290511217633
48,broadband,native,rest,0.012031560019841219,0.10192956349206345,0.00136031539351848,0.00025793650793644665,3261.063289687799,0.14860627521349887,0.016227006861772433,0.4380432624748405,0.2523404420424601
48,broadband,no_frontopolar,execution,0.02187934502125071,,,,,,,,
48,broadband,no_frontopolar,imagery,0.01319941560412867,,,,,,,,
48,broadband,no_frontopolar,rest,0.011907103825136572,,,,,,,,
48,mu,native,execution,0.012131696428571375,,,,1531.0797223405582,0.1885765170546345,0.016207992311507886,0.49675181277643393,0.3943039782776473
48,mu,native,imagery,0.010772466104497308,,,,1752.8002808107697,0.20349876780823367,0.014278049906305062,0.49412647297990847,0.38127093195198186
48,mu,native,rest,0.00972284226190472,,,,1640.6092013213602,0.21290873176014016,0.01276429191468248,0.49031593044331345,0.3853655335011318
49,beta,native,execution,0.00909272693452375,,,,418.69282511844375,0.1727573252214452,0.012043289103835933,0.3977059446042392,0.2900841786049425
49,beta,native,imagery,0.00962935405643734,,,,476.7055218703576,0.16757739618925924,0.012783168678350925,0.3889432783817577,0.27887767514438
49,beta,native,rest,0.008618913277116353,,,,444.13471436393934,0.17317579506112177,0.011377263144841226,0.37928243310669846,0.2921601171399104
49,broadband,average,execution,0.011574280753968207,,,,,,,,
49,broadband,average,imagery,0.012243958057760088,,,,,,,,
49,broadband,average,rest,0.01293314938822746,,,,,,,,
49,broadband,native,execution,0.013443993193342102,0.10734144207451496,0.0015078676146383977,0.0002576437114197067,1953.0357822355566,0.14217525593547767,0.018020247740299776,0.48362825813212124,0.2282772260207642
49,broadband,native,imagery,0.014532335069444392,0.11269682815255727,0.0016729359567900666,0.0002956211419752622,2409.867138708596,0.13695663589247306,0.019461633322310358,0.4841681940652861,0.25423929970270087
49,broadband,native,rest,0.01480752934854492,0.11593532986111106,0.0017050057870369934,0.00030526620370366,3205.9850814319816,0.13157928759827203,0.019937220982142793,0.4533448367643412,0.2300619143297133
49,broadband,no_frontopolar,execution,0.013058610352155386,,,,,,,,
49,broadband,no_frontopolar,imagery,0.014006413175470503,,,,,,,,
49,broadband,no_frontopolar,rest,0.014230931238615626,,,,,,,,
49,mu,native,execution,0.009598799878747745,,,,169.87825725712528,0.19058277019141656,0.012615930197310356,0.48116785969710135,0.2809357501426365
49,mu,native,imagery,0.009875992063492014,,,,192.5231093487702,0.18811697423800117,0.012976001019620766,0.47096717104731073,0.2729868977816503
49,mu,native,rest,0.010878906249999954,,,,219.47109094808485,0.17463752061150092,0.014472087880290961,0.4808007742550892,0.2784553998726144
50,beta,native,execution,0.011556265156525514,,,,81.09003471541205,0.1512719189193266,0.015455281360229224,0.49649605222485504,0.34795564549357993
50,beta,native,imagery,0.0112630380566578,,,,76.57950019153031,0.1566931519762887,0.01504955150462958,0.5072098485865041,0.34799952175743837
50,beta,native,rest,0.011750320353835934,,,,73.51354844990992,0.15122627765350993,0.015725601438492012,0.5367538706751892,0.3636966220699148
50,broadband,average,execution,0.015320853312389719,,,,,,,,
50,broadband,average,imagery,0.009498026207010532,,,,,,,,
50,broadband,average,rest,0.023570291832010527,,,,,,,,
50,broadband,native,execution,0.020393139605379144,0.15634541721781303,0.002360473848104007,0.00043998704805992,698.6357611627903,0.11836244875357804,0.027619374862213362,0.6182830815258571,0.2593901788539431
50,broadband,native,imagery,0.014877180472883545,0.12289348407186945,0.0017134452160493421,0.00036086309523804884,261.1570232921512,0.12818597897100653,0.020107077408509644,0.535987007578641,0.24086459353252435
50,broadband,native,rest,0.02682844535383594,0.18017738301917988,0.0032308717757936,0.0005901227678570933,595.3213160183573,0.10364133610705858,0.03624622809193115,0.5955117861657374,0.3145505795645442
50,broadband,no_frontopolar,execution,0.019751423041894308,,,,,,,,
50,broadband,no_frontopolar,imagery,0.014919341985428002,,,,,,,,
50,broadband,no_frontopolar,rest,0.025292235883424375,,,,,,,,
50,mu,native,execution,0.012586995012125164,,,,63.78498078615167,0.17852520073516595,0.016743121004188663,0.5867779796989245,0.3408600041450889
50,mu,native,imagery,0.012668668016975268,,,,51.02607100245505,0.17717018371846044,0.016824311755952327,0.5889166157463196,0.32364048644554316
50,mu,native,rest,0.013112340856481434,,,,51.6036012274272,0.16638945762029256,0.017526300016534338,0.575391377421857,0.30267640184596684
51,beta,native,execution,0.011358248594576665,,,,3.996626492204122,0.14360262258013382,0.015318200920414417,0.4913355328710269,0.33777718790850153
51,beta,native,imagery,0.010410879629629582,,,,3.944360556747777,0.15208505771368247,0.013982342647707188,0.48559458886518425,0.3254208243211684
51,beta,native,rest,0.008716982886904713,,,,20.8435453429362,0.1670775474788137,0.011599340691137513,0.46229778514791225,0.31837224973623335
51,broadband,average,execution,0.025545600473985842,,,,,,,,
51,broadband,average,imagery,0.027059117339065207,,,,,,,,
51,broadband,average,rest,0.028692491319444402,,,,,,,,
51,broadband,native,execution,0.028550812251984074,0.17830772224977948,0.003575596615961147,0.0005746562224426333,78.60722552457275,0.11087936997305164,0.03812222704475304,0.5205445621094941,0.3353969012935838
51,broadband,native,imagery,0.030330085014329766,0.18162236827601405,0.00387788318452376,0.0006518856095678488,85.58283616565335,0.11099849186261503,0.04034751501873893,0.5195649952901622,0.3314867864016431
51,broadband,native,rest,0.03703476355820101,0.21172686218584652,0.004850208746693074,0.0008553447420634482,433.1862490128804,0.09211265842856227,0.04933340567129626,0.45861502046785774,0.3483695691427284
51,broadband,no_frontopolar,execution,0.026635170006071598,,,,,,,,
51,broadband,no_frontopolar,imagery,0.028261289465695158,,,,,,,,
51,broadband,no_frontopolar,rest,0.03349766621129322,,,,,,,,
51,mu,native,execution,0.01058848655202817,,,,3.6235608334751532,0.17795556743010588,0.014155040922618996,0.5143092070499559,0.2804766885584644
51,mu,native,imagery,0.011203703703703658,,,,3.5208984521203943,0.17632663887526911,0.014992645640432057,0.515153869393571,0.2848349716046161
51,mu,native,rest,0.011259817294973499,,,,17.965594542406564,0.17146619707643182,0.015048363095238052,0.486474323010154,0.3009252950527955
52,beta,native,execution,0.016028387483465554,,,,186.72027238902618,0.12404580233285184,0.02166933628196644,0.4457706620155234,0.309141531104889
52,beta,native,imagery,0.013352468446869438,,,,219.17392984317573,0.13075086592966917,0.018134731178350922,0.4125023631970756,0.292304915410077
52,beta,native,rest,0.01131045386904758,,,,209.2126795408012,0.13774934874281344,0.015310639880952326,0.39104500645571655,0.2761123399137105
52,broadband,average,execution,0.01014961902006168,,,,,,,,
52,broadband,average,imagery,0.010118393132716001,,,,,,,,
52,broadband,average,rest,0.0098986235119047,,,,,,,,
52,broadband,native,execution,0.013404138420414411,0.10729833209325391,0.0015791894014549712,0.00031716752094351113,2491.4695441459576,0.14236083119561313,0.018054160466269793,0.49055480597489354,0.289904985944798
52,broadband,native,imagery,0.012439408344356214,0.10303452587632271,0.0014096602182539222,0.000251184964726585,2503.3716373871057,0.1419435416128942,0.01682248608355375,0.45127610547607494,0.27574031116423653
52,broadband,native,rest,0.010834005042989373,0.09072265624999995,0.0012804336144179335,0.000258556547619,2407.3108361343106,0.15007649125120867,0.014458860367063441,0.4796181439141241,0.31499220890521706
52,broadband,no_frontopolar,execution,0.01294584851244683,,,,,,,,
52,broadband,no_frontopolar,imagery,0.012058705221615009,,,,,,,,
52,broadband,no_frontopolar,rest,0.01016330828779594,,,,,,,,
52,mu,native,execution,0.013293874696869438,,,,385.85921326738355,0.16989469337219829,0.017910414599867676,0.458443932451153,0.3331549070817866
52,mu,native,imagery,0.011670593584656034,,,,540.1701866377289,0.1786823310726637,0.015684213789682495,0.4439213647239138,0.33869628733191276
52,mu,native,rest,0.009272331762566087,,,,392.9250042529557,0.18469138616164094,0.012297712053571367,0.43186786051339526,0.320178979122814
53,beta,native,execution,0.016814477237654266,,,,525.8972316619066,0.12014465765918732,0.022877500826719528,0.4019444354658318,0.32427853222824177
53,beta,native,imagery,0.016265552662036994,,,,531.5958399668556,0.12154921086799587,0.022129285163139275,0.40262367399398596,0.3275858135895509
53,beta,native,rest,0.017893776868386186,,,,339.9225087157078,0.11284775152601692,0.024446356233465562,0.4627689647335771,0.3760058380651739
53,broadband,average,execution,0.020724344135802413,,,,,,,,
53,broadband,average,imagery,0.019938202711640166,,,,,,,,
53,broadband,average,rest,0.016297536375661333,,,,,,,,
53,broadband,native,execution,0.025828441909171027,0.18688202711640206,0.0030169408619928934,0.0005440331514549778,4751.148665562527,0.10174365366920327,0.03521691054894176,0.5544382294281817,0.2908441908888836
53,broadband,native,imagery,0.024930056079144572,0.18214714575066135,0.00286385995370366,0.00049456776344792,4905.1660535076035,0.10411029583476797,0.03401525642085534,0.5544556069427528,0.2949448478449732
53,broadband,native,rest,0.023671358300264508,0.17871377934854493,0.0027582981977512734,0.0005578290343914934,5117.040324633434,0.10649809783655959,0.03232628554894175,0.5855163041616918,0.29333827264224804
53,broadband,no_frontopolar,execution,0.025406838190649626,,,,,,,,
53,broadband,no_frontopolar,imagery,0.024584282027929526,,,,,,,,
53,broadband,no_frontopolar,rest,0.023446265938069165,,,,,,,,
53,mu,native,execution,0.016829168733465554,,,,268.63863860306134,0.15881293387036757,0.02262740093143734,0.6022705554298667,0.370309021096686
53,mu,native,imagery,0.0167167348710317,,,,268.0688113596024,0.15391896445402126,0.022478608630952336,0.5937343940671276,0.3644776815719012
53,mu,native,rest,0.015783626818783026,,,,249.33318063304097,0.1561457337651131,0.02114748677248672,0.6003734282318798,0.3865870070547456
54,beta,native,execution,0.010636109044312121,,,,199.76650926085364,0.15322386542606523,0.014237643986992898,0.41980148961689323,0.2735670018936768
54,beta,native,imagery,0.010746079971340345,,,,206.42486551890607,0.1619117646270504,0.014330408812830646,0.4086872482941848,0.2849237292355928
54,beta,native,rest,0.00917901579034386,,,,178.648239598014,0.16554229336355,0.012202587632275086,0.39971858292285595,0.2633007189070231
54,broadband,average,execution,0.020623225997574914,,,,,,,,
54,broadband,average,imagery,0.0153486345348324,,,,,,,,
54,broadband,average,rest,0.02126317584325391,,,,,,,,
54,broadband,native,execution,0.023742800650352676,0.1632694520227072,0.0029027157738094667,0.0004821841931216467,7134.435769569174,0.13257641215019922,0.03174758184523805,0.6236049982061096,0.3698441439714812
54,broadband,native,imagery,0.018428371638007007,0.1334420297343474,0.0022082368827160003,0.0003805149085096489,4317.731935430317,0.13628945946464818,0.024630146329365034,0.5417342045871802,0.29087709188443817
54,broadband,native,rest,0.02343925677910048,0.15540152736441795,0.00297112681878302,0.0004863694609787734,4170.600995670862,0.12253867056337632,0.031241112764550234,0.5551333645710531,0.30906414170717184
54,broadband,no_frontopolar,execution,0.022721861718275605,,,,,,,,
54,broadband,no_frontopolar,imagery,0.01780652322404367,,,,,,,,
54,broadband,no_frontopolar,rest,0.022213740892531825,,,,,,,,
54,mu,native,execution,0.013305999917327994,,,,374.0305053794829,0.17092424452686267,0.017774763695987603,0.48823112997236323,0.3206515330560225
54,mu,native,imagery,0.010229638585758318,,,,527.6285697431764,0.19378660011815008,0.013455257247574902,0.4613792702262056,0.3507647343032046
54,mu,native,rest,0.008973162615740693,,,,264.3864131072288,0.2006462649538859,0.011708002645502607,0.4560263792224626,0.2689821397518781
55,beta,native,execution,0.011433445629409131,,,,7.155881883521191,0.14871053004795773,0.01541020791997349,0.5101165115830213,0.34150177413500304
55,beta,native,imagery,0.01143358341600524,,,,7.9079835710304,0.14915918805743522,0.015403473600088136,0.49472881662346485,0.3315973516085492
55,beta,native,rest,0.011457454943783033,,,,33.03314036293021,0.1470771104361645,0.01545898437499994,0.49136444203080115,0.35906609349745894
55,broadband,average,execution,0.0325761270943562,,,,,,,,
55,broadband,average,imagery,0.028357480434303303,,,,,,,,
55,broadband,average,rest,0.027332020916005246,,,,,,,,
55,broadband,native,execution,0.039033134231701884,0.24346416170634919,0.004617745535714242,0.00074969686948848,363.8423037829017,0.10840016372204588,0.05260783523478832,0.707184620823474,0.42991142093783863
55,broadband,native,imagery,0.0334572034832451,0.21899949707892413,0.0039405933090828444,0.0006678688547177578,323.23448233637333,0.11266902758527453,0.045093178185626054,0.7037653327442231,0.3922294736372969
55,broadband,native,rest,0.032458612351190436,0.20955677496693118,0.003917927414021107,0.0006938244047618667,1053.0718653572646,0.10444743663931733,0.043705202132936466,0.6586401141890562,0.37404325965909013
55,broadband,no_frontopolar,execution,0.037468256678809916,,,,,,,,
55,broadband,no_frontopolar,imagery,0.03207568685488763,,,,,,,,
55,broadband,no_frontopolar,rest,0.030838513205828724,,,,,,,,
55,mu,native,execution,0.013927262455908246,,,,16.13191355314327,0.1767323525654033,0.01865933641975304,0.5856950799859644,0.3804485269360582
55,mu,native,imagery,0.013704995453042273,,,,17.114591418324498,0.17550249455323474,0.01836989845127861,0.5748333780538788,0.34164113769468796
55,mu,native,rest,0.01341957051917986,,,,59.61339101991587,0.17249928761739053,0.01794849537037033,0.5878896450975355,0.3818827613237048
56,beta,native,execution,0.013617070381393252,,,,612.6710939315457,0.1353234412490335,0.01839790357693999,0.45458536932394045,0.3624279537413943
56,beta,native,imagery,0.013255397789902942,,,,577.767245962249,0.13912742238344428,0.017823832947530815,0.47393618867245796,0.3576495274577293
56,beta,native,rest,0.016522352430555495,,,,306.57809224027704,0.11801800179184228,0.02240601231812164,0.4545679866602698,0.3315918639972702
56,broadband,average,execution,0.0117778604497354,,,,,,,,
56,broadband,average,imagery,0.010731440145502596,,,,,,,,
56,broadband,average,rest,0.009308862433862386,,,,,,,,
56,broadband,native,execution,0.014884913745590775,0.11966533358134918,0.0017023361717371577,0.0003173914241622067,3579.164824102622,0.13747397766802452,0.020056268601190433,0.522445695411365,0.2177692388680529
56,broadband,native,imagery,0.014527254188712478,0.11653747450947968,0.0017046957671957156,0.0003559372244267578,3822.9351134586686,0.13807650420790393,0.01946454406415338,0.5336784027459814,0.23558502817710156
56,broadband,native,rest,0.014946056547618988,0.12237284019510579,0.0017366278108465133,0.00036814856150787996,1986.3330467809094,0.13067980287274353,0.02014534763558196,0.5079813272494558,0.24564013745459348
56,broadband,no_frontopolar,execution,0.014735997267759515,,,,,,,,
56,broadband,no_frontopolar,imagery,0.014379857316332682,,,,,,,,
56,broadband,no_frontopolar,rest,0.015057206284152953,,,,,,,,
56,mu,native,execution,0.011948078565917062,,,,791.4562411681891,0.19686897107889015,0.015644290123456743,0.5533582439669553,0.3184415761955038
56,mu,native,imagery,0.010352682016093427,,,,893.9319410814431,0.2121639974360401,0.013372826416446153,0.5698329683236322,0.3248699545178248
56,mu,native,rest,0.011921141286375607,,,,710.8265200584596,0.20019583517051365,0.015585059110449688,0.554382600404754,0.3775911989666125
57,beta,native,execution,0.013927830825617231,,,,315.60916557167246,0.1326073280382651,0.018870546048280375,0.4729709190906902,0.3301944537343314
57,beta,native,imagery,0.01251872175374774,,,,376.9658250290758,0.13683129887336903,0.016963734567901186,0.4254745573303528,0.3014513747616459
57,beta,native,rest,0.013323981068121634,,,,179.35982254234185,0.13683232345057944,0.017973503637566095,0.5582204587845163,0.3703992776817454
57,broadband,average,execution,0.009840201995149867,,,,,,,,
57,broadband,average,imagery,0.008574235973324467,,,,,,,,
57,broadband,average,rest,0.007793382109788307,,,,,,,,
57,broadband,native,execution,0.01502275201168426,0.127552307236552,0.0017179060570987133,0.0003623615244708533,2433.5997114153743,0.15306358262878775,0.02007936507936503,0.6315802478098903,0.23649542930805967
57,broadband,native,imagery,0.012042841297398537,0.10413437293320102,0.0013816723159170577,0.0002886284722221867,1071.6369909776495,0.1388563979092818,0.016243007330246865,0.47347911321577646,0.2113603147598806
57,broadband,native,rest,0.0112767133763227,0.09941225405092587,0.0013138124173279865,0.00029457051917985337,1101.4448545480461,0.15574768323226787,0.015029761904761867,0.5873923113016445,0.23774706425687178
57,broadband,no_frontopolar,execution,0.01513644125683055,,,,,,,,
57,broadband,no_frontopolar,imagery,0.012151658318154172,,,,,,,,
57,broadband,no_frontopolar,rest,0.01140397313296898,,,,,,,,
57,mu,native,execution,0.012848203951719529,,,,247.34573741785647,0.18631275706045322,0.017007619598765386,0.6416855969618896,0.3208401491218466
57,mu,native,imagery,0.010619057953042278,,,,178.14685256117315,0.18227128356550726,0.014071817818562558,0.5399423369202118,0.28432390446146966
57,mu,native,rest,0.00851329985119042,,,,158.46906687456215,0.2149690405110759,0.011107752562830626,0.5759504800607369,0.27717475398018543
58,beta,native,execution,0.012545073440255683,,,,345.3392793962451,0.166022628461133,0.016569699349647218,0.5820776242907101,0.44076171548384324
58,beta,native,imagery,0.011266431051587254,,,,319.0486881158804,0.16695754983581967,0.014897417879188666,0.5215161033884667,0.388152042550643
58,beta,native,rest,0.010238973627645441,,,,455.3506599803082,0.16727582516600054,0.013519138558201011,0.4350426591621553,0.3278526474057687
58,broadband,average,execution,0.009960799713403832,,,,,,,,
58,broadband,average,imagery,0.00875297963514104,,,,,,,,
58,broadband,average,rest,0.00808697089947086,,,,,,,,
58,broadband,native,execution,0.014436315035273322,0.11805050912147264,0.0016689745921516356,0.0003443459270281711,661.8254240908024,0.1351529742990836,0.01937906470458549,0.5665662878629303,0.3265277677361916
58,broadband,native,imagery,0.012546382412918828,0.10497531897596997,0.0014563526510140555,0.0003018215388006622,561.1775262925202,0.14236974786041323,0.016743086557539626,0.5019559834645624,0.2813660378122059
58,broadband,native,rest,0.010535817625661328,0.09026294849537031,0.0011699632109787932,0.00020187458664016665,721.559079922955,0.15043956611795162,0.013993055555555493,0.4414470021383497,0.2475116679561986
58,broadband,no_frontopolar,execution,0.014663725713418284,,,,,,,,
58,broadband,no_frontopolar,imagery,0.012832308743169346,,,,,,,,
58,broadband,no_frontopolar,rest,0.010847449908925274,,,,,,,,
58,mu,native,execution,0.011664186507936453,,,,102.74641319585791,0.20188391631742028,0.015069582231040513,0.6611154442617911,0.3461973388204783
58,mu,native,imagery,0.01071008322310401,,,,92.5449807714315,0.20620459581416467,0.013876436425264501,0.6168135786419134,0.320373264555013
58,mu,native,rest,0.009476789847883547,,,,82.57880227434431,0.2099072328593269,0.012220000413359747,0.5962755709206291,0.3093151406715922
59,beta,native,execution,0.015760823137125176,,,,220.45060083308636,0.13423925117009433,0.021307491457230984,0.5060303547814052,0.34180818881439207
59,beta,native,imagery,0.014148806079144571,,,,251.21277139860746,0.13936971286338323,0.01906639247134034,0.47929112829377934,0.32254344389501244
59,beta,native,rest,0.012335327794312114,,,,242.23655726908447,0.1453259696398427,0.016541521990740687,0.4613588070470459,0.31057454834457204
59,broadband,average,execution,0.016495432374338575,,,,,,,,
59,broadband,average,imagery,0.015513737323633111,,,,,,,,
59,broadband,average,rest,0.011475539434523754,,,,,,,,
59,broadband,native,execution,0.02056072255291,0.14143654582782184,0.0025319148203262268,0.0004610511739417422,2149.2897675486684,0.1310210089903847,0.027472993827160445,0.5858827293198995,0.280273174930177
59,broadband,native,imagery,0.017504667520943516,0.12577248332782182,0.002107773230820058,0.00036525504298937116,2752.4328780011015,0.13809515353112753,0.02333788029100524,0.5825169970547325,0.2878300004260232
59,broadband,native,rest,0.01198164682539678,0.09859142485119042,0.0013843419312168934,0.00026170841600524,4267.671710965251,0.15589581525536048,0.016033916170634873,0.4860162718304475,0.46683930546946506
59,broadband,no_frontopolar,execution,0.019548800850030308,,,,,,,,
59,broadband,no_frontopolar,imagery,0.01632268897996352,,,,,,,,
59,broadband,no_frontopolar,rest,0.011630919854280468,,,,,,,,
59,mu,native,execution,0.013473255621693072,,,,217.63039339403784,0.1759968834854445,0.017869560874118114,0.5442581240052053,0.3162155752542
59,mu,native,imagery,0.012573199129188658,,,,288.4108530032902,0.18866429823182823,0.016559124228395013,0.5494406948161502,0.3159866216912734
59,mu,native,rest,0.011080212466931173,,,,220.13681744823117,0.1829781428612666,0.01469297701719572,0.5131271861200521,0.30315284764555767
60,beta,native,execution,0.008734154541446158,,,,361.39015222905135,0.1618148074332152,0.011721919091710713,0.30462719910106256,0.23074387754171763
60,beta,native,imagery,0.009224468143738925,,,,386.7096063481225,0.1641254476058173,0.012337652943121637,0.30343052948596366,0.244486600541531
60,beta,native,rest,0.008138124173280374,,,,267.6443342543184,0.1684997235876549,0.010845475777116354,0.32857731827421177,0.23445944106429284
60,broadband,average,execution,0.015622485394620767,,,,,,,,
60,broadband,average,imagery,0.013534794560185135,,,,,,,,
60,broadband,average,rest,0.01311513103505286,,,,,,,,
60,broadband,native,execution,0.020640638778659553,0.15410116636353613,0.0023220486111110625,0.00039437968474422664,4778.568143414901,0.12112346032536113,0.028152522872574907,0.5001111698199452,0.2749092734485454
60,broadband,native,imagery,0.01840251942791001,0.1333652826003086,0.0021508832120810846,0.00035951967592588,3435.894683579055,0.1270213355714965,0.024827405065035228,0.4597330742949924,0.24761945509188743
60,broadband,native,rest,0.015294570519179847,0.12001658606150789,0.0017297040343914932,0.00030779803240736664,2370.286548739733,0.13337465252431027,0.020781921709656034,0.4660193010975329,0.24930033753615705
60,broadband,no_frontopolar,execution,0.019772332270795338,,,,,,,,
60,broadband,no_frontopolar,imagery,0.017861756223436505,,,,,,,,
60,broadband,no_frontopolar,rest,0.014323485883424365,,,,,,,,
60,mu,native,execution,0.008789906442901195,,,,253.51148496626968,0.19460471952431874,0.011680617559523765,0.4219391530535441,0.29070482830022654
60,mu,native,imagery,0.00879348889440031,,,,306.9391049017067,0.19389619498758615,0.01166692501653434,0.42037935771865553,0.3211848098564178
60,mu,native,rest,0.006969814401454987,,,,250.2562471135112,0.21870432239267282,0.009089213376322701,0.41030587521551,0.2783973739204734
61,beta,native,execution,0.012813395612874732,,,,403.29633007435064,0.14830358054732506,0.01719674892526449,0.5168457319872733,0.34990874415336654
61,beta,native,imagery,0.011567511987433807,,,,517.2815240228879,0.155560061807247,0.015458743248456737,0.47726544785250063,0.3157428564242561
61,beta,native,rest,0.010934968171296246,,,,404.54036404585753,0.15872386055179297,0.014578476355820052,0.48145356273762796,0.3134473550557983
61,broadband,average,execution,0.027707248263888838,,,,,,,,
61,broadband,average,imagery,0.023997774746472616,,,,,,,,
61,broadband,average,rest,0.0271942170965608,,,,,,,,
61,broadband,native,execution,0.026814132771163977,0.1873120763062169,0.0031294436177248136,0.0005586902006172356,6537.349755333461,0.12327304686996231,0.036166794119268035,0.7261167674460128,0.38731024760437344
61,broadband,native,imagery,0.02510420111331565,0.17809013999118162,0.002969146136463791,0.0005639088679452689,6303.612667893031,0.1203983561141495,0.03387433517967368,0.6664261619733368,0.37783323871320645
61,broadband,native,rest,0.02651563533399466,0.1778544560185185,0.003154141865079327,0.0005212983630952,4030.2259333066645,0.11300556024967387,0.035763165509259204,0.6391687224585101,0.37032003743779746
61,broadband,no_frontopolar,execution,0.026177804341226428,,,,,,,,
61,broadband,no_frontopolar,imagery,0.02434680479659983,,,,,,,,
61,broadband,no_frontopolar,rest,0.025534779143897946,,,,,,,,
61,mu,native,execution,0.010878406773589014,,,,478.0043012710176,0.21658245045780924,0.014156694361772441,0.6343892502621511,0.3744561419823285
61,mu,native,imagery,0.010934365354938228,,,,624.7341698824256,0.20679314870640225,0.014189866484788309,0.5909380740321366,0.3455528903114631
61,mu,native,rest,0.010844132357804175,,,,477.4973177128725,0.20459015364748642,0.014127449156745981,0.5923447920892745,0.35444119904153326
62,beta,native,execution,0.018939990492724827,,,,44.08098090757448,0.13922103270264802,0.025025490520282138,0.5089511156987494,0.34358280329931257
62,beta,native,imagery,0.01328648589065251,,,,40.445689733304235,0.1404702910285668,0.017903749173280376,0.488623124696503,0.32221560155169493
62,beta,native,rest,0.011396484374999948,,,,40.15094541379861,0.15140305408680313,0.01523251488095234,0.48878294667765493,0.3378329650323486
62,broadband,average,execution,0.02331319926697526,,,,,,,,
62,broadband,average,imagery,0.025718126515652508,,,,,,,,
62,broadband,average,rest,0.018979311342592547,,,,,,,,
62,broadband,native,execution,0.031867456183862386,0.1800563374944885,0.004246686232363262,0.0006957706404320445,945.8237278940742,0.12617838093033093,0.041725294863315665,0.6231075145976274,0.32657185551758106
62,broadband,native,imagery,0.029273640735229232,0.1816855606536596,0.0036697737544091158,0.0005942391424161734,1097.0764531836924,0.12151764522997748,0.038835565476190444,0.634719439221374,0.3295895500483689
62,broadband,native,rest,0.025547598379629593,0.1610430100859788,0.003201316550925867,0.0005274987599205801,509.98133889671084,0.12881005981717786,0.03407180059523804,0.5743880555818208,0.31898533676742874
62,broadband,no_frontopolar,execution,0.029990095628415255,,,,,,,,
62,broadband,no_frontopolar,imagery,0.02708826654523371,,,,,,,,
62,broadband,no_frontopolar,rest,0.02372945127504549,,,,,,,,
62,mu,native,execution,0.015758274085096967,,,,71.78673681017949,0.1827791516471881,0.02068944968033504,0.528830062333213,0.3289613271740798
62,mu,native,imagery,0.012951888365299773,,,,66.19022614255417,0.17609509329363088,0.01717826829805992,0.48886372604854716,0.3339381256614414
62,mu,native,rest,0.010441106564153379,,,,52.690325629611486,0.19161833276551538,0.01370809565145498,0.4738089051965307,0.3205377002673651
63,beta,native,execution,0.011697737544091659,,,,130.0309280741809,0.15021757019778217,0.015620332479056384,0.4254469910040811,0.31914267298685395
63,beta,native,imagery,0.010825203924162202,,,,164.7793541766981,0.1558873855753413,0.014432956486992894,0.40229774501241544,0.31145633188788185
63,beta,native,rest,0.012323857060185139,,,,133.20311027635594,0.14919054682549954,0.01650101273148144,0.4884224364474389,0.37409796237190307
63,broadband,average,execution,0.013511732528659559,,,,,,,,
63,broadband,average,imagery,0.010813130373677197,,,,,,,,
63,broadband,average,rest,0.01686135912698408,,,,,,,,
63,broadband,native,execution,0.017791056960978786,0.13493801325507052,0.002129474619708947,0.00043984926146379107,422.12833433269543,0.11910397941172923,0.02401258680555551,0.5034303771050774,0.24358650392648667
63,broadband,native,imagery,0.015762683256172787,0.12390645667989414,0.0018325961750440445,0.00036327436067014443,409.6491160498887,0.12327091812125815,0.021253134645061678,0.46751274989007374,0.23198360137598142
63,broadband,native,rest,0.019014395254629578,0.13699347924933855,0.0022481605489417466,0.0003958436673279867,468.09064268587684,0.12285460425154161,0.025532924107142807,0.5155260023236246,0.2882821703261004
63,broadband,no_frontopolar,execution,0.017701540680024233,,,,,,,,
63,broadband,no_frontopolar,imagery,0.015865323315118345,,,,,,,,
63,broadband,no_frontopolar,rest,0.01843317395264112,,,,,,,,
63,mu,native,execution,0.012144166115520242,,,,53.24105254945636,0.18727709125550535,0.015955205577601363,0.5919619052777348,0.32995531019229907
63,mu,native,imagery,0.011499204282407359,,,,55.15873801406717,0.18483054264288978,0.015103150490520235,0.5419672037655384,0.31646949542655983
63,mu,native,rest,0.013079375413359727,,,,56.204711160206685,0.17893865288219618,0.01725017567790999,0.5937843665330125,0.3331659365697735
64,beta,native,execution,0.012420169890872971,,,,16.143622905958928,0.1443071282611626,0.01673449211860665,0.5171161297603194,0.3709001158841214
64,beta,native,imagery,0.013177410576499063,,,,14.255972111085766,0.1374234368469355,0.017805920690035226,0.5165090037330927,0.3683108308985742
64,beta,native,rest,0.012329644097222174,,,,56.821285190240935,0.13243652624281774,0.01670975942460312,0.4425671942557455,0.31227688112000285
64,broadband,average,execution,0.01744920841600525,,,,,,,,
64,broadband,average,imagery,0.018398902529761858,,,,,,,,
64,broadband,average,rest,0.022352275545634858,,,,,,,,
64,broadband,native,execution,0.02216497189153435,0.1576596257716049,0.0026292782738094756,0.0005033688822750844,209.34243195549,0.12056979337036139,0.03001369254298937,0.5842503443676443,0.29416649711720627
64,broadband,native,imagery,0.024293654238315653,0.16910629891424156,0.002871231536596067,0.0005320629409170622,270.05955563392075,0.12029387903254632,0.03278742283950612,0.6024821218563193,0.3221346179828465
64,broadband,native,rest,0.02707429108796291,0.18315827546296293,0.00314680472883592,0.0005013020833332867,1000.7215253951024,0.09871243627198396,0.03685262690145498,0.5453416853736399,0.3303563126848905
64,broadband,no_frontopolar,execution,0.020890862173649015,,,,,,,,
64,broadband,no_frontopolar,imagery,0.022880654219793517,,,,,,,,
64,broadband,no_frontopolar,rest,0.024998121584699405,,,,,,,,
64,mu,native,execution,0.010440228174603121,,,,19.256016588741197,0.1930865969107617,0.013765897128527287,0.5655029691692325,0.33597544282464314
64,mu,native,imagery,0.011045645254629581,,,,19.444002223859094,0.1871720285283166,0.014672842950837695,0.5693599764961249,0.3194550022316059
64,mu,native,rest,0.01123744419642852,,,,63.30222331800897,0.17126607023686416,0.014999638310185134,0.5577016185227762,0.30919806481363893
65,beta,native,execution,0.018137142443783023,,,,182.7290711444036,0.10444411643668139,0.024844025573192194,0.45732694654068035,0.35712942524508795
65,beta,native,imagery,0.017414847883597838,,,,172.0134235032653,0.10882004251367121,0.023810471092372085,0.4655024898302724,0.3518212796734716
65,beta,native,rest,0.017407510747354454,,,,177.82779683102765,0.10623154727027487,0.023837580605158674,0.4593493308982625,0.35367075575959395
65,broadband,average,execution,0.011421733768738927,,,,,,,,
65,broadband,average,imagery,0.00860918209876537,,,,,,,,
65,broadband,average,rest,0.011039703207671921,,,,,,,,
65,broadband,native,execution,0.01597299727182535,0.1252613122795414,0.00185143849206344,0.00037059427358901334,1369.415700442285,0.11670223631005076,0.021753851135361515,0.46983334655057357,0.2484309994547409
65,broadband,native,imagery,0.012661141424162215,0.10816829943783064,0.001454371968694831,0.00030731577932093776,1067.3947152512155,0.13228652147045164,0.017147335207230996,0.46045826164982634,0.23407592007364064
65,broadband,native,rest,0.0143487516534391,0.11494347304894176,0.0016624297288359267,0.00033213458994704666,1248.1430871459356,0.12121675593538561,0.01946314897486767,0.44486421399742937,0.24504412135387416
65,broadband,no_frontopolar,execution,0.015021269732847554,,,,,,,,
65,broadband,no_frontopolar,imagery,0.01252916287188823,,,,,,,,
65,broadband,no_frontopolar,rest,0.013515198087431641,,,,,,,,
65,mu,native,execution,0.010303371638006997,,,,262.47261103456935,0.18988595028773156,0.013622667961860619,0.5387506323715113,0.3231473935946037
65,mu,native,imagery,0.009770671434082844,,,,268.3685596724317,0.19762341109881995,0.012831583443562562,0.5303804680480902,0.33021676761518753
65,mu,native,rest,0.009429976851851807,,,,274.6141092804711,0.19670391812601848,0.012388341187169279,0.5204455615312406,0.32503350245050444
66,beta,native,execution,0.012864014963624297,,,,99.50938126245987,0.1525509259687473,0.017252896963183374,0.45841002307765716,0.3071069343840535
66,beta,native,imagery,0.012535256145282135,,,,98.23542903853989,0.1550988200077611,0.01681592399691353,0.4463898770248478,0.2980823274513041
66,beta,native,rest,0.01403449487433858,,,,57.94634114414246,0.1425288534732789,0.018997344163359735,0.40967591564853223,0.26776122390158447
66,broadband,average,execution,0.014033805941357974,,,,,,,,
66,broadband,average,imagery,0.016342627039241577,,,,,,,,
66,broadband,average,rest,0.021961237185846513,,,,,,,,
66,broadband,native,execution,0.01776374076829801,0.12744452367173717,0.002169226052689542,0.0003718515762786067,763.4486987475221,0.14142444293291634,0.023585121114417937,0.5109047435214684,0.23337719201716436
66,broadband,native,imagery,0.021096540178571384,0.13992154775683419,0.0028161685681216487,0.0005201788470017111,766.5685226794848,0.1299151650560771,0.027858796296296243,0.5180119414998535,0.23743419364330282
66,broadband,native,rest,0.021278211805555506,0.13977828414351848,0.00290462756283064,0.00049835689484122,979.3357780778698,0.13880757212564065,0.027934751157407376,0.5755952201925203,0.2853551978496918
66,broadband,no_frontopolar,execution,0.01760116879174252,,,,,,,,
66,broadband,no_frontopolar,imagery,0.020440535822707908,,,,,,,,
66,broadband,no_frontopolar,rest,0.020300944899817795,,,,,,,,
66,mu,native,execution,0.01522347263558196,,,,199.57750671343118,0.1816052179678186,0.02017717633928567,0.4784186701403803,0.32451379702445793
66,mu,native,imagery,0.015187406994047572,,,,200.15253588292794,0.18468094117708939,0.02021195023148143,0.48426111037605063,0.35991683141500463
66,mu,native,rest,0.016771195023148108,,,,101.06040229066633,0.1680910180776518,0.02258556547619044,0.4729235548294357,0.3053656408743121
67,beta,native,execution,0.013379577959656037,,,,62.85016462331853,0.13965510204335285,0.018173363095238045,0.3553256137784191,0.2982967699942009
67,beta,native,imagery,0.009348768876763619,,,,52.367594937356614,0.1565205654717006,0.012550981040564327,0.3389177713839311,0.2689355298902313
67,beta,native,rest,0.010759238591269793,,,,50.992945769815265,0.15814061313396574,0.014440310846560807,0.32241681842084585,0.2556246249119904
67,broadband,average,execution,0.014434368799603131,,,,,,,,
67,broadband,average,imagery,0.00961376694775128,,,,,,,,
67,broadband,average,rest,0.019499679646163972,,,,,,,,
67,broadband,native,execution,0.015752900407848266,0.12503789131393295,0.0017299623842592132,0.0002675298996913022,279.86316966449476,0.13431571262682895,0.021399205660273316,0.4899922200403307,0.32989858791084953
67,broadband,native,imagery,0.010844390707671906,0.0946759259259259,0.0011853608630951866,0.00020178847001758667,151.31436988237508,0.15291711227085555,0.01460009162808637,0.45433066772886344,0.23787557338746088
67,broadband,native,rest,0.020355799437830634,0.14707088086970896,0.00238053902116398,0.0004371796461639733,277.57423792007415,0.11833397998256807,0.027644210896163972,0.4654011276407028,0.3295246222584417
67,broadband,no_frontopolar,execution,0.015569672131147488,,,,,,,,
67,broadband,no_frontopolar,imagery,0.01086900425015175,,,,,,,,
67,broadband,no_frontopolar,rest,0.01994751821493622,,,,,,,,
67,mu,native,execution,0.009676408179012304,,,,11.69575581076928,0.17916383795803062,0.012957451499118113,0.4087766995748439,0.27239360091993675
67,mu,native,imagery,0.007374665867504357,,,,8.782620565457233,0.20408616427258183,0.009672532930996427,0.4195945914624467,0.24613697619603986
67,mu,native,rest,0.009888444527116354,,,,9.581038766504603,0.19175441825630332,0.013121951471560814,0.43210497236535644,0.24775415186443553
68,beta,native,execution,0.017007102899029927,,,,237.48093419477425,0.11301609560838723,0.023248250110229237,0.47211154304558756,0.35093317332705487
68,beta,native,imagery,0.016556747409611945,,,,198.22715794988434,0.1143540158404901,0.02266012524801583,0.46656911402435536,0.3508627087292884
68,beta,native,rest,0.01863229580026451,,,,186.12373487833761,0.10288906592818282,0.025591621197089878,0.44276032034535,0.3569647856468645
68,broadband,average,execution,0.015563185488315649,,,,,,,,
68,broadband,average,imagery,0.01055820794753082,,,,,,,,
68,broadband,average,rest,0.009486917162698366,,,,,,,,
68,broadband,native,execution,0.019180755346119883,0.14216355957892413,0.002217348021384429,0.0004123780588623867,3949.2113918550845,0.12180325931427445,0.02602320326278654,0.534515896795506,0.30453667112515437
68,broadband,native,imagery,0.013465660135581967,0.11121882578262782,0.0015634128361992445,0.00033583760471776,1950.0076408121126,0.1365045186766266,0.018179098462301528,0.5205259653672102,0.25835085304197253
68,broadband,native,rest,0.012015749007936467,0.10209568245701055,0.00134998139880948,0.00026155340608459334,1224.7866280310154,0.13216533439739972,0.016296709656084606,0.4562897780734172,0.23338804851687608
68,broadband,no_frontopolar,execution,0.018200212507589505,,,,,,,,
68,broadband,no_frontopolar,imagery,0.013114127959927098,,,,,,,,
68,broadband,no_frontopolar,rest,0.011567679872495394,,,,,,,,
68,mu,native,execution,0.01041403149801582,,,,209.86425522381978,0.1836166082132407,0.01382383639219572,0.530382216064924,0.3052680961847686
68,mu,native,imagery,0.009851999972442632,,,,205.50480488047057,0.19284310511889208,0.013002214919532575,0.540163514075709,0.31213721143752815
68,mu,native,rest,0.010026868386243334,,,,177.54939775593996,0.1872940625519536,0.013245701058201,0.4962077798424309,0.3182448924376698
69,beta,native,execution,0.013205088458994658,,,,140.6651746421564,0.14223366191493889,0.017602289324294484,0.38425382301739036,0.28306589759931955
69,beta,native,imagery,0.012036933697089901,,,,140.072930484375,0.13693861714230507,0.01630268614969131,0.37006917241661474,0.28081895189155204
69,beta,native,rest,0.008198733052248632,,,,126.67810983733658,0.16959848374508935,0.010899987599206299,0.36467649943450836,0.26423100610273526
69,broadband,average,execution,0.017154517333553738,,,,,,,,
69,broadband,average,imagery,0.018016286375661328,,,,,,,,
69,broadband,average,rest,0.014636501736111066,,,,,,,,
69,broadband,native,execution,0.01648008639219572,0.14787925760582007,0.0020156801146384022,0.0005605503196648555,6539.578513126342,0.2259696378785879,0.02062095251873893,0.9369066246160946,0.31246829644938495
69,broadband,native,imagery,0.014631868661816533,0.13293838527888002,0.001801697530864149,0.0005120494378306333,6067.1004452949055,0.22484231777756017,0.018231181795634873,0.9357892182281081,0.2903384400278661
69,broadband,native,rest,0.01300745081018514,0.1230234685019841,0.0015141885747353867,0.00038463128306872663,6397.280777645868,0.2554275033178689,0.01565372850529096,0.9648924227726334,0.2978604148207572
69,broadband,no_frontopolar,execution,0.01722144429265326,,,,,,,,
69,broadband,no_frontopolar,imagery,0.015333029751062486,,,,,,,,
69,broadband,no_frontopolar,rest,0.013510928961748585,,,,,,,,
69,mu,native,execution,0.013138623649691306,,,,90.67138147692907,0.1692671521525286,0.017565000826719527,0.5569715673542874,0.30323012011898104
69,mu,native,imagery,0.014356054343033465,,,,92.65509303316733,0.16154508500983167,0.019305452215608414,0.5366689728578341,0.3069303570449735
69,mu,native,rest,0.008694661458333273,,,,65.32033735888483,0.20150110600349022,0.011382326802248634,0.5426515838555497,0.295187046428849
70,beta,native,execution,0.044472552910052865,,,,275.68181264596046,0.06907963223747787,0.06130318562610225,0.5176230930514621,0.464914744990306
70,beta,native,imagery,0.04588817239858903,,,,291.2422446812034,0.0681530569454561,0.06303319968033505,0.5091689005308586,0.4602458816365891
70,beta,native,rest,0.042154586226851816,,,,230.33123341364268,0.06976307842336033,0.05769035218253964,0.5174602886688396,0.4696966191942195
70,broadband,average,execution,0.01216283619929449,,,,,,,,
70,broadband,average,imagery,0.01435016396604933,,,,,,,,
70,broadband,average,rest,0.014758081183862393,,,,,,,,
70,broadband,native,execution,0.028553395750661334,0.2098418382109788,0.003421930114638402,0.000760340884038749,1746.118696283714,0.082318810043995,0.03913457961309519,0.5639991972176782,0.2544313379702962
70,broadband,native,imagery,0.028982273754409125,0.20658466641865078,0.003409150407848278,0.0006716579861110623,2317.3532388310696,0.08731848798980656,0.03962303309634034,0.58192795204563,0.28220935400884584
70,broadband,native,rest,0.031999989666005264,0.213171554646164,0.003910073578042287,0.0007698309358465133,1804.827151709873,0.08353084949278258,0.04346860532407403,0.5682400433654676,0.29215954455059884
70,broadband,no_frontopolar,execution,0.02821780130540372,,,,,,,,
70,broadband,no_frontopolar,imagery,0.028260473588342397,,,,,,,,
70,broadband,no_frontopolar,rest,0.031444330601092835,,,,,,,,
70,mu,native,execution,0.014814349785052859,,,,394.69540275200995,0.17352613193539013,0.019750640707671907,0.6176268185088605,0.35060539503114224
70,mu,native,imagery,0.016054136353615467,,,,435.08693965273835,0.16556238096424358,0.021529620673500824,0.6022022708489677,0.3452202995284039
70,mu,native,rest,0.015367321841931165,,,,280.2144850022875,0.15883635288718903,0.02058511078042324,0.6051227534291338,0.3207774612336448
71,beta,native,execution,0.026767336998456744,,,,210.60293978105685,0.0924118635221597,0.03670972497795409,0.5233816429806202,0.41748274625202436
71,beta,native,imagery,0.024802534584435577,,,,230.91024576429206,0.09506684010612909,0.034063946759259216,0.4887667329459004,0.39895008709888946
71,beta,native,rest,0.02453274842923276,,,,183.5760472186708,0.08836743386618612,0.03371000744047615,0.5073042293826574,0.40865856530048855
71,broadband,average,execution,0.008925850143298013,,,,,,,,
71,broadband,average,imagery,0.009806599289021114,,,,,,,,
71,broadband,average,rest,0.028416056960978795,,,,,,,,
71,broadband,native,execution,0.022693228477733637,0.1798090966710758,0.0026667045579805465,0.0005963059413579756,853.2528171672433,0.08978033876867002,0.031121048969356208,0.5429060815460092,0.2630233747616967
71,broadband,native,imagery,0.02259682953042324,0.17724084063602288,0.002669890873015818,0.0006091200947971312,951.158526665881,0.0926931714638466,0.030960320904982314,0.5256127950303207,0.26471566293247506
71,broadband,native,rest,0.04442894345238091,0.26143513351521164,0.005519696593915294,0.0009111483134920135,2021.2000750460422,0.07187480335638181,0.05968290137235444,0.5246536538696802,0.3405681162025548
71,broadband,no_frontopolar,execution,0.023160006830601047,,,,,,,,
71,broadband,no_frontopolar,imagery,0.023150538858530616,,,,,,,,
71,broadband,no_frontopolar,rest,0.04211424180327864,,,,,,,,
71,mu,native,execution,0.017821232225529053,,,,201.88609315301525,0.16051844611255373,0.0238737840332892,0.6271679537225084,0.36079563485298916
71,mu,native,imagery,0.017414331183862385,,,,216.50035715235995,0.15906528056966163,0.02336335358796291,0.6106469191807075,0.3443366162203591
71,mu,native,rest,0.01803096064814811,,,,198.57493333825366,0.1456677281706891,0.024405330274470848,0.5890018066414453,0.35884957523513594
72,beta,native,execution,0.011911392884700129,,,,6.99490415359641,0.137311794153535,0.016123443011463796,0.4594213407398008,0.31294094693631436
72,beta,native,imagery,0.012799393050044043,,,,7.17814455809422,0.131867490680942,0.017414778990299768,0.4553484722175339,0.3299407514036628
72,beta,native,rest,0.011780495618386186,,,,27.799519430711587,0.13532814381717026,0.015936053240740686,0.4340831444450218,0.30130823756969793
72,broadband,average,execution,0.02472151606591706,,,,,,,,
72,broadband,average,imagery,0.013067542989417936,,,,,,,,
72,broadband,average,rest,0.016289630869708947,,,,,,,,
72,broadband,native,execution,0.022107015404541405,0.15664739376653436,0.0025919381062609733,0.0004615162037036511,276.443571961027,0.13486245728259766,0.02988121073082006,0.6403892519641328,0.41362803653297003
72,broadband,native,imagery,0.015448150903880018,0.12277254188712519,0.0017628244874338132,0.0003327374063050689,127.82561430218544,0.14716643399033097,0.020755966159611946,0.5964675907703766,0.33301001112854944
72,broadband,native,rest,0.017053623098544926,0.12757471478174598,0.0019236731150793066,0.00032319568452375997,698.8319557069119,0.14183069069708207,0.02302408854166663,0.5575392761632915,0.33218234660449947
72,broadband,no_frontopolar,execution,0.020696493624772265,,,,,,,,
72,broadband,no_frontopolar,imagery,0.015002732240437109,,,,,,,,
72,broadband,no_frontopolar,rest,0.016024305555555507,,,,,,,,
72,mu,native,execution,0.00952560074955904,,,,5.9055190070705335,0.18147963305598244,0.012720699680335049,0.47852896013842416,0.28191823568103674
72,mu,native,imagery,0.009389278136022883,,,,6.952255948458033,0.18978240789412493,0.012459249614197483,0.4759881888329351,0.3252914749783912
72,mu,native,rest,0.008592148230820067,,,,37.5204095322711,0.20462599020234898,0.011379536623677208,0.44982781536828575,0.36089560843173235
73,beta,native,execution,0.013292548500881783,,,,28.44295472381015,0.1494642568873975,0.01782498691027331,0.5323078992876494,0.3681627930463073
73,beta,native,imagery,0.012116694912918816,,,,27.259719098032583,0.15789957655946835,0.01617206445656962,0.5022544041397781,0.34313405905229655
73,beta,native,rest,0.012140635333994659,,,,123.86299777949891,0.15562895239763233,0.01617569857804228,0.4660848878512888,0.3379585699666121
73,broadband,average,execution,0.019899656911375616,,,,,,,,
73,broadband,average,imagery,0.01738036678791883,,,,,,,,
73,broadband,average,rest,0.022162853422619,,,,,,,,
73,broadband,native,execution,0.02495797508818337,0.16553592096560843,0.003084749090608422,0.0005523864638447488,340.8971504948708,0.12514838920859467,0.033182904817019354,0.6029688775945355,0.32881376218275
73,broadband,native,imagery,0.020726118138227466,0.14177829103284828,0.002534601658950567,0.00044787533068777776,245.12717284981488,0.13538545900842827,0.027545624586640165,0.5737582321525392,0.30578681139279396
73,broadband,native,rest,0.027380332341269794,0.17079489087301583,0.0035808325066137067,0.0006324404761904334,903.5246843064309,0.10709346100821607,0.03651429191468249,0.5298548358068399,0.3156441573885367
73,broadband,no_frontopolar,execution,0.02453064283545836,,,,,,,,
73,broadband,no_frontopolar,imagery,0.020180005312689688,,,,,,,,
73,broadband,no_frontopolar,rest,0.025965960837887016,,,,,,,,
73,mu,native,execution,0.013139019786155155,,,,23.29716536662349,0.1830278299891654,0.01734142485119043,0.5716320908762456,0.3197541889717795
73,mu,native,imagery,0.01323471257716045,,,,25.419011775342334,0.18569766067331786,0.01742786871693116,0.5699466338802677,0.31554493631740893
73,mu,native,rest,0.011523799189814773,,,,84.66124117079495,0.18698500749678135,0.015114087301587247,0.561403681348379,0.3045711312993344
74,beta,native,execution,0.012837783840387959,,,,40.146747513041355,0.1505821203221557,0.017292820629409122,0.4843784009923054,0.32564904002634887
74,beta,native,imagery,0.013009758735670137,,,,39.52999937882961,0.15295957651164013,0.017461075286596073,0.4913913583403835,0.3334907092185403
74,beta,native,rest,0.011806898974867672,,,,161.89432879660396,0.15628191606230638,0.015736503802910008,0.4957203988587185,0.3680106244653257
74,broadband,average,execution,0.011457764963624288,,,,,,,,
74,broadband,average,imagery,0.010080553488756567,,,,,,,,
74,broadband,average,rest,0.00977399553571424,,,,,,,,
74,broadband,native,execution,0.013850653108465559,0.1130818383487654,0.0015569885361551578,0.0002779155643738467,191.9931488576954,0.14811936907779577,0.018567294973544927,0.5340669280161227,0.2612713615724234
74,broadband,native,imagery,0.013205019565696599,0.1096374662422839,0.001495380704365031,0.0002938299162256978,131.9703350236186,0.14203731969042585,0.01772421323853611,0.5027012050925693,0.2309973605407283
74,broadband,native,rest,0.012870628720238054,0.10787434895833331,0.00146091683201054,0.0002874917328041933,475.2172930423206,0.13956322261646276,0.017289444857804193,0.528861103029752,0.23916458156274575
74,broadband,no_frontopolar,execution,0.013707441560412816,,,,,,,,
74,broadband,no_frontopolar,imagery,0.013186835913782589,,,,,,,,
74,broadband,no_frontopolar,rest,0.012601491347905232,,,,,,,,
74,mu,native,execution,0.01307426008597879,,,,24.6855602854515,0.18160739654198127,0.0173539117614638,0.5362345001839414,0.3268148053452019
74,mu,native,imagery,0.011686525159832402,,,,25.171006100512617,0.18444686200990365,0.015465081431878261,0.5408785841465202,0.31213526596023267
74,mu,native,rest,0.0093581555886243,,,,93.14157242494117,0.20649729189895377,0.012136811755952333,0.5431922516577543,0.32067800892678183
75,beta,native,execution,0.012085537918871207,,,,379.53912046578836,0.14404893723688467,0.016314070767195717,0.4978969581647182,0.34474507055693415
75,beta,native,imagery,0.011178316523368561,,,,420.48222061084175,0.14794331759180832,0.01505568300815692,0.47198831544937286,0.32808575477379
75,beta,native,rest,0.009961867559523762,,,,334.63681927314923,0.14964619041393226,0.013455171130952313,0.39614958748249923,0.2769051423309636
75,broadband,average,execution,0.013251281415343872,,,,,,,,
75,broadband,average,imagery,0.01317954626873893,,,,,,,,
75,broadband,average,rest,0.010725498098544926,,,,,,,,
75,broadband,native,execution,0.01766734182098761,0.13733317487874774,0.0020448047563932465,0.0004145137511022422,5955.580178481286,0.1383332857987873,0.023908764605379135,0.5942857445832845,0.2940016368428981
75,broadband,native,imagery,0.0175663442460317,0.13684782159391531,0.0020153184248235846,0.00038959160052905336,6643.62050919046,0.1360810242742419,0.023777316192680725,0.568421502898485,0.30242066810138046
75,broadband,native,rest,0.012118210565476148,0.10233568948412694,0.00136661913029096,0.0002494109623015333,4229.810097164109,0.15205013150882754,0.016362640542328,0.529810880434707,0.2357377702291893
75,broadband,no_frontopolar,execution,0.01690731253794774,,,,,,,,
75,broadband,no_frontopolar,imagery,0.016952109896781975,,,,,,,,
75,broadband,no_frontopolar,rest,0.011618112477231287,,,,,,,,
75,mu,native,execution,0.011995769951499069,,,,691.8810646778991,0.18206522477279144,0.01611541694223981,0.49449518135551185,0.351265308731627
75,mu,native,imagery,0.01110339506172835,,,,912.706627645338,0.18598747410603717,0.014813919201939993,0.5076251757497372,0.3741268651570122
75,mu,native,rest,0.00926845651455022,,,,719.2791132584586,0.19649352760603336,0.01230918278769836,0.4448142069415403,0.3466066566489647
76,beta,native,execution,0.014168819582230987,,,,43.19767953857401,0.16259908547849855,0.018689804480820058,0.5800549899609546,0.45312724157779966
76,beta,native,imagery,0.014376515652557272,,,,41.64142610482807,0.1588504422734162,0.019023523616622528,0.5394618017341676,0.4154492016661897
76,beta,native,rest,0.013650896990740692,,,,207.39236615965,0.16561037351896354,0.017880756035052858,0.5607944997965162,0.45090096464904555
76,broadband,average,execution,0.015529479442239815,,,,,,,,
76,broadband,average,imagery,0.011145419973544925,,,,,,,,
76,broadband,average,rest,0.016030195932539626,,,,,,,,
76,broadband,native,execution,0.020625585593033458,0.1481891568838183,0.002406890707671909,0.00043671461640206003,277.7081787985806,0.13684692381120964,0.027382330246913528,0.6349464835510229,0.32130490686889873
76,broadband,native,imagery,0.016631944444444397,0.12653645833333327,0.00194726906966486,0.0004023713073191711,119.57981030037205,0.1424294228986909,0.022124273175705422,0.5659416131718685,0.28570716686901254
76,broadband,native,rest,0.021464688740079316,0.14806542452050261,0.0026401806382274668,0.00050161210317454,937.8727565183207,0.12732178233907346,0.02845212260251318,0.592441653680473,0.3042875479047409
76,broadband,no_frontopolar,execution,0.020760245901639298,,,,,,,,
76,broadband,no_frontopolar,imagery,0.017049445962355747,,,,,,,,
76,broadband,no_frontopolar,rest,0.02158862704918028,,,,,,,,
76,mu,native,execution,0.014193052799823589,,,,16.38067498446088,0.19256397774744716,0.018454482197971737,0.6532888710415408,0.34635348708957564
76,mu,native,imagery,0.015396894290123413,,,,16.538862998271654,0.1927549258048928,0.020093660438712472,0.6376449179775056,0.34477185922993336
76,mu,native,rest,0.013538773148148091,,,,80.1996586429612,0.19725991080365082,0.017541852678571387,0.6408273276625704,0.3212627586266629
77,beta,native,execution,0.018804529045414416,,,,234.72200889635394,0.1150841690546366,0.02561704282407403,0.4810788619201885,0.36735584525958936
77,beta,native,imagery,0.01707200038580242,,,,262.8702459888783,0.11679211515042971,0.02332758074294528,0.4850659549671918,0.345500506060107
77,beta,native,rest,0.01528030960648144,,,,235.51231967195775,0.12078284878150376,0.020850901124338572,0.45945422249504964,0.35166235104248955
77,broadband,average,execution,0.016292886078042284,,,,,,,,
77,broadband,average,imagery,0.012053795331790074,,,,,,,,
77,broadband,average,rest,0.010963541666666613,,,,,,,,
77,broadband,native,execution,0.020241247106481428,0.15029663731812165,0.0023544801311727935,0.0004536451444003022,5515.55473398366,0.1230162569027503,0.027556234154541392,0.544499002027557,0.3173031408602423
77,broadband,native,imagery,0.017018952546296248,0.13453180114638444,0.0019972167107583268,0.00042975639329800885,4638.15263869779,0.1305934679818999,0.023062014302248624,0.5614196355249148,0.2921747084648958
77,broadband,native,rest,0.014162171378968214,0.1107298383763227,0.0016435701884920067,0.00030655795304226663,2607.6112437416546,0.1261032381894158,0.019225725446428532,0.4289196313535383,0.2466424172306564
77,broadband,no_frontopolar,execution,0.01892662795992709,,,,,,,,
77,broadband,no_frontopolar,imagery,0.01622102686703092,,,,,,,,
77,broadband,no_frontopolar,rest,0.01289554872495442,,,,,,,,
77,mu,native,execution,0.011343522652116354,,,,284.07418757943725,0.1811020549358508,0.01506515583664016,0.569508287677074,0.3012467521860936
77,mu,native,imagery,0.012174203593474374,,,,361.9516176971134,0.17553980099478228,0.016218274636243334,0.5610317245375911,0.3253736592818951
77,mu,native,rest,0.009297650049603114,,,,268.4611379847039,0.19701639185117828,0.012299365492724819,0.5235139418635542,0.3090291666422838
78,beta,native,execution,0.012773316936728346,,,,58.596203543125434,0.14129546263457116,0.017282865547839466,0.46301194193292877,0.2923299844114309
78,beta,native,imagery,0.011014918843694833,,,,47.82645767889804,0.14670792270179084,0.014851138806216888,0.4714224762559371,0.30158451002435266
78,beta,native,rest,0.010040302579365033,,,,42.0163365112372,0.15492467081468536,0.013448350694444394,0.5130898211468956,0.3306010408463379
78,broadband,average,execution,0.01795376570767191,,,,,,,,
78,broadband,average,imagery,0.015785469714506128,,,,,,,,
78,broadband,average,rest,0.019781177662036978,,,,,,,,
78,broadband,native,execution,0.018237916115520225,0.13908146288029097,0.0020787174823632642,0.0003673218419311667,1403.9290992479769,0.13786362723820475,0.02469523327270718,0.5961234067224056,0.29079091599150986
78,broadband,native,imagery,0.01696215002204581,0.1307513158619929,0.0019550367890211135,0.00037302276234562893,918.8144849786767,0.13689225907164312,0.02297405478395056,0.5736196275551012,0.2692414138947848
78,broadband,native,rest,0.018338500330687787,0.13478040261243382,0.002145440641534353,0.00042111028439147997,815.4502992353626,0.13110047132560354,0.02485439401455022,0.5823752626112769,0.2704094181094951
78,broadband,no_frontopolar,execution,0.017508025956284104,,,,,,,,
78,broadband,no_frontopolar,imagery,0.0162024324529447,,,,,,,,
78,broadband,no_frontopolar,rest,0.01714503642987243,,,,,,,,
78,mu,native,execution,0.01085596478174598,,,,101.27316346710694,0.19988280845281456,0.01429622051366839,0.5634828206254149,0.34000857974103815
78,mu,native,imagery,0.010407796654541397,,,,113.32092614769633,0.20244612680130958,0.013674027915564326,0.5607494268597595,0.35555920411660025
78,mu,native,rest,0.008771908068783026,,,,52.414652412175805,0.19671959837584255,0.011516720403439106,0.5283551081755979,0.2954880709037063
79,beta,native,execution,0.012072758212081081,,,,504.87327256699587,0.15027800987317144,0.016236324680335045,0.4938583361052007,0.3315576728924706
79,beta,native,imagery,0.012077563519620771,,,,985.9323232195874,0.1506689376598971,0.016252927965167502,0.46014685024108615,0.3121231051668339
79,beta,native,rest,0.010030536954365028,,,,756.8978419537822,0.15923074937023748,0.013362733548280374,0.45208552072946023,0.30125220416159865
79,broadband,average,execution,0.009286282655423235,,,,,,,,
79,broadband,average,imagery,0.008276875275573144,,,,,,,,
79,broadband,average,rest,0.007760364996693059,,,,,,,,
79,broadband,native,execution,0.016053809110449686,0.12794904651675482,0.0018954440861992466,0.00042174754739853556,3169.4797021695676,0.13724651371958516,0.02164274346891529,0.553300472968078,0.25227612538227956
79,broadband,native,imagery,0.01693919133046732,0.13090735918209873,0.001971347277336811,0.0003938457616842533,3850.207443331398,0.14051254489061815,0.02281892430004404,0.5382986559522112,0.2290370593304413
79,broadband,native,rest,0.010619729662698354,0.09339781746031742,0.0012214265046295732,0.00026522197420629333,2705.208427989329,0.15005806343518474,0.014208519345238046,0.4621878288107546,0.20959246339171986
79,broadband,no_frontopolar,execution,0.016032597146326606,,,,,,,,
79,broadband,no_frontopolar,imagery,0.01693357240437154,,,,,,,,
79,broadband,no_frontopolar,rest,0.010653062386156594,,,,,,,,
79,mu,native,execution,0.010853932429453213,,,,510.0870290281903,0.196525092306941,0.014208743248456737,0.5862295214488373,0.32206477305142606
79,mu,native,imagery,0.010022820904982318,,,,714.4599013534337,0.20603118021403632,0.013071435460758332,0.5443696574530851,0.3155646960519074
79,mu,native,rest,0.009054387814153379,,,,514.1183905409854,0.1981916704544448,0.011883318865740686,0.5032991915432388,0.3024563490723937
80,beta,native,execution,0.013975143298059916,,,,121.52274446041879,0.12838597106878735,0.01897023465057315,0.4940081404113934,0.3402503261974542
80,beta,native,imagery,0.013840973600088133,,,,118.60837415908458,0.1274759038470548,0.018814001873897656,0.48982395689319885,0.340988721639001
80,beta,native,rest,0.016001364087301528,,,,116.2797571098181,0.11416920018756933,0.021814391121031698,0.49885880178932823,0.3512286797946318
80,broadband,average,execution,0.012741591572971734,,,,,,,,
80,broadband,average,imagery,0.010862406305114586,,,,,,,,
80,broadband,average,rest,0.00746873966600524,,,,,,,,
80,broadband,native,execution,0.014074986910273314,0.11438746968694881,0.0016647548776454533,0.0003504429839064778,819.7399144619964,0.13206576818003873,0.018971956983024646,0.5251592597156491,0.23022315103182653
80,broadband,native,imagery,0.01367323564263663,0.11415142402447084,0.0015843908454585044,0.0003400228725749,804.6954418525662,0.13242486869111117,0.018503482556216887,0.5140337382686859,0.23428649163455673
80,broadband,native,rest,0.010390624999999947,0.09285300925925921,0.0011981750165343333,0.00026310350529097165,700.6966022697699,0.14763636474329525,0.01393544353505286,0.5066644835105953,0.21947320206687118
80,broadband,no_frontopolar,execution,0.013544000455373358,,,,,,,,
80,broadband,no_frontopolar,imagery,0.013336653764420111,,,,,,,,
80,broadband,no_frontopolar,rest,0.010310849271402507,,,,,,,,
80,mu,native,execution,0.009873804701278611,,,,104.33174565569344,0.18640781573374593,0.013048442322530822,0.5470065431861252,0.27946717901635754
80,mu,native,imagery,0.009517695243606652,,,,103.42277612544915,0.18972356009383493,0.012552875606260979,0.5386095074951466,0.2872819260257279
80,mu,native,rest,0.008557684358465567,,,,98.1128059905652,0.20074944651705068,0.01121760292658726,0.558747532643774,0.2801916893677504
81,beta,native,execution,0.011326282104276846,,,,27.32922513750108,0.15560041756721202,0.015128124311066969,0.44990297115657124,0.3012487270702036
81,beta,native,imagery,0.010783954061948804,,,,33.188980701747106,0.16184545671535408,0.014348596643518462,0.4424265122481031,0.28289990002904786
81,beta,native,rest,0.011760344328703654,,,,117.78573096927951,0.15295856837805075,0.015726014798280365,0.4287595570869652,0.2987532016441255
81,broadband,average,execution,0.02235088045634916,,,,,,,,
81,broadband,average,imagery,0.022912980875220413,,,,,,,,
81,broadband,average,rest,0.02782180059523805,,,,,,,,
81,broadband,native,execution,0.028559940613977028,0.18646067570546734,0.0034399973820546264,0.0005452560074955445,910.1196312557793,0.14277318219318183,0.037917321152998194,0.6664904045429074,0.469999752715338
81,broadband,native,imagery,0.029633005401234522,0.1881290647045855,0.003590735918209833,0.0005473055831128311,694.6119911378847,0.1248231704500016,0.039459204833553745,0.6104359096827687,0.42808196987140296
81,broadband,native,rest,0.0426818266369047,0.25147435102513227,0.005423383763227467,0.0008116836144179267,3858.1810703923725,0.11451838553113958,0.056973689649470846,0.6455500623495237,0.5178796043445312
81,broadband,no_frontopolar,execution,0.027980494839101352,,,,,,,,
81,broadband,no_frontopolar,imagery,0.028785557073466857,,,,,,,,
81,broadband,no_frontopolar,rest,0.042313581511839685,,,,,,,,
81,mu,native,execution,0.011800612461419705,,,,42.02293195733928,0.19504928150899137,0.015361345348324468,0.5208770181490245,0.34997771488098844
81,mu,native,imagery,0.011608951306216883,,,,47.28323666312803,0.1988818697160644,0.01510411499669307,0.5277594836638495,0.3542920747178271
81,mu,native,rest,0.014089781746031694,,,,142.6828396157447,0.17366726311334355,0.018588686342592534,0.5144353714631257,0.37351638268005805
82,beta,native,execution,0.014868327684082843,,,,107.74669140915691,0.12762583187824314,0.020176039599867676,0.46518325839574787,0.31586598244208214
82,beta,native,imagery,0.014356106013007,,,,108.64451508068879,0.12825561970005625,0.019458395337301534,0.464947313678689,0.30871419583631365
82,beta,native,rest,0.014858010912698366,,,,86.59454590572074,0.12096705123391632,0.020197430968915294,0.4370861653747646,0.31567048239977624
82,broadband,average,execution,0.01167405547288356,,,,,,,,
82,broadband,average,imagery,0.0107862447641093,,,,,,,,
82,broadband,average,rest,0.009354590360449687,,,,,,,,
82,broadband,native,execution,0.015417596726190412,0.12536983644731037,0.0017353705081569156,0.00032726038910929335,810.9691734810458,0.13236302195319327,0.02090508570326274,0.5181305919852927,0.24951161662698154
82,broadband,native,imagery,0.014624548748897657,0.12063364610890649,0.0016781201774690843,0.0003420724481921822,715.1303040553222,0.13271705475138057,0.019815142057980552,0.5106982410224968,0.2321050177401491
82,broadband,native,rest,0.014388589203042286,0.11839683573082006,0.0016930183531745533,0.0003880931712962466,557.3188361199813,0.12653078064515336,0.019518125826719527,0.4706246967867173,0.23636413344435364
82,broadband,no_frontopolar,execution,0.014972848360655695,,,,,,,,
82,broadband,no_frontopolar,imagery,0.014342934122647184,,,,,,,,
82,broadband,no_frontopolar,rest,0.014139458105646574,,,,,,,,
82,mu,native,execution,0.011795531580687784,,,,207.0098147516958,0.195366647843261,0.015629529734347388,0.5429937960369219,0.330767759196077
82,mu,native,imagery,0.011131021274250388,,,,198.21598087207093,0.19434900840527292,0.01464015308090824,0.5467935844679548,0.31775458463630224
82,mu,native,rest,0.009800347222222188,,,,135.0326010067502,0.20103324801920663,0.012903852513227466,0.5619495737975403,0.3092085156443397
83,beta,native,execution,0.00987745604607579,,,,346.7479401531978,0.15866437680780268,0.013231922398589011,0.4041615133141397,0.29275242453797806
83,beta,native,imagery,0.008802961722883544,,,,413.15118709853925,0.16889943385349238,0.011742294284611939,0.3963133408724754,0.2948325696733839
83,beta,native,rest,0.008378131200396773,,,,346.67412655661235,0.17385705910988594,0.011142888144841219,0.3720158639400106,0.2794089103485233
83,broadband,average,execution,0.016329123952821822,,,,,,,,
83,broadband,average,imagery,0.012621975584215118,,,,,,,,
83,broadband,average,rest,0.00804847676917984,,,,,,,,
83,broadband,native,execution,0.014029775683421472,0.11511589575066132,0.0015865437610228844,0.00029369212962957776,3696.804366531099,0.15571524176370402,0.0187792279817019,0.6511417369794156,0.3025870056674615
83,broadband,native,imagery,0.012201605902777721,0.10330767057980594,0.0013980172508817979,0.0002894035218253489,1986.1251829810788,0.15908965277196435,0.016278418485449687,0.6251211946019752,0.25855320180515684
83,broadband,native,rest,0.009419074487433808,0.08559487640542324,0.0010600611772486333,0.00020161623677245332,970.2600147089821,0.16960490963292993,0.01246744791666662,0.5605818271041829,0.22132547748360196
83,broadband,no_frontopolar,execution,0.013729356405585862,,,,,,,,
83,broadband,no_frontopolar,imagery,0.012117353521554299,,,,,,,,
83,broadband,no_frontopolar,rest,0.009579804189435293,,,,,,,,
83,mu,native,execution,0.010838414214065204,,,,322.6459075791721,0.2057385413664349,0.01422527763999114,0.6400450432439662,0.48303018273660975
83,mu,native,imagery,0.010244691771384429,,,,302.30768590074854,0.2050329401292921,0.01339354607583769,0.6271672429935652,0.4622072260788633
83,mu,native,rest,0.009428840112433822,,,,155.9032515568376,0.19977656721655682,0.01240198206018514,0.5521385914138255,0.3442131784405908
84,beta,native,execution,0.013546799217372079,,,,197.81468369795476,0.12920226589756525,0.01847234278549378,0.3488122656134464,0.2599541539611667
84,beta,native,imagery,0.012317449983465558,,,,168.9767598315344,0.13281330771406344,0.016803660989858856,0.3755283786000812,0.28150451950011357
84,beta,native,rest,0.010215670469576688,,,,179.03360262237703,0.14136734869607487,0.01388315352182534,0.30391454131867096,0.23554269560546795
84,broadband,average,execution,0.01040368027998232,,,,,,,,
84,broadband,average,imagery,0.008038711144179847,,,,,,,,
84,broadband,average,rest,0.006388888888888827,,,,,,,,
84,broadband,native,execution,0.011876498429232758,0.09820806809413576,0.001325885967813,0.00023899085096996888,3760.310308496831,0.14698095598681452,0.016107838679453215,0.39134303609034204,0.2982528591160767
84,broadband,native,imagery,0.00949887014991177,0.08429191468253963,0.001040030450837689,0.00018079323743382334,2082.7478817266847,0.15272815106357784,0.012802234898589022,0.37407404509738745,0.26508767181063453
84,broadband,native,rest,0.007380435681216874,0.0688323102678571,0.0007838334986772,0.00012323288690472422,2077.0220474381463,0.16656117931691378,0.009843594990079313,0.3211696045726719,0.2650988749317376
84,broadband,no_frontopolar,execution,0.011260302823315072,,,,,,,,
84,broadband,no_frontopolar,imagery,0.009363501821493576,,,,,,,,
84,broadband,no_frontopolar,rest,0.00739452413479048,,,,,,,,
84,mu,native,execution,0.009362065283289193,,,,233.40911911695315,0.18635601902218868,0.012509231701939995,0.4253094017928864,0.31916038887673637
84,mu,native,imagery,0.008972508129409121,,,,289.7805028587723,0.19869918065768238,0.011871141975308593,0.4478792186337526,0.3366406503904551
84,mu,native,rest,0.007127304480820047,,,,203.06704746812213,0.20058607890562616,0.00945860201719572,0.3789523172276619,0.24414800020250896
85,beta,native,execution,0.008201643794091667,,,,67.23640835694867,0.16124689833067027,0.010996972139550216,0.30663921140691197,0.2230996955443132
85,beta,native,imagery,0.008229941716269791,,,,80.1605073065781,0.16273855555835012,0.011019069664902952,0.3082914022068576,0.2327926267565747
85,beta,native,rest,0.008342737268518474,,,,103.36033213295653,0.16339679786351163,0.011164382853835926,0.3120507966946867,0.27261148392197526
85,broadband,average,execution,0.01920350735780418,,,,,,,,
85,broadband,average,imagery,0.010481099123677198,,,,,,,,
85,broadband,average,rest,0.016540436921296253,,,,,,,,
85,broadband,native,execution,0.017392181988536107,0.12832487668099646,0.0019311135912697976,0.0002927276234567467,1299.6529773506825,0.1307142925158529,0.023636532738095187,0.4589088615278796,0.2764677347194599
85,broadband,native,imagery,0.011501374421296244,0.09679045069995586,0.00124920772707226,0.00019381407076713778,494.48411846036623,0.13980879272004026,0.015598234953703653,0.3823774924078697,0.21942038108533832
85,broadband,native,rest,0.015163380456349159,0.11202344783399468,0.0017053158068782467,0.0002559730489417333,972.6892842745151,0.13468291235815263,0.020533647486772447,0.3705794064292706,0.2489694270051738
85,broadband,no_frontopolar,execution,0.01586723967820275,,,,,,,,
85,broadband,no_frontopolar,imagery,0.011051267455980522,,,,,,,,
85,broadband,no_frontopolar,rest,0.013899533242258594,,,,,,,,
85,mu,native,execution,0.008771546378968202,,,,60.00259688845854,0.17862145253838568,0.011737988453483202,0.3988306968139499,0.2769622792094463
85,mu,native,imagery,0.009373174327601362,,,,84.0601712590791,0.18299689637196032,0.0125399236662257,0.384707584821483,0.2965515227242373
85,mu,native,rest,0.007986421130952328,,,,100.32148659928134,0.20378196110851382,0.010579375413359746,0.4018216761818312,0.36887422155008476
86,beta,native,execution,0.015746062748015818,,,,220.23198328959128,0.14342943302677275,0.021119981123236285,0.4324089484181608,0.3083664759247322
86,beta,native,imagery,0.014441654265872968,,,,194.54718905404974,0.14989780184306206,0.019092072448192197,0.4378644414760181,0.31861719067834443
86,beta,native,rest,0.00852673404431212,,,,211.723821496999,0.16809854923302278,0.011295004546957626,0.37758966287028883,0.26437991576304953
86,broadband,average,execution,0.019684072558421466,,,,,,,,
86,broadband,average,imagery,0.02581237254739855,,,,,,,,
86,broadband,average,rest,0.014979642030423245,,,,,,,,
86,broadband,native,execution,0.026366601906966443,0.17250868055555554,0.003185384975749509,0.0005064518573632645,3368.664109688465,0.12181599267785148,0.03538931602733681,0.5210013455899146,0.33155488195753235
86,broadband,native,imagery,0.040376501873897665,0.2393350246638007,0.004947365520282129,0.00076232156635798,6159.017585108808,0.11007709956637149,0.05404711957120808,0.5921956703901414,0.42637514120361847
86,broadband,native,rest,0.021457971643518474,0.1494802517361111,0.0025739397321428133,0.00044105489417985334,2476.7709076712986,0.13032882346067595,0.028911055307539634,0.5044231040915647,0.29506103388954963
86,broadband,no_frontopolar,execution,0.02554341226472369,,,,,,,,
86,broadband,no_frontopolar,imagery,0.03927975106253789,,,,,,,,
86,broadband,no_frontopolar,rest,0.020590163934426187,,,,,,,,
86,mu,native,execution,0.01357383983686062,,,,200.47202248568198,0.16487281229916032,0.018198974178791842,0.49242683967421,0.3055852625817621
86,mu,native,imagery,0.016052500137786547,,,,239.13238925666215,0.1577227938104907,0.021499720982142808,0.5319052457370967,0.3300697315814956
86,mu,native,rest,0.009251612103174553,,,,175.67151379880912,0.19702139207572575,0.01216016658399466,0.4828747123359745,0.296501871295535
87,beta,native,execution,0.013600208746693071,,,,335.97843272964604,0.13068491840673307,0.01855620315255727,0.423738033172108,0.29936701294013374
87,beta,native,imagery,0.012074980020943519,,,,366.7132217896884,0.14100143849861613,0.01636863425925921,0.4056455494614049,0.27689353634542935
87,beta,native,rest,0.012526610036375613,,,,266.2924391363193,0.13670331866714866,0.016997199487433813,0.43820601186623687,0.28995034157112703
87,broadband,average,execution,0.009666263640872967,,,,,,,,
87,broadband,average,imagery,0.009354280340608421,,,,,,,,
87,broadband,average,rest,0.011180968915343887,,,,,,,,
87,broadband,native,execution,0.014002855627204538,0.1186571146108906,0.0015880421902556754,0.0003160824514990689,1428.6928119545594,0.12773205937373977,0.018990919863315647,0.5001075282470705,0.2200195622676096
87,broadband,native,imagery,0.013289534419091658,0.11335283013668425,0.0015204750881833734,0.00031413621582887557,1302.9463614678918,0.13067120667596596,0.018024226328262737,0.47395187052865834,0.19910303054065498
87,broadband,native,rest,0.01456225198412694,0.11720790963955022,0.0016545758928570933,0.00031663359788355996,2627.612252967481,0.13658904211943382,0.019757926173941745,0.5108876674362086,0.3093026727071571
87,broadband,no_frontopolar,execution,0.014241955069823871,,,,,,,,
87,broadband,no_frontopolar,imagery,0.013541742562234312,,,,,,,,
87,broadband,no_frontopolar,rest,0.014235371129326,,,,,,,,
87,mu,native,execution,0.010574725115740695,,,,321.68070915505456,0.192201275958801,0.01401468805114634,0.5552506999855472,0.3003083330288092
87,mu,native,imagery,0.010940979111551985,,,,338.58136638981534,0.182994061595855,0.014543392443783021,0.530730585550656,0.29393712469526717
87,mu,native,rest,0.00998620411706344,,,,239.3464072457353,0.1856040821623871,0.013252573164682487,0.5208932921487198,0.2694760115786549
89,beta,native,execution,0.013565737918765216,,,,9.38047359578209,0.12941910851430266,0.018402524396176685,0.44562850721629005,0.33224502766754127
89,beta,native,imagery,0.015082155257936455,,,,8.365287989304523,0.12325360609244188,0.020544343171296244,0.47434158640689433,0.3516291103683893
89,beta,native,rest,0.012825520833333288,,,,9.37997912320003,0.13005174620276647,0.017477523561507904,0.41611037966229997,0.31217814025390567
89,broadband,average,execution,0.011420549665178527,,,,,,,,
89,broadband,average,imagery,0.020650714423500825,,,,,,,,
89,broadband,average,rest,0.018202969990079313,,,,,,,,
89,broadband,native,execution,0.01589419559390257,0.1302356836414453,0.0018545744619962905,0.0003974812080280365,56.12555630417681,0.12638340221091185,0.02154485867864769,0.5495243570605334,0.24183999666842454
89,broadband,native,imagery,0.02208452174272482,0.15908525201168427,0.00259502108134916,0.0004924492945325777,112.67766244851666,0.11688305469469627,0.02987833443562606,0.6019608434287966,0.3069077803297574
89,broadband,native,rest,0.02049670345568779,0.1541768973214285,0.00244739996693116,0.0005341125165343467,87.35921557647067,0.10834648709672684,0.027932632688492005,0.5355317231460935,0.2873765436721743
89,broadband,no_frontopolar,execution,0.015810936843211384,,,,,,,,
89,broadband,no_frontopolar,imagery,0.020961255312689695,,,,,,,,
89,broadband,no_frontopolar,rest,0.0197065687613843,,,,,,,,
89,mu,native,execution,0.01113458617120721,,,,6.118244051667083,0.1853471818714808,0.014742620931585734,0.5778926362758605,0.2923288529513445
89,mu,native,imagery,0.012313109705687775,,,,6.982257248716678,0.17832836316591824,0.016389457258597834,0.5842351740441741,0.3061861977583025
89,mu,native,rest,0.010537781084656047,,,,6.902375231083033,0.18521712614102287,0.013933118386243334,0.5848785998645005,0.30351292771308014
90,beta,native,execution,0.014411444554673676,,,,224.97139951482885,0.12360942560100116,0.01962640886794527,0.4246532620128142,0.3097276935397779
90,beta,native,imagery,0.01327735752865956,,,,253.270482227577,0.1297840557329876,0.01805862130731918,0.42307121534716313,0.3121945698819068
90,beta,native,rest,0.013197751322751274,,,,291.2033397962336,0.1278864079722833,0.017998925264550214,0.41854143221583223,0.30397572111375176
90,broadband,average,execution,0.03514024953152552,,,,,,,,
90,broadband,average,imagery,0.03317362144510577,,,,,,,,
90,broadband,average,rest,0.03735077711640206,,,,,,,,
90,broadband,native,execution,0.024679938960537873,0.16934225846009696,0.0028894021439593866,0.0004920187114197045,3512.85297261199,0.10522816502083059,0.03349628320656962,0.6092654619176315,0.31747958605010723
90,broadband,native,imagery,0.025464754188712475,0.17257729828042326,0.002971488508597831,0.0005001653439152867,2989.523721757083,0.10082662584452652,0.03455126350308637,0.5873326507722362,0.2992494432841414
90,broadband,native,rest,0.027914806547619013,0.1822874813988095,0.0033341600529100133,0.0005806154927248266,5352.660895657691,0.09925609189769667,0.037746465773809475,0.5598317169149336,0.3438963938084322
90,broadband,no_frontopolar,execution,0.022660974499089208,,,,,,,,
90,broadband,no_frontopolar,imagery,0.0233556845780206,,,,,,,,
90,broadband,no_frontopolar,rest,0.02535854963570122,,,,,,,,
90,mu,native,execution,0.011940724206349158,,,,249.0231789105154,0.17592411822217488,0.015980868331128696,0.5842318696527103,0.31226318238561956
90,mu,native,imagery,0.010749782986111065,,,,284.0975521956235,0.19397187187783205,0.014205625826719527,0.6008686304437632,0.31966979908611876
90,mu,native,rest,0.0137679811507936,,,,310.0114242949624,0.1645647973916793,0.018511904761904716,0.5656745846153328,0.2973827871110466
91,beta,native,execution,0.015234598903218648,,,,435.44992043377584,0.13416255386763515,0.020514460703262734,0.5030474250908897,0.3466495622614179
91,beta,native,imagery,0.01603221106150789,,,,435.24873989914784,0.13296225750228644,0.021590401785714232,0.5442304291556201,0.3755023518866973
91,beta,native,rest,0.013018404844576652,,,,474.3764824299667,0.1434549430770388,0.017395471643518453,0.475945699571718,0.3442198599108982
91,broadband,average,execution,0.04068874352402994,,,,,,,,
91,broadband,average,imagery,0.04824070629409166,,,,,,,,
91,broadband,average,rest,0.04767242270171952,,,,,,,,
91,broadband,native,execution,0.036798993468915304,0.2279572103725749,0.004662663966049336,0.0007877948633156489,10556.669502649323,0.11831098219428007,0.04913557856591706,0.6815793746115472,0.4729067305856083
91,broadband,native,imagery,0.03999417851631388,0.23428411251653436,0.005132430142195717,0.0007786837246472177,8558.469386881483,0.11148745229196243,0.05312532724316573,0.6630855727764178,0.46159033737945365
91,broadband,native,rest,0.038447989004629576,0.2325857204861111,0.00486276455026452,0.00077458457341266,6320.997053700165,0.09160715563082542,0.05166795841600524,0.6263980646806613,0.41924372965442974
91,broadband,no_frontopolar,execution,0.036064985579842085,,,,,,,,
91,broadband,no_frontopolar,imagery,0.038614431542197895,,,,,,,,
91,broadband,no_frontopolar,rest,0.03678455145719485,,,,,,,,
91,mu,native,execution,0.016646084793871203,,,,419.3084314432089,0.17201325342000268,0.02205122905643735,0.6124796627485021,0.366433813691796
91,mu,native,imagery,0.015728546626984075,,,,392.83734091994086,0.1717458971466422,0.02081282035383593,0.6120688296717143,0.3638753226916602
91,mu,native,rest,0.01400731646825392,,,,281.55660992452937,0.17188478884818784,0.01858470775462958,0.5953655313940363,0.3248069675559103
93,beta,native,execution,0.011689763144841223,,,,39.893862511507294,0.14128131696666232,0.01578724371693117,0.43835761791731,0.29115466173731736
93,beta,native,imagery,0.012321308008156914,,,,40.776735420277646,0.13747754050460667,0.016671110284391485,0.43056993333346466,0.29105735428707674
93,beta,native,rest,0.011108734292328,,,,34.61361202402429,0.14133946211585802,0.015036220651454973,0.39069675700358114,0.2656929351244809
93,broadband,average,execution,0.01373975212191353,,,,,,,,
93,broadband,average,imagery,0.012374114721119881,,,,,,,,
93,broadband,average,rest,0.01383835565476186,,,,,,,,
93,broadband,native,execution,0.015394603587962923,0.11402099178791883,0.0018475632440475623,0.00031883818342146,773.7915909379483,0.14277153875693657,0.020539296737213355,0.47917234800592734,0.29447768718031625
93,broadband,native,imagery,0.013157638199955867,0.1022884286816578,0.0015296895667988887,0.00024929039902993333,473.12482411381006,0.14913013604492567,0.01754216269841265,0.47288885704055167,0.2669838645107232
93,broadband,native,rest,0.014534350198412647,0.10290478257275128,0.0017836474867724333,0.00025628306878301336,503.7028928304434,0.15064107960624393,0.019290829613095188,0.40988362919499455,0.2771454318765212
93,broadband,no_frontopolar,execution,0.014854489222829339,,,,,,,,
93,broadband,no_frontopolar,imagery,0.01282619914996959,,,,,,,,
93,broadband,no_frontopolar,rest,0.01374311247723128,,,,,,,,
93,mu,native,execution,0.009663215112433812,,,,49.72828393248555,0.1905897170838939,0.012754457396384426,0.4714241138313069,0.2724310856239044
93,mu,native,imagery,0.010997626625881793,,,,52.482586915352954,0.18045523353695983,0.01461621265983241,0.4656967154674814,0.296475349273434
93,mu,native,rest,0.008642113095238046,,,,46.197303681775836,0.1951089267271938,0.0114236627810846,0.4201692032661994,0.29791978689219584
94,beta,native,execution,0.007876553543871205,,,,251.84543094413425,0.1744339049250955,0.010434475584215125,0.37190060852610024,0.3032887432391832
94,beta,native,imagery,0.007356357473544923,,,,390.73422812368227,0.19005820112924138,0.009639619157848276,0.40378777292031987,0.3598773356187096
94,beta,native,rest,0.008893797536375607,,,,203.21401172333745,0.15808230623023994,0.011934213789682494,0.3249747422064022,0.23790171454859585
94,broadband,average,execution,0.016224785052909998,,,,,,,,
94,broadband,average,imagery,0.012658971285273326,,,,,,,,
94,broadband,average,rest,0.01785166583994705,,,,,,,,
94,broadband,native,execution,0.01838188588514104,0.1334376377865961,0.002115919863315642,0.00034518986992940665,3625.5444689017786,0.13535549700982785,0.024777112957451452,0.5308623391707912,0.25476909107084206
94,broadband,native,imagery,0.015345362103174555,0.11548242531966486,0.0017896928736771934,0.00030917589836856223,2480.264184340188,0.13558021631604725,0.020631286513447922,0.46278320973035236,0.24835534645693902
94,broadband,native,rest,0.02405666129298937,0.15841347346230156,0.0028531642691798404,0.00039475859788354664,3135.62369033137,0.12391819743984853,0.03235367063492059,0.4801845045396741,0.24905793625486966
94,broadband,no_frontopolar,execution,0.01680965391621125,,,,,,,,
94,broadband,no_frontopolar,imagery,0.014187993321189989,,,,,,,,
94,broadband,no_frontopolar,rest,0.022668829690346042,,,,,,,,
94,mu,native,execution,0.0077492731757054095,,,,316.2101018167821,0.2038507124164798,0.010151169119268031,0.45015166284159036,0.349794600134017
94,mu,native,imagery,0.007166900903880016,,,,537.3499697192694,0.2193859463160926,0.009269989390432047,0.4579792513560752,0.38840614783927757
94,mu,native,rest,0.0081805452215608,,,,254.7052465285535,0.20313739306254136,0.01079499421296292,0.42571956483907375,0.28094795274736717
95,beta,native,execution,0.014517781360229222,,,,492.4244160871705,0.139828371866019,0.01958095651455022,0.6061616714441133,0.3829360637007668
95,beta,native,imagery,0.012269982501102247,,,,587.3464706100244,0.1494289328096719,0.016510692239858852,0.5544028447167044,0.345771119054739
95,beta,native,rest,0.013779245205026401,,,,593.409051122827,0.1509541101990551,0.01854461185515868,0.5967471332227701,0.37679248623333605
95,broadband,average,execution,0.008448609044312117,,,,,,,,
95,broadband,average,imagery,0.009069974922839456,,,,,,,,
95,broadband,average,rest,0.009912832754629572,,,,,,,,
95,broadband,native,execution,0.020329861111111062,0.15854530078813928,0.0024512407682980024,0.0005751556988535666,4200.375178467214,0.13446913344377173,0.027255549355158688,0.7167879464075108,0.2738486694502589
95,broadband,native,imagery,0.019440414186507885,0.15385935088734562,0.0022696035879629156,0.00048104745370365555,5200.608598655209,0.14058690918049094,0.026135998815035224,0.7002048421282351,0.2755492086285549
95,broadband,native,rest,0.018415385251322705,0.14203331679894177,0.0021253926917989066,0.0004309792493385733,4348.874730213873,0.14264580133245994,0.024796575314153396,0.6715574835463214,0.2680967023288747
95,broadband,no_frontopolar,execution,0.020252163023679357,,,,,,,,
95,broadband,no_frontopolar,imagery,0.019435887219186352,,,,,,,,
95,broadband,no_frontopolar,rest,0.01826827185792342,,,,,,,,
95,mu,native,execution,0.013481850060626062,,,,537.2671264548225,0.19858009046185682,0.017633532434964676,0.7523977176565808,0.3810050849341155
95,mu,native,imagery,0.011970675567680734,,,,497.2496151935917,0.19265805664945834,0.01571984884810401,0.6802339393176736,0.3450997342478933
95,mu,native,rest,0.013009672619047574,,,,494.38552653790873,0.19088489367743888,0.017112475198412646,0.7052722087368826,0.37351988823368043
96,beta,native,execution,0.016346002810846513,,,,502.17777995778977,0.13639199511372413,0.02212663277116398,0.5542640776324725,0.3781939152096661
96,beta,native,imagery,0.014030826306216876,,,,442.0900236983566,0.14103280789975883,0.018975711667768916,0.5339237274818907,0.3507082165391404
96,beta,native,rest,0.012687768683862387,,,,319.2526426895041,0.13835883217151485,0.01721953538359782,0.48388529069821146,0.327560274212051
96,broadband,average,execution,0.02844049685846556,,,,,,,,
96,broadband,average,imagery,0.029632006448412643,,,,,,,,
96,broadband,average,rest,0.037177786044973495,,,,,,,,
96,broadband,native,execution,0.024835034997795366,0.1746597187775573,0.002809778714726582,0.0004581059854496933,8130.853266255976,0.11525176790344067,0.0338262304343033,0.5766625172470127,0.39060042132366496
96,broadband,native,imagery,0.02501250413359784,0.1690989790013227,0.002913204778439109,0.0004964967757936001,5956.591725553186,0.11177631865378729,0.03398976590057314,0.5554331885913354,0.3720963586724696
96,broadband,native,rest,0.034343326306216906,0.213618499917328,0.0040118117559523134,0.0006519717261904267,9820.755632943996,0.10744960951781762,0.046575727513227465,0.6012030736956875,0.4727186369187786
96,broadband,no_frontopolar,execution,0.023575060716454106,,,,,,,,
96,broadband,no_frontopolar,imagery,0.023265368852458963,,,,,,,,
96,broadband,no_frontopolar,rest,0.03262471539162108,,,,,,,,
96,mu,native,execution,0.015759789737654274,,,,471.35957568781566,0.15777507498821375,0.02128353381283064,0.5447701029398714,0.3420849314258473
96,mu,native,imagery,0.014620707947530816,,,,401.7067136505159,0.15676204467165367,0.01975739225088178,0.5477269481167417,0.3306002010698976
96,mu,native,rest,0.013876849785052853,,,,447.4142854852366,0.16421238263523305,0.01869228463955022,0.548132720921093,0.32047951098478344
97,beta,native,execution,0.012583171434082841,,,,195.15874415665954,0.14069880408583388,0.01707057084986768,0.4769994697958072,0.32824017712428566
97,beta,native,imagery,0.015393363508597832,,,,186.31641761005034,0.14212204546786367,0.020760823137125177,0.5073380883598909,0.35009849507967855
97,beta,native,rest,0.0107058118386243,,,,130.00438577803496,0.14728382426496406,0.014444496114417933,0.4451268229389597,0.30138442276128635
97,broadband,average,execution,0.018124689980158683,,,,,,,,
97,broadband,average,imagery,0.019380339230599595,,,,,,,,
97,broadband,average,rest,0.02006159060846556,,,,,,,,
97,broadband,native,execution,0.022319809578924113,0.1595403611386684,0.002632705715387964,0.0004921392746913111,6554.089067417837,0.14163278814330543,0.030079347856040523,0.6343924871428078,0.34123572357272064
97,broadband,native,imagery,0.024201423335537875,0.1649418023864638,0.0029720052083332888,0.0006116002535272934,3749.457290884818,0.12523002615708387,0.032604700589726573,0.5921688345751467,0.31577725347793123
97,broadband,native,rest,0.021093698330026413,0.1512553220072751,0.00241433118386238,0.0003989438657407,3527.480056206879,0.12721471947511376,0.028520171957671914,0.5629805633616681,0.3014279605749922
97,broadband,no_frontopolar,execution,0.021257361870066736,,,,,,,,
97,broadband,no_frontopolar,imagery,0.022842611566484466,,,,,,,,
97,broadband,no_frontopolar,rest,0.01932644581056462,,,,,,,,
97,mu,native,execution,0.01167772404100524,,,,232.3987401094267,0.17619439196014078,0.015656260333994657,0.534255727314535,0.3341623371376125
97,mu,native,imagery,0.011946683476631343,,,,204.89355718427518,0.18226274780310606,0.015924858079805957,0.5515586228468528,0.3298476481466144
97,mu,native,rest,0.009860852761243332,,,,162.06947246129081,0.18378087350749484,0.01311600942460312,0.5142110469275343,0.3021287271609408
98,beta,native,execution,0.011388561645723057,,,,33.54257804326658,0.15422885335250477,0.015330446704144567,0.4249608911195255,0.27263274631981554
98,beta,native,imagery,0.01052081611000878,,,,35.404095107526025,0.1607004585680169,0.014077484292327995,0.4059878342591462,0.25665353984895733
98,beta,native,rest,0.009456948578042274,,,,150.03641956057345,0.1666811132136964,0.01255823206018514,0.35348879321240284,0.2548166072667282
98,broadband,average,execution,0.011149932484567854,,,,,,,,
98,broadband,average,imagery,0.011645344190917055,,,,,,,,
98,broadband,average,rest,0.009902860449735413,,,,,,,,
98,broadband,native,execution,0.014022628003747746,0.115079330632716,0.0015830990961198824,0.0002868889164461578,169.27249221237153,0.14168209450007613,0.01881196952160489,0.5036279400605704,0.2777224565020395
98,broadband,native,imagery,0.014236645034171021,0.11742528521825395,0.0015910734953703178,0.00027963789682534885,180.59676030982575,0.14516787197041245,0.0191297743055555,0.528059639322737,0.3149099099029532
98,broadband,native,rest,0.011165002893518466,0.09423290757275127,0.0012408544146824867,0.00022073412698406,438.0219822652933,0.15155735570839218,0.01486250620039678,0.4116549490257307,0.20427901043752303
98,broadband,no_frontopolar,execution,0.014251442015786228,,,,,,,,
98,broadband,no_frontopolar,imagery,0.01456511839708556,,,,,,,,
98,broadband,no_frontopolar,rest,0.011427880236794126,,,,,,,,
98,mu,native,execution,0.018052575920414413,,,,62.00121810480105,0.16962453815910872,0.02403024071318337,0.525200834715865,0.4555832800978071
98,mu,native,imagery,0.01947725487764545,,,,87.30655612961947,0.1801308921597604,0.02589106591710754,0.5559212958790378,0.4997871055487893
98,mu,native,rest,0.00960916832010578,,,,129.47487637188442,0.20974901596235446,0.012535497271825354,0.4199894169960504,0.31619829790232895
99,beta,native,execution,0.018085334683641926,,,,736.6168622371598,0.11453615750517429,0.024702587632275085,0.45365510749341736,0.34441197134094104
99,beta,native,imagery,0.018073553929673674,,,,945.7969758783003,0.11961907428010567,0.024648850859788313,0.48563799039090466,0.368231891430986
99,beta,native,rest,0.018297732721560808,,,,574.2047873684728,0.11219392182425603,0.025011057374338574,0.4878176538275518,0.3637274362424047
99,broadband,average,execution,0.0101829633763227,,,,,,,,
99,broadband,average,imagery,0.011538146219135754,,,,,,,,
99,broadband,average,rest,0.010412481398809475,,,,,,,,
99,broadband,native,execution,0.019331252755731873,0.154967292906746,0.0022433552414020644,0.00048094411375656663,2162.638999810957,0.10624132135346866,0.026443814070767145,0.5080787285213119,0.2471590439184798
99,broadband,native,imagery,0.021023117146163967,0.16538356343694882,0.002420187114197482,0.0004922770612874333,2697.6015407886684,0.10167316294780102,0.028865706294091666,0.5259108537396098,0.26407585426041624
99,broadband,native,rest,0.023081907242063444,0.1766845444775132,0.0027089533730158266,0.0006054170800263999,1461.3714203547163,0.0956371229307577,0.031653542493386186,0.5179687504662429,0.2572922966735589
99,broadband,no_frontopolar,execution,0.01962109137826346,,,,,,,,
99,broadband,no_frontopolar,imagery,0.021298136763812942,,,,,,,,
99,broadband,no_frontopolar,rest,0.023625683060109252,,,,,,,,
99,mu,native,execution,0.01190598476080242,,,,571.1357856271037,0.18969698569641816,0.015722931823192197,0.5854626633857105,0.369925197340339
99,mu,native,imagery,0.013180493551587253,,,,582.2083258112617,0.18267159428718935,0.017441113453483197,0.5911319556498887,0.3659326387881815
99,mu,native,rest,0.014248563574735399,,,,500.89178970145207,0.17678158994544674,0.01895786830357137,0.625253676007662,0.37606354318438223
101,beta,native,execution,0.012660814180996427,,,,183.77402774114918,0.13323234732237546,0.017165988067680722,0.45470113615096064,0.3168328675064189
101,beta,native,imagery,0.012471374834656036,,,,210.98895922886084,0.1367026880366692,0.016844256365740697,0.4891933730564966,0.33084997929979504
101,beta,native,rest,0.013629557291666613,,,,197.54131590030926,0.1222630136638589,0.018562593005952324,0.41312198156350133,0.31427340966607115
101,broadband,average,execution,0.009640359760802407,,,,,,,,
101,broadband,average,imagery,0.007751512207892366,,,,,,,,
101,broadband,average,rest,0.006925326554232753,,,,,,,,
101,broadband,native,execution,0.012508112185846514,0.10151823605599643,0.0014279341655643266,0.00025473296957666226,1321.0343283148352,0.14379506253033217,0.01675831197641088,0.46775798771161425,0.2553456149937406
101,broadband,native,imagery,0.011067863343253916,0.0966496155753968,0.0012506372630070133,0.00024605241402111337,1068.4401047452864,0.1415907144578944,0.014877387152777727,0.4561905909877922,0.2350926536341308
101,broadband,native,rest,0.00934658151455022,0.08298549107142852,0.0010664682539682,0.00022156084656078668,1043.0040955608956,0.15367727474286152,0.0124399594907407,0.423979548297788,0.20713265699060684
101,broadband,no_frontopolar,execution,0.01231466302367937,,,,,,,,
101,broadband,no_frontopolar,imagery,0.011239184881602868,,,,,,,,
101,broadband,no_frontopolar,rest,0.0094911202185792,,,,,,,,
101,mu,native,execution,0.00987974674823628,,,,149.0681710276402,0.18378779922860872,0.013055142195767137,0.512317863468172,0.27809238960941307
101,mu,native,imagery,0.009411461777998195,,,,159.32293212392193,0.1910915050032146,0.012366932594797129,0.5308746531279134,0.27640589250309566
101,mu,native,rest,0.009265614666005253,,,,156.66834879021147,0.18839620279348482,0.012167658730158674,0.5091591983356268,0.2719052756253358
102,beta,native,execution,0.021870418595678967,,,,17.457550760929337,0.09839728219405695,0.030002462935405594,0.4930318335484772,0.40577136097070454
102,beta,native,imagery,0.02247161596119925,,,,17.669160413124178,0.09577972698167486,0.030805259314373855,0.486783865226713,0.4010652606120316
102,beta,native,rest,0.019284680886243355,,,,63.052022663332906,0.10109544513418954,0.02630528687169308,0.45834062318788027,0.3722493565115351
102,broadband,average,execution,0.013181836970899417,,,,,,,,
102,broadband,average,imagery,0.011583495232583719,,,,,,,,
102,broadband,average,rest,0.0101715959821428,,,,,,,,
102,broadband,native,execution,0.0227956728119488,0.17238124517746908,0.00263854442239854,0.0005084497630069978,106.49316182393264,0.10003843362912067,0.031098934220678977,0.5370607135726833,0.26429943573146886
102,broadband,native,imagery,0.021724313133818295,0.16882176959325393,0.0025504987874779067,0.0005410018463403355,96.22180829647861,0.10087547773329496,0.029660063244047574,0.544635952433841,0.2441655528093319
102,broadband,native,rest,0.018823888062169256,0.1510400132275132,0.002191840277777733,0.00045872602513223994,338.0750276410635,0.10585569896897899,0.025661892361111046,0.5164607001452347,0.2376640790009871
102,broadband,no_frontopolar,execution,0.022566920916818414,,,,,,,,
102,broadband,no_frontopolar,imagery,0.021738274134790472,,,,,,,,
102,broadband,no_frontopolar,rest,0.018935336976320542,,,,,,,,
102,mu,native,execution,0.013670686590608414,,,,19.526437829217908,0.177765177022669,0.01816351135361547,0.5855625929750515,0.34371681770134777
102,mu,native,imagery,0.014637759038800656,,,,21.9098150694492,0.17663523902099493,0.019518521963183374,0.5841865180746856,0.35332370121414775
102,mu,native,rest,0.014058469742063439,,,,59.77713335035948,0.162643374311257,0.018802238343253935,0.5355729662726171,0.3238530816612737
103,beta,native,execution,0.016959532076719522,,,,407.23109319970416,0.12113725733791313,0.023097149884259212,0.4837049703459869,0.3406013769428035
103,beta,native,imagery,0.017760433889991135,,,,389.28406028359547,0.11833006634793922,0.02421974895282182,0.4939706953120159,0.35358829821984145
103,beta,native,rest,0.015261966765872966,,,,353.9976417914914,0.12921882038857266,0.020709738756613704,0.5174409096729312,0.36861698813888893
103,broadband,average,execution,0.010662908537257444,,,,,,,,
103,broadband,average,imagery,0.011163831707451454,,,,,,,,
103,broadband,average,rest,0.011641658399470846,,,,,,,,
103,broadband,native,execution,0.019910059799382665,0.14861074942129626,0.002356684716710711,0.00047296971450612224,4130.415963352153,0.13238229644205746,0.02682076375110225,0.6047951779262609,0.2982355924147005
103,broadband,native,imagery,0.016869833002645454,0.13635101479828038,0.001978184937169262,0.00043242600859783113,2894.2631720261325,0.12514896046526058,0.022837766617063444,0.5815953012497651,0.27438944724262193
103,broadband,native,rest,0.015159246858465572,0.11800595238095234,0.0018234333664020734,0.0004031808035713867,3306.5479468308927,0.13053860503501577,0.020401940724206293,0.5172679645173381,0.2791817624335737
103,broadband,no_frontopolar,execution,0.01972688979963565,,,,,,,,
103,broadband,no_frontopolar,imagery,0.01682268897996352,,,,,,,,
103,broadband,no_frontopolar,rest,0.014505009107468086,,,,,,,,
103,mu,native,execution,0.012653649277998185,,,,751.0237010122145,0.1920294050555738,0.016651596257716,0.5975991356795918,0.4441159276967555
103,mu,native,imagery,0.011575658619929402,,,,714.9517593134125,0.19988346124476838,0.015211554095017586,0.5793967267997102,0.39946467828132154
103,mu,native,rest,0.0118843522652116,,,,459.52763504113057,0.18222371768295165,0.01571805762235446,0.5253791954582285,0.3188503424293564
104,beta,native,execution,0.011434100115740687,,,,106.96310541200181,0.16228795952525743,0.015252648947310349,0.5770294300621213,0.3579740730647136
104,beta,native,imagery,0.009895759519085359,,,,79.4722509758374,0.1676506182033197,0.013130502852182495,0.5260190448571734,0.3160564241795979
104,beta,native,rest,0.017923228753306833,,,,119.55026603081592,0.15142488227435844,0.0241910032242063,0.5366797240947662,0.3612769472943785
104,broadband,average,execution,0.01350413704254845,,,,,,,,
104,broadband,average,imagery,0.01053753749763789,,,,,,,,
104,broadband,average,rest,0.014756531084656032,,,,,,,,
104,broadband,native,execution,0.016546189511684246,0.13371765459656082,0.0019231047453703157,0.0004086922674161733,1965.744243406912,0.14394302560679523,0.022333105985449686,0.6242238592776768,0.2675359350863321
104,broadband,native,imagery,0.012550802656131843,0.1046274521093159,0.0014190789162886808,0.0002783719824734929,663.2067591319776,0.1494255284705838,0.016846994874338585,0.5288755380518076,0.2358195232428441
104,broadband,native,rest,0.025939360119047555,0.16687241650132273,0.0031075872189153,0.0005349909060846133,2086.5452852881267,0.13586375514885843,0.035009507275132225,0.5918836681091084,0.2877353671415247
104,broadband,no_frontopolar,execution,0.015946436703096492,,,,,,,,
104,broadband,no_frontopolar,imagery,0.012122284022898727,,,,,,,,
104,broadband,no_frontopolar,rest,0.02599248633879776,,,,,,,,
104,mu,native,execution,0.011436459711199245,,,,190.63813246726178,0.19960492446850647,0.015007078786375614,0.6120191961784878,0.32467188444092115
104,mu,native,imagery,0.008988730040627311,,,,107.37610502801206,0.20743639706916742,0.011730504918981439,0.5502487431215035,0.299547963769101
104,mu,native,rest,0.018251229745370325,,,,204.11485993567368,0.16954239520616704,0.024523706183862386,0.5943873615712073,0.37009177987040065
105,beta,native,execution,0.01719702449845674,,,,58.46123426683263,0.14996430940944555,0.02226677896274246,0.4929351235784841,0.32855728873318857
105,beta,native,imagery,0.011735198274911762,,,,58.800932798009136,0.1518237327360635,0.015798593887786545,0.4755771227437504,0.3111852516242842
105,beta,native,rest,0.009773530505952328,,,,75.72839431024468,0.1627930793248839,0.013023416832010542,0.46457349856071356,0.3114209624906362
105,broadband,average,execution,0.01998126102292764,,,,,,,,
105,broadband,average,imagery,0.01627564553020278,,,,,,,,
105,broadband,average,rest,0.013573392030423233,,,,,,,,
105,broadband,native,execution,0.027364504106040525,0.1673635395998677,0.003913845486111058,0.0006382619598764888,1438.6116496698673,0.11791198677038929,0.03625945560515868,0.579623843515345,0.25585920809603047
105,broadband,native,imagery,0.019806358162477906,0.14512466242283947,0.0022436135912698,0.0003793953924161711,972.5987905074202,0.12453370277323987,0.026894703483245103,0.5576190927139874,0.24157774660103754
105,broadband,native,rest,0.015389953290343867,0.12036649512235445,0.0017179749503967799,0.00030681630290998666,724.9154283895424,0.1338331006012984,0.020837105241402087,0.5033170296430037,0.23004308799141082
105,broadband,no_frontopolar,execution,0.026575705828779553,,,,,,,,
105,broadband,no_frontopolar,imagery,0.019156268973891874,,,,,,,,
105,broadband,no_frontopolar,rest,0.01478568989071034,,,,,,,,
105,mu,native,execution,0.01748570464065251,,,,115.58909860874594,0.17231100533219115,0.022564398010361503,0.5445001317070909,0.3263940930305204
105,mu,native,imagery,0.011115193039021112,,,,117.83544255240439,0.1837648489955959,0.014826027199074023,0.5363102666731402,0.3184169771217785
105,mu,native,rest,0.009329892113095194,,,,95.90267817327909,0.1946789658094671,0.01230975115740736,0.4954355221171239,0.31518691448174674
106,beta,native,execution,0.009266751405423233,,,,190.1891985155857,0.1559113067263184,0.012435309193121647,0.3645976141382824,0.24793162170483105
106,beta,native,imagery,0.009182581018518472,,,,181.8834411779006,0.1588534762918957,0.01231838004298937,0.3679935555382747,0.24499197424580205
106,beta,native,rest,0.008894159226190433,,,,183.99928889955828,0.15682650638390971,0.011918764467592553,0.3509977752599948,0.23355877623481794
106,broadband,average,execution,0.013288724922839461,,,,,,,,
106,broadband,average,imagery,0.012959638861331526,,,,,,,,
106,broadband,average,rest,0.016233207258597847,,,,,,,,
106,broadband,native,execution,0.014977024085096952,0.114769138558201,0.0016845444775131755,0.00027035452491176444,2116.7212872466407,0.1352440327505507,0.020223558752204537,0.4698513637298976,0.25174268870970157
106,broadband,native,imagery,0.01453540082120807,0.11181595844356258,0.0016534219301145912,0.0002762449018959,2004.5437219998014,0.13641619874128105,0.019628251763668374,0.460298798601176,0.2578779833115422
106,broadband,native,rest,0.018389705274470855,0.1300592137896825,0.0022254257605819534,0.00044281167328036667,2305.789104199628,0.11896403661608618,0.024817346643518468,0.46836860012192744,0.2582944586283731
106,broadband,no_frontopolar,execution,0.013958655889496005,,,,,,,,
106,broadband,no_frontopolar,imagery,0.013600125227686652,,,,,,,,
106,broadband,no_frontopolar,rest,0.016759562841530014,,,,,,,,
106,mu,native,execution,0.010327191495811246,,,,309.9634474538866,0.18160808495323602,0.01381053998567015,0.4323649163192815,0.31607845135510915
106,mu,native,imagery,0.011406938932980545,,,,367.84134295474774,0.18369398250198543,0.015284167631172796,0.43456911911975454,0.3340197502003781
106,mu,native,rest,0.0109349165013227,,,,322.0020451913723,0.17597767181547033,0.01462477265211636,0.4500747514210129,0.33974935621610597
107,beta,native,execution,0.043300212880290956,,,,379.12305522571233,0.08140094463824012,0.05936023961089061,0.5726161722473595,0.49350331930023844
107,beta,native,imagery,0.04652285190696644,,,,321.32166506765464,0.07787896362084326,0.0637555631338183,0.5637550170952303,0.4871725586849255
107,beta,native,rest,0.050661117311507894,,,,233.5228590239287,0.07314478327908348,0.0695143022486772,0.6227172206011186,0.5557814016883371
107,broadband,average,execution,0.01089993592923276,,,,,,,,
107,broadband,average,imagery,0.010073474702380897,,,,,,,,
107,broadband,average,rest,0.008888578869047573,,,,,,,,
107,broadband,native,execution,0.021525607638888836,0.170062641231261,0.0025446945271163533,0.0005732955798059467,2756.8105700228034,0.11391912450019977,0.029218973903218644,0.6206459173553057,0.30120277549171115
107,broadband,native,imagery,0.021187444885361503,0.168691440696649,0.0024872547398588577,0.0005469266699735044,1701.6549289505663,0.1057475120853218,0.02886012593694881,0.5947946860433162,0.282231294922903
107,broadband,native,rest,0.021498894262566084,0.17488172743055552,0.0026462776951057666,0.00070849867724862,1588.5024864667253,0.10744245482594027,0.029190279844576658,0.7038769025634056,0.2929038979774116
107,broadband,no_frontopolar,execution,0.021904561323618652,,,,,,,,
107,broadband,no_frontopolar,imagery,0.02150660291438975,,,,,,,,
107,broadband,no_frontopolar,rest,0.021798611111111046,,,,,,,,
107,mu,native,execution,0.01844015239197526,,,,462.06447009923875,0.17222045382711978,0.024407862103174555,0.6556232606343184,0.40834804853362244
107,mu,native,imagery,0.01892962205136679,,,,390.8463341932373,0.16489829335721481,0.025243417245370325,0.6452223941040109,0.4048795799979547
107,mu,native,rest,0.015581597222222167,,,,372.57717903885947,0.18114740937852042,0.020465184771825348,0.6749629512428332,0.436809607219914
108,beta,native,execution,0.013850601438492014,,,,276.2880250503013,0.13149735867278997,0.018829554535934694,0.43199145497801705,0.32452305841855433
108,beta,native,imagery,0.012816065228174559,,,,361.3802665307659,0.13641617370186204,0.017407269620811235,0.40236069126151564,0.306982129270581
108,beta,native,rest,0.01619202628968249,,,,139.0088328851257,0.11390639197297746,0.02214063533399466,0.4730512778230468,0.34732818771145396
108,broadband,average,execution,0.0260723241843033,,,,,,,,
108,broadband,average,imagery,0.02304069182649907,,,,,,,,
108,broadband,average,rest,0.04665080398478831,,,,,,,,
108,broadband,native,execution,0.02742638751102288,0.1796992635306437,0.0032372788525131843,0.00050481564153434,3967.295408903204,0.12068525590899386,0.03683025380291,0.585351385334869,0.3602593526632375
108,broadband,native,imagery,0.024135836915784786,0.1652715084876543,0.0028434847608024205,0.00046723434744262883,4092.279182771123,0.12246054624134953,0.032503100198412654,0.5645477382774658,0.33022946331611436
108,broadband,native,rest,0.048756303736772436,0.26833245494378305,0.006078817377645446,0.00093098958333328,4865.387239369966,0.08260620962635974,0.06504066426917984,0.6000129635220034,0.4583061318911467
108,broadband,no_frontopolar,execution,0.025901240892531836,,,,,,,,
108,broadband,no_frontopolar,imagery,0.02282185412871884,,,,,,,,
108,broadband,no_frontopolar,rest,0.045240664845173,,,,,,,,
108,mu,native,execution,0.011553096064814763,,,,220.80865707001314,0.18274088376948572,0.01536718405533504,0.540872657651839,0.3038180360374102
108,mu,native,imagery,0.011811135912698362,,,,277.21701879741545,0.18085279526185025,0.015805379877645458,0.48857190564671044,0.3200795409502062
108,mu,native,rest,0.014676959325396765,,,,237.1373394907666,0.16809303770961412,0.019775752314814765,0.5339345990617714,0.3423069538256714
109,beta,native,execution,0.01048010017085533,,,,316.2767175353721,0.1532770819082863,0.014041108630952327,0.3964283489207211,0.2721145391317001
109,beta,native,imagery,0.00942832341269836,,,,298.67674425592423,0.15558222660492113,0.012668943590167495,0.38541573070711777,0.27275621975738146
109,beta,native,rest,0.013059430803571375,,,,328.78143527381263,0.16337181749738874,0.016208509011243332,0.36921045299135724,0.24250876271077246
109,broadband,average,execution,0.011361314346340341,,,,,,,,
109,broadband,average,imagery,0.011243196786816522,,,,,,,,
109,broadband,average,rest,0.012663742146163967,,,,,,,,
109,broadband,native,execution,0.012851114693562569,0.1029772927689594,0.0014231977513227045,0.00022219810956785555,2092.2719506015355,0.1446217803287652,0.017352275545634878,0.4636901137439308,0.2697775107868554
109,broadband,native,imagery,0.012735821759259212,0.10041089685295411,0.0014377170138888356,0.00023201540454139332,1908.7337600187489,0.14298309654371322,0.0171417204034391,0.43885831332125413,0.25528169468837186
109,broadband,native,rest,0.01352678571428564,0.10414057333002642,0.0015360966435184601,0.00022770957341265998,2350.822203994009,0.14033292267463732,0.01827727141203699,0.44601908557547637,0.25080069464806365
109,broadband,no_frontopolar,execution,0.012042539465695152,,,,,,,,
109,broadband,no_frontopolar,imagery,0.011685526715239784,,,,,,,,
109,broadband,no_frontopolar,rest,0.012461008652094667,,,,,,,,
109,mu,native,execution,0.008874714092813003,,,,307.6759550061151,0.19223233464189768,0.01176156718474423,0.45464573988212525,0.28084237071304
109,mu,native,imagery,0.008455067791005228,,,,294.7869144125699,0.19062202205190712,0.011217034556878256,0.46313556514445325,0.30095022800562415
109,mu,native,rest,0.010811166914682506,,,,329.82049191342344,0.19683681975451114,0.013970475777116338,0.45790697274692616,0.2732561878598885
